Language,original,english,czech,german,russian,polish,hungarian,italian,spanish,french,chinese,japanese,portuguese,chinesesimp,
STR_COT_CAMERA_MODULE_BLUR,Blur:,Blur:,Rozmazání:,Weichzeichner:,Размытие:,Rozmycie:,Elmosódás:,Sfocatura:,Desenfoque:,Flou:,模糊:,ぼかし:,Desfoque:,模糊:,
STR_COT_CAMERA_MODULE_EXPOSURE,Exposure:,Exposure:,Expozice:,Belichtung:,Экспозиция:,Ekspozycja:,Expozíció:,Esposizione:,Exposición:,Exposition:,曝光:,露出:,Exposição:,曝光:,
STR_COT_CAMERA_MODULE_FOCAL_LENGTH,Focal (L):,Focal (L):,Ohnisková vzdálenost (L):,Brennweite (L):,Фокусное расстояние (Д):,Ogniskowa (D):,Fókusz (L):,Focale (L):,Focal (L):,Focal (L):,焦距 (L):,焦点距離 (L):,Focal (L):,焦距 (L):,
STR_COT_CAMERA_MODULE_FOCAL_NEAR,Focal (N):,Focal (N):,Ohnisková vzdálenost (N):,Brennweite (N):,Фокусное расстояние (Б):,Ogniskowa (B):,Fókusz (N):,Focale (N):,Focal (N):,Focal (N):,焦距 (N):,焦点距離 (N):,Focal (N):,焦距 (N):,
STR_COT_CAMERA_MODULE_FOCUS,Focus:,Focus:,Zaostření:,Fokus:,Фокус:,Ostrość:,Fókusz:,Fuoco:,Enfoque:,Focus:,焦點:,フォーカス:,Foco:,焦点:,
STR_COT_CAMERA_MODULE_NAME,Camera Tools,Camera Tools,Nástroje kamery,Kamera-Werkzeuge,Камера,Narzędzia Kamery,Kamera Eszközök,Strumenti Camera,Herramientas de Cámara,Outils Caméra,相機工具,カメラツール,Ferramentas da Câmera,相机工具,
STR_COT_CAMERA_MODULE_CHROM_ABB,Chrom Abb:,Chrom Abb:,Chrom Abb:,Chrom Abb:,Хром. аберр.:,Aber. Chrom.:,Krom. Abb.:,Aber. Crom.:,Aber. Crom.:,Aber. Chrom.:,色差:,色収差:,Aber. Crom.:,色差:,
STR_COT_CAMERA_MODULE_VIGNETTE,Vignette:,Vignette:,Vignetace:,Vignette:,Виньетка:,Winietowanie:,Vignetta:,Vignettatura:,Viñeta:,Vignette:,暗角:,ビネット:,Vinheta:,暗角:,
STR_COT_CAMERA_MODULE_SPEED,Speed:,Speed:,Rychlost:,Geschwindigkeit:,Скорость:,Prędkość:,Sebesség:,Velocità:,Velocidad:,Vitesse:,速度:,速度:,Velocidade:,速度:,
STR_COT_CAMERA_MODULE_FOV,FOV:,FOV:,Zorné pole:,Sichtfeld:,Угол обзора:,Pole Widzenia:,Látótér:,Campo Visivo:,Campo Visual:,Champ de Vision:,視野:,視野角:,Campo Visual:,视野:,
STR_COT_CAMERA_MODULE_FULLMAP_UPDATE,Enable fullmap freecam update,Enable fullmap freecam update,Povolit aktualizaci polohy na celé mapě,Vollkarte-Freicam aktualisieren,Включить обновление на полной карте,Włącz aktualizację pełnej mapy,Teljes térkép frissítés engedélyezése,Abilita aggiornamento mappa completa,Activar actualización mapa completo,Activer mise à jour carte complète,啟用全地圖自由視角更新,フルマップフリーカム更新を有効化,Ativar atualização mapa completo,启用全地图自由镜头更新,
STR_COT_CAMERA_MODULE_HIDE_SCOPE,Hide scope in 1st person ADS,Hide scope in 1st person ADS,Skrýt zaměřovač v 1. os.,Zielfernrohr in 1. Person ausblenden,Скрыть прицел от 1-го лица,Ukryj lunetę w 1. osobie,1. személyű ADS távcső elrejtése,Nascondi mirino in prima persona,Ocultar mira en 1ª persona,Masquer la lunette en 1ère personne,隱藏第一人稱ADS瞄準鏡,1人称ADSのスコープを隠す,Ocultar mira em 1ª pessoa,隐藏第一人称ADS瞄准镜,
STR_COT_CAMERA_MODULE_HIDE_GRASS,Hide grass in freecam,Hide grass in freecam,Skrýt trávu ve volné kameře,Gras im Freicam ausblenden,Скрыть траву в свободной камере,Ukryj trawę w freecamie,Fű elrejtése szabad kamerában,Nascondi erba in freecam,Ocultar hierba en freecam,Masquer l'herbe en freecam,在自由視角中隱藏草,フリーカムで草を隠す,Ocultar grama no freecam,在自由镜头中隐藏草,
STR_COT_CAMERA_MODULE_RESET_EFFECTS,Reset Effects,Reset Effects,Obnovit efekty,Effekte zurücksetzen,Сбросить эффекты,Zresetuj efekty,Effektek visszaállítása,Reimposta Effetti,Restablecer Efectos,Réinitialiser les effets,重置效果,エフェクトをリセット,Redefinir Efeitos,重置效果,
STR_COT_CAMERA_MODULE_LOOK_AT_OBJECT,Look at Object,Look at Object,Dívat se na objekt,Objekt ansehen,Смотреть на объект,Patrz na obiekt,Nézz az objektumra,Guarda Oggetto,Mirar Objeto,Regarder l'objet,注視物件,オブジェクトを見る,Olhar para Objeto,注视物体,
STR_COT_CAMERA_MODULE_TRAVEL_TIME,Time:,Time:,Čas:,Zeit:,Время:,Czas:,Idő:,Tempo:,Tiempo:,Temps:,時間:,時間:,Tempo:,时间:,
STR_COT_CAMERA_MODULE_SMOOTH,Smooth,Smooth,Plynulé,Glatt,Плавно,Płynnie,Sima,Morbido,Suave,Doux,平滑,スムーズ,Suave,平滑,
STR_COT_CAMERA_MODULE_POSITION,Position:,Position:,Poloha:,Position:,Позиция:,Pozycja:,Pozíció:,Posizione:,Posición:,Position:,位置:,位置:,Posição:,位置:,
STR_COT_CAMERA_MODULE_SET,Set,Set,Nastavit,Setzen,Установить,Ustaw,Beállít,Imposta,Establecer,Définir,設定,セット,Definir,设置,
STR_COT_CAMERA_MODULE_COPY,Copy,Copy,Kopírovat,Kopieren,Копировать,Kopiuj,Másolás,Copia,Copiar,Copier,複製,コピー,Copiar,复制,
STR_COT_CAMERA_MODULE_PASTE,Paste,Paste,Vložit,Einfügen,Вставить,Wklej,Beillesztés,Incolla,Pegar,Coller,貼上,貼り付け,Colar,粘贴,
STR_COT_CAMERA_MODULE_ADD_WAYPOINT,Add Waypoint,Add Waypoint,Přidat bod trasy,Wegpunkt hinzufügen,Добавить точку,Dodaj Punkt Trasy,Útpont hozzáadása,Aggiungi Punto,Añadir Punto de Ruta,Ajouter un point,新增路徑點,ウェイポイントを追加,Adicionar Ponto,添加路径点,
STR_COT_CAMERA_MODULE_CLEAR_WAYPOINTS,Clear Waypoints,Clear Waypoints,Vymazat body trasy,Wegpunkte löschen,Очистить точки,Wyczyść Punkty Trasy,Útpontok törlése,Cancella Punti,Borrar Puntos de Ruta,Effacer les points,清除路徑點,ウェイポイントをクリア,Limpar Pontos,清除路径点,
STR_COT_CAMERA_MODULE_TRAVEL_START,Travel through Positions,Travel through Positions,Pohybovat se přes body,Durch Positionen reisen,Пройти по точкам,Podróżuj Przez Pozycje,Pozíciókon átutazás,Viaggia attraverso Posizioni,Viajar a través de Posiciones,Voyager à travers les positions,依路徑點移動,位置を巡る,Viajar pelas Posições,沿路径点移动,
STR_COT_CAMERA_MODULE_3RD_DEFAULT,Spectator camera: 3rd Person - Default,Spectator camera: 3rd Person - Default,Kamera diváka: 3. osoba - výchozí,Zuschauerkamera: 3. Person - Standard,Камера зрителя: 3-е лицо - Стандарт,Kamera widza: 3 osoba - domyślna,Néző kamera: 3. személy - Alapértelmezett,Camera spettatore: 3a Persona - Default,Cámara espectador: 3ª Persona - Predeterminada,Caméra spectateur: 3ème personne - Défaut,觀察者視角: 第三人稱 - 預設,観客カメラ: 三人称 - デフォルト,Câmera espectador: 3ª Pessoa - Padrão,观察者视角: 第三人称 - 默认,
STR_COT_CAMERA_MODULE_3RD_DOLLY,Spectator camera: 3rd Person - Dolly,Spectator camera: 3rd Person - Dolly,Kamera diváka: 3. osoba - dolly,Zuschauerkamera: 3. Person - Dolly,Камера зрителя: 3-е лицо - Тележка,Kamera widza: 3 osoba - dolly,Néző kamera: 3. személy - Dolly,Camera spettatore: 3a Persona - Dolly,Cámara espectador: 3ª Persona - Dolly,Caméra spectateur: 3ème personne - Dolly,觀察者視角: 第三人稱 - 推軌,観客カメラ: 三人称 - ドリー,Câmera espectador: 3ª Pessoa - Dolly,观察者视角: 第三人称 - 推轨,
STR_COT_CAMERA_MODULE_3RD_AUTO,Spectator camera: 3rd Person - Auto,Spectator camera: 3rd Person - Auto,Kamera diváka: 3. osoba - auto,Zuschauerkamera: 3. Person - Auto,Камера зрителя: 3-е лицо - Авто,Kamera widza: 3 osoba - auto,Néző kamera: 3. személy - Auto,Camera spettatore: 3a Persona - Auto,Cámara espectador: 3ª Persona - Auto,Caméra spectateur: 3ème personne - Auto,觀察者視角: 第三人稱 - 自動,観客カメラ: 三人称 - 自動,Câmera espectador: 3ª Pessoa - Auto,观察者视角: 第三人称 - 自动,
STR_COT_CAMERA_MODULE_3RD_1ST,Spectator camera: 1st Person,Spectator camera: 1st Person,Kamera diváka: 1. osoba,Zuschauerkamera: 1. Person,Камера зрителя: 1-е лицо,Kamera widza: 1 osoba,Néző kamera: 1. személy,Camera spettatore: 1a Persona,Cámara espectador: 1ª Persona,Caméra spectateur: 1ère personne,觀察者視角: 第一人稱,観客カメラ: 一人称,Câmera espectador: 1ª Pessoa,观察者视角: 第一人称,
STR_COT_CAMERA_MODULE_SHAKE_INTENSITY,Shake:,Shake:,Třesení:,Schütteln:,Дрожание:,Drżenie:,Rázás:,Scuotimento:,Sacudida:,Tremblement:,抖動:,シェイク:,Sacudida:,抖动:,
STR_COT_CAMERA_MODULE_SHAKE_FREQUENCY,Shake Hz:,Shake Hz:,Frekvence třesení:,Schüttelfrequenz:,Частота дрожания:,Częstotliwość drżenia:,Rázás Hz:,Frequenza scuotimento:,Frec. sacudida:,Fréquence tremblement:,抖動頻率:,シェイク周波数:,Freq. sacudida:,抖动频率:,
STR_COT_CAMERA_MODULE_CAPTURE_ORIENT,Lock look direction,Lock look direction,Uzamknout směr pohledu,Blickrichtung sperren,Зафиксировать направление взгляда,Zablokuj kierunek spojrzenia,Nézési irány rögzítése,Blocca direzione sguardo,Bloquear dirección de visión,Verrouiller direction du regard,鎖定視線方向,視線方向をロック,Bloquear direção do olhar,锁定视线方向,
STR_COT_CAMERA_MODULE_SAVED_PATHS,Saved Paths:,Saved Paths:,Uložené trasy:,Gespeicherte Pfade:,Сохранённые маршруты:,Zapisane Trasy:,Mentett útvonalak:,Percorsi Salvati:,Rutas Guardadas:,Trajets sauvegardés:,已儲存路徑:,保存されたパス:,Caminhos Salvos:,已保存路径:,
STR_COT_CAMERA_MODULE_PATH_NAME,Name:,Name:,Název:,Name:,Название:,Nazwa:,Név:,Nome:,Nombre:,Nom:,名稱:,名前:,Nome:,名称:,
STR_COT_CAMERA_MODULE_PATH_SAVE,Save Path,Save Path,Uložit trasu,Pfad speichern,Сохранить маршрут,Zapisz Trasę,Útvonal mentése,Salva Percorso,Guardar Ruta,Sauvegarder le trajet,儲存路徑,パスを保存,Salvar Caminho,保存路径,
STR_COT_CAMERA_MODULE_PATH_LOAD,Load Path,Load Path,Načíst trasu,Pfad laden,Загрузить маршрут,Załaduj Trasę,Útvonal betöltése,Carica Percorso,Cargar Ruta,Charger le trajet,載入路徑,パスを読み込む,Carregar Caminho,加载路径,
STR_COT_CAMERA_MODULE_PATH_DELETE,Delete Path,Delete Path,Smazat trasu,Pfad löschen,Удалить маршрут,Usuń Trasę,Útvonal törlése,Elimina Percorso,Eliminar Ruta,Supprimer le trajet,刪除路徑,パスを削除,Excluir Caminho,删除路径,
STR_COT_CAMERA_MODULE_PATH_SAVED,Path '%1' saved.,Path '%1' saved.,Trasa '%1' uložena.,Pfad '%1' gespeichert.,Маршрут '%1' сохранён.,Trasa '%1' zapisana.,A '%1' útvonal mentve.,Percorso '%1' salvato.,Ruta '%1' guardada.,Trajet '%1' sauvegardé.,路徑 '%1' 已儲存。,パス '%1' が保存されました。,Caminho '%1' salvo.,路径 '%1' 已保存。,
STR_COT_CAMERA_MODULE_PATH_LOADED,Path '%1' loaded.,Path '%1' loaded.,Trasa '%1' načtena.,Pfad '%1' geladen.,Маршрут '%1' загружен.,Trasa '%1' załadowana.,A '%1' útvonal betöltve.,Percorso '%1' caricato.,Ruta '%1' cargada.,Trajet '%1' chargé.,路徑 '%1' 已載入。,パス '%1' が読み込まれました。,Caminho '%1' carregado.,路径 '%1' 已加载。,
STR_COT_CAMERA_MODULE_BOOKMARKS,Bookmarks:,Bookmarks:,Záložky:,Lesezeichen:,Закладки:,Zakładki:,Könyvjelzők:,Segnalibri:,Marcadores:,Signets:,書籤:,ブックマーク:,Favoritos:,书签:,
STR_COT_CAMERA_MODULE_BOOKMARK_NAME,Name:,Name:,Název:,Name:,Название:,Nazwa:,Név:,Nome:,Nombre:,Nom:,名稱:,名前:,Nome:,名称:,
STR_COT_CAMERA_MODULE_BOOKMARK_SAVE,Save Here,Save Here,Uložit sem,Hier speichern,Сохранить здесь,Zapisz tutaj,Mentés ide,Salva Qui,Guardar Aquí,Sauvegarder ici,儲存至此,ここに保存,Salvar Aqui,保存到此,
STR_COT_CAMERA_MODULE_BOOKMARK_TELEPORT,Teleport,Teleport,Teleportovat,Teleportieren,Телепорт,Teleportuj,Teleportálás,Teletrasporta,Teleportar,Téléporter,傳送,テレポート,Teleportar,传送,
STR_COT_CAMERA_MODULE_BOOKMARK_DELETE,Delete,Delete,Smazat,Löschen,Удалить,Usuń,Törlés,Elimina,Eliminar,Supprimer,刪除,削除,Excluir,删除,
STR_COT_CAMERA_MODULE_BOOKMARK_SAVED,Bookmark '%1' saved.,Bookmark '%1' saved.,Záložka '%1' uložena.,Lesezeichen '%1' gespeichert.,Закладка '%1' сохранена.,Zakładka '%1' zapisana.,A '%1' könyvjelző mentve.,Segnalibro '%1' salvato.,Marcador '%1' guardado.,Signet '%1' sauvegardé.,書籤 '%1' 已儲存。,ブックマーク '%1' が保存されました。,Favorito '%1' salvo.,书签 '%1' 已保存。,
STR_COT_NOTIFICATION_RATE_LIMITED,You are sending requests too fast. Please slow down.,You are sending requests too fast. Please slow down.,Odesíláte požadavky příliš rychle. Zpomalte.,Sie senden Anfragen zu schnell. Bitte langsamer.,"Вы отправляете запросы слишком быстро. Пожалуйста, замедлитесь.",Wysyłasz żądania zbyt szybko. Proszę zwolnić.,"Túl gyorsan küld kérelmeket. Kérem, lassítson.",Stai inviando richieste troppo velocemente. Rallenta.,"Estás enviando solicitudes demasiado rápido. Por favor, ve más despacio.",Vous envoyez des requêtes trop rapidement. Veuillez ralentir.,您發送請求的速度太快，請放慢速度。,リクエストの送信が速すぎます。速度を落としてください。,"Você está enviando solicitações rápido demais. Por favor, diminua a velocidade.",您发送请求的速度太快，请放慢速度。,
STR_COT_CAMERA_TAB_EFFECTS,Effects,Effects,Efekty,Effekte,Эффекты,Efekty,Effektek,Effetti,Efectos,Effets,效果,エフェクト,Efeitos,效果,
STR_COT_CAMERA_TAB_TRAVELING,Traveling,Traveling,Cestování,Reisen,Путешествие,Podróż,Utazás,Viaggio,Viaje,Déplacement,移動,移動,Viagem,移动,
STR_COT_CAMERA_TAB_BOOKMARKS,Bookmarks,Bookmarks,Záložky,Lesezeichen,Закладки,Zakładki,Könyvjelzők,Segnalibri,Marcadores,Signets,書籤,ブックマーク,Favoritos,书签,
STR_COT_CAMERA_SECTION_DOF,Depth of Field,Depth of Field,Hloubka ostrosti,Tiefenschärfe,Глубина резкости,Głębia ostrości,Mélységélesség,Profondità di campo,Profundidad de campo,Profondeur de champ,景深,被写界深度,Profundidade de campo,景深,
STR_COT_CAMERA_SECTION_POSTPROCESS,Post-Processing,Post-Processing,Post-Processing,Post-Processing,Пост-обработка,Post-Processing,Utófeldolgozás,Post-Elaborazione,Post-Procesado,Post-Traitement,後處理,ポストプロセッシング,Pós-processamento,后处理,
STR_COT_CAMERA_SECTION_CONTROLS,Camera Controls,Camera Controls,Ovládání kamery,Kamera-Steuerung,Управление камерой,Sterowanie kamerą,Kamera vezérlők,Controlli Camera,Controles de Cámara,Contrôles Caméra,鏡頭控制,カメラコントロール,Controles da Câmera,镜头控制,
STR_COT_CAMERA_SECTION_SHAKE,Shake / Handheld,Shake / Handheld,Třesení / Ruční,Schütteln / Handkamera,Дрожание / Ручная съёмка,Drżenie / Ręczne,Rázás / Kézi,Scuotimento / Mano libera,Sacudida / Mano,Tremblement / Caméra portée,抖動 / 手持,シェイク / 手持ち,Sacudida / Mão,抖动 / 手持,
STR_COT_CAMERA_SECTION_OPTIONS,Options,Options,Možnosti,Optionen,Параметры,Opcje,Beállítások,Opzioni,Opciones,Options,選項,オプション,Opções,选项,
STR_COT_CAMERA_SECTION_WAYPOINT_EDITOR,Waypoint Editor,Waypoint Editor,Editor bodů trasy,Wegpunkt-Editor,Редактор точек,Edytor Punktów Trasy,Útpont szerkesztő,Editor Punti,Editor de Puntos,Éditeur de points,路徑點編輯器,ウェイポイントエディター,Editor de Pontos,路径点编辑器,
STR_COT_CAMERA_SECTION_PATH_CONTROLS,Path Controls,Path Controls,Ovládání trasy,Pfad-Steuerung,Управление маршрутом,Sterowanie trasą,Útvonal vezérlők,Controlli Percorso,Controles de Ruta,Contrôles du trajet,路徑控制,パスコントロール,Controles do Caminho,路径控制,
STR_COT_CAMERA_SECTION_SAVED_PATHS,Saved Paths,Saved Paths,Uložené trasy,Gespeicherte Pfade,Сохранённые маршруты,Zapisane Trasy,Mentett útvonalak,Percorsi Salvati,Rutas Guardadas,Trajets sauvegardés,已儲存路徑,保存されたパス,Caminhos Salvos,已保存路径,
STR_COT_CAMERA_SECTION_BOOKMARKS,Bookmarks,Bookmarks,Záložky,Lesezeichen,Закладки,Zakładki,Könyvjelzők,Segnalibri,Marcadores,Signets,書籤,ブックマーク,Favoritos,书签,
STR_COT_ESP_MODULE_ACTION_CLEAR_ESP,Hide ESP,Hide ESP,Čisté ESP,ESP löschen,Очистить ESP,Wyczyść ESP,ESP Törlése,Pulisci ESP,Borrar ESP,Reset l'ESP,清除 ESP,ESPクリア,Limpar ESP,清除 ESP,
STR_COT_ESP_MODULE_ACTION_CLEARING_ESP,Clearing ESP,Clearing ESP,Čištění ESP,ESP wird gelöscht,Очистка ESP,Czyszczenie ESP,ESP Törlése folyamatban,Pulizia ESP,Borrando ESP,Reset de l'ESP,正在清除 ESP,ESPをクリア中,Limpando ESP,正在清除 ESP,
STR_COT_ESP_MODULE_ACTION_DESELECT_ALL,Deselect All,Deselect All,Odznačit vše,Alle abwählen,Снять выделение со всех,Odznacz Wszystko,Összes kijelölésének megszüntetése,Deseleziona Tutto,Deseleccionar Todo,Aucuns,全部取消選擇,すべて選択解除,Desmarcar Tudo,全部取消选择,
STR_COT_ESP_MODULE_ACTION_SELECT_ALL,Select All,Select All,Vybrat vše,Alle auswählen,Выбрать всё,Zaznacz Wszystko,Összes kijelölése,Seleziona Tutto,Seleccionar Todo,Tous,全選,すべて選択,Selecionar Tudo,全选,
STR_COT_ESP_MODULE_ACTION_DELETE_SELECTED,Delete Selected,Delete Selected,Smazat vybrané,Ausgewählte löschen,Удалить выбранное,Usuń Zaznaczone,Kijelöltek törlése,Elimina Selezionati,Borrar Seleccionado,Supprimer la sélection,刪除選定,選択したものを削除,Excluir Selecionados,删除选定,
STR_COT_ESP_MODULE_ACTION_DUPLICATE_SELECTED,Duplicate Selected,Duplicate Selected,Duplikovat vybrané,Ausgewählte duplizieren,Дублировать выбранное,Duplikuj Zaznaczone,Kijelöltek duplikálása,Duplica Selezionati,Duplicar Seleccionado,Dupliquer la sélection,複製選定,選択したものを複製,Duplicar Selecionados,复制选定,
STR_COT_ESP_MODULE_ACTION_ESP_UPDATING,ESP Updating,ESP Updating,Aktualizace ESP,ESP wird aktualisiert,ESP Обновляется,Aktualizacja ESP,ESP Frissítése,Aggiornamento ESP,Actualizando ESP,Mise à jour de l'ESP,ESP 更新中,ESP更新中,Atualizando ESP,ESP 更新中,
STR_COT_ESP_MODULE_ACTION_HIDE_ESP,Hide ESP,Hide ESP,Skrýt ESP,ESP ausblenden,Скрыть ESP,Ukryj ESP,ESP Elrejtése,Nascondi ESP,Ocultar ESP,Cacher l'ESP,隱藏 ESP,ESPを隠す,Ocultar ESP,隐藏 ESP,
STR_COT_ESP_MODULE_ACTION_FULLMAP_BUTTON,Enable Fullmap ESP,Enable Fullmap ESP,Povolit ESP na celé mapě,Aktiviere Fullmap-ESP,Включить ESP (Вся карта),Włącz Pełnoekranowe ESP,Teljes térképes ESP engedélyezése,Abilita ESP Completo,Activar ESP de Mapa Completo,Activer l'ESP sur toute la carte,啟用全地圖 ESP,フルマップESPを有効化,Ativar ESP de Mapa Completo,启用全地图 ESP,
STR_COT_ESP_MODULE_ACTION_FULLMAP_WARNING_HEADER,Warning:,Warning:,Varování:,Warnung:,Предупреждение:,Ostrzeżenie:,Figyelmeztetés:,Attenzione:,Advertencia:,Avertissement:,警告:,警告:,Aviso:,警告:,
STR_COT_ESP_MODULE_ACTION_FULLMAP_WARNING_DESCRIPTION,Exiting fullmap ESP requires a relog,Exiting fullmap ESP requires a relog,Ukončení ESP na celé mapě vyžaduje opětovné přihlášení,Fullmap-ESP-Deaktivierung erfordert neu verbinden,Выход из ESP на всю карту потребует переподключение,Wyjście z pełnoekranowego ESP wymaga ponownego zalogowania,A teljes térképes ESP-ből való kilépéshez újra be kell jelentkezni,Uscire da ESP completo richiede un riaccesso,Salir del ESP de mapa completo requiere reconexión,"Quitter l'ESP ""carte complète"" requiert une reconnexion",退出全地圖 ESP 需要重新登入,フルマップESPを終了するには再ログインが必要です,Sair do ESP de mapa completo requer um novo login,退出全地图 ESP 需要重新登录,
STR_COT_ESP_MODULE_ACTION_MAKE_ITEM_SET,Make Item Set,Make Item Set,Vytvořit sadu položek,Item Set erstellen,Создать Набор Предметов,Utwórz Zestaw Przedmiotów,Elemkészlet létrehozása,Crea Set Oggetti,Crear Conjunto de Objetos,Créer un set d'objecs,建立物品套裝,アイテムセットを作成,Criar Conjunto de Itens,建立物品套装,
STR_COT_ESP_MODULE_ACTION_MAKE_ITEM_SET_CONFIRMATION_DESCRIPTION,What do you want to call this item set?,What do you want to call this item set?,Jak chcete tuto sadu položek nazvat?,Wie soll dieses Item Set genannt werden?,Как вы хотите назвать этот набор?,Jak chcesz nazwać ten zestaw przedmiotów?,Hogy szeretnéd elnevezni ezt az elemkészletet?,Come vuoi chiamare questo set di oggetti?,¿Cómo quieres llamar a este conjunto de objetos?,Comment veux-tu nommer ce set d'objets ?,您想將此物品套裝命名為？,このアイテムセットに何と名前を付けますか？,Como você quer chamar este conjunto de itens?,您想将此物品套装命名为？,
STR_COT_ESP_MODULE_ACTION_MAKE_ITEM_SET_CONFIRMATION_HEADER,Item Set,Item Set,Sada položek,Item Set,Набор предметов,Zestaw Przedmiotów,Elemkészlet,Set Oggetti,Conjunto de Objetos,Sets d'Objets,物品套裝,アイテムセット,Conjunto de Itens,物品套装,
STR_COT_ESP_MODULE_ACTION_MOVE_TO_CROSSHAIR,Move To Crosshair,Move To Crosshair,Přesunout na kurzor,Zu Fadenkreuz verschieben,Передвинуть к Курсору,Przenieś Do Kursora,Mozgatás a kurzorhoz,Sposta al Cursore,Mover al Cursor (Absoluto),Déplacer au curseur,移至游標,カーソルへ移動,Mover Para o Cursor,移至光标,
STR_COT_ESP_MODULE_ACTION_COPY_TO_CLIPBOARD_RAW,Copy to Clipboard Raw,Copy to Clipboard Raw,Kopírovat do schránky (čistý text),In Zwischenablage kopieren (Text),Копировать как текст,Kopiuj Do Schowka (Surowe Dane),Vágólapra másolás (nyers),Copia negli Appunti (Raw),Copiar al Portapapeles (Raw),Copier liste brut,複製到剪貼簿 (原始),クリップボードへコピー (Raw),Copiar para a Área de Transferência (Raw),复制到剪贴板 (原始),
STR_COT_ESP_MODULE_ACTION_COPY_TO_CLIPBOARD_MARKET,Copy to Clipboard Market,Copy to Clipboard Market,Kopírovat do schránky (trh),In Zwischenablage kopieren (Market),Копировать для рынка,Kopiuj Do Schowka (Rynek),Vágólapra másolás (piac),Copia negli Appunti (Mercato),Copiar al Portapapeles (Mercado),Copier liste Market,複製到剪貼簿 (市場),クリップボードへコピー (マーケット),Copiar para a Área de Transferência (Mercado),复制到剪贴板 (市场),
STR_COT_ESP_MODULE_ACTION_COPY_TO_CLIPBOARD_SPAWNABLETYPES,Copy to Clipboard SpawnableTypes,Copy to Clipboard SpawnableTypes,Kopírovat do schránky (typy pro spawnování),In Zwischenablage kopieren (SpawnableTypes),Копировать для спавна,Kopiuj Do Schowka (Typy Do Spawnu),Vágólapra másolás (spawnolható típusok),Copia negli Appunti (Tipi Spawnabili),Copiar al Portapapeles (Tipos Spawnables),Copier liste SpawnableTypes,複製到剪貼簿 (可生成類型),クリップボードへコピー (スポーン可能なタイプ),Copiar para a Área de Transferência (Tipos de Spawn),复制到剪贴板 (可生成类型),
STR_COT_ESP_MODULE_ACTION_SHOW_ESP,Show ESP,Show ESP,Zobrazit ESP,ESP anzeigen,Показать ESP,Pokaż ESP,ESP Mutatása,Mostra ESP,Mostrar ESP,Afficher l'ESP,顯示 ESP,ESPを表示,Mostrar ESP,显示 ESP,
STR_COT_ESP_MODULE_ACTION_VIEWING_ESP,Viewing ESP,Viewing ESP,Prohlížení ESP,Betrachte ESP,Включён ESP,Podgląd ESP,ESP Megtekintése,Visualizzazione ESP,Viendo ESP,Affichage de l'ESP,正在檢視 ESP,ESPを表示中,Visualizando ESP,正在查看 ESP,
STR_COT_ESP_MODULE_ACTIONS_HEADER,Actions:,Actions:,Akce:,Aktionen:,Действия:,Akcje:,Műveletek:,Azioni:,Acciones:,Actions:,動作：,アクション:,Ações:,动作：,
STR_COT_ESP_MODULE_CLASS_FILTER,Only track classname:,Only track classname:,Only track classname:,Only track classname:,Only track classname:,Only track classname:,Only track classname:,Only track classname:,Only track classname:,Only track classname:,Only track classname:,Only track classname:,Only track classname:,Only track classname:,
STR_COT_ESP_MODULE_DRAW_PLAYER_SKELETONS,Draw player skeletons,Draw player skeletons,Vykreslit kostry hráčů,Spieler-Skelett,Отображать скелеты игроков,Rysuj szkielety graczy,Játékosváz rajzolása,Disegna scheletri dei giocatori,Dibujar esqueletos de jugadores,Affichier Squelette joueurs,繪製玩家骨骼,プレイヤーのスケルトンを描画,Desenhar esqueletos de jogadores,绘制玩家骨骼,
STR_COT_ESP_MODULE_FILTERS_HEADER,Filters:,Filters:,Filtry:,Filter:,Фильтры:,Filtry:,Szűrők:,Filtri:,Filtros:,Filtres:,篩選器：,フィルター:,Filtros:,过滤器：,
STR_COT_ESP_MODULE_NAME,ESP Tools,ESP Tools,Nástroje ESP,ESP-Werkzeuge,ESP,Narzędzia ESP,ESP Eszközök,Strumenti ESP,Herramientas ESP,Outils ESP,ESP 工具,ESPツール,Ferramentas ESP,ESP 工具,
STR_COT_ESP_MODULE_RADIUS,Radius:,Radius:,Poloměr:,Umkreis:,Радиус:,Promień:,Sugár:,Raggio:,Radio:,Rayon:,半徑：,半径:,Raio:,半径：,
STR_COT_ESP_MODULE_TOGGLE,Toggle,Toggle,Přepnout,Umschalten,Вкл/Выкл,Przełącz,Kapcsoló,Attiva/Disattiva,Alternar,Basculer,切換,切り替え,Alternar,切换,
STR_COT_ESP_MODULE_TOGGLE_AUTO_REFRESH,Auto Refresh,Auto Refresh,Automatická aktualizace,Autom. Aktualisierung,Авто-обновление,Automatyczne Odświeżanie,Automatikus frissítés,Aggiornamento Automatico,Actualización Automática,Mise à jour automatique,自動重新整理,自動更新,Atualização Automática,自动刷新,
STR_COT_ESP_MODULE_TOGGLE_CLASS_NAME,Show Class Name,Show Class Name,Zobrazit název třídy,Klassenname zeigen,Показывать Класснейм,Pokaż Nazwę Klasy,Osztálynév mutatása,Mostra Nome Classe,Mostrar Nombre de Clase,Afficher le nom des classes,顯示類別名稱,クラス名を表示,Mostrar Nome da Classe,显示类名,
STR_COT_ESP_MODULE_TOGGLE_SAFETY,Include all objects,Include all objects,Zahrnout všechny objekty,Inkludiere alle Objekte,Включить все объекты,Uwzględnij wszystkie obiekty,Minden objektum beleértése,Includi tutti gli oggetti,Incluir todos los objetos,Inclure tous les objets (lent),包含所有物件,すべてのオブジェクトを含める,Incluir todos os objetos,包含所有对象,
STR_COT_ESP_MODULE_VIEW_TYPE_AMMO,Ammo,Ammo,Náboje,Munition,Боезапас,Amunicja,Lőszer,Munizioni,Munición,Munitions,彈藥,弾薬,Munição,弹药,
STR_COT_ESP_MODULE_VIEW_TYPE_ANIMAL,Animal,Animal,Zvíře,Tier,Животное,Zwierzę,Állat,Animale,Animal,Animaux,動物,動物,Animal,动物,
STR_COT_ESP_MODULE_VIEW_TYPE_ARCHERY,Archery,Archery,Lukostřelba,Bogenschießen,Стрельба из лука,Łucznictwo,Íjászat,Tiro con l'arco,Arquería,Tir à l'arc,射箭,アーチェリー,Arco e Flecha,射箭,
STR_COT_ESP_MODULE_VIEW_TYPE_BASE_BUILDING,Base Building,Base Building,Stavba základny,Basis-Bau,Строительство Базы,Budowanie Bazy,Bázisépítés,Costruzione Base,Construcción de Base,Base Building,基地建設,拠点建設,Construção de Base,基地建设,
STR_COT_ESP_MODULE_VIEW_TYPE_BOLT_ACTION_RIFLES,Bolt Action Rifles,Bolt Action Rifles,Opakovací pušky,Repetiergewehre,Болтовые Винтовки,Karabiny Powtarzalne,Ismétlő puskák,Fucili a Otturatore Scorrevole,Fusiles de Cerrojo,Carabines à verrou,栓式步槍,ボルトアクションライフル,Rifles de Ação por Ferrolho,栓动步枪,
STR_COT_ESP_MODULE_VIEW_TYPE_BOLT_RIFLES,Bolt Rifles,Bolt Rifles,Závěrové pušky,Bolzengewehre,Полуавтоматические Винтовки,Karabiny Z Zamkiem Ślizgowym,Zárszerkezetes puskák,Fucili a Otturatore,Fusiles de Cerrojo,Fusils à verrou,栓式步槍,ボルトライフル,Rifles de Ferrolho,栓动步枪,
STR_COT_ESP_MODULE_VIEW_TYPE_BOOKS,Books,Books,Knihy,Bücher,Книги,Książki,Könyvek,Libri,Libros,Livres,書籍,書籍,Livros,书籍,
STR_COT_ESP_MODULE_VIEW_TYPE_CAR,Car,Car,Auto,Fahrzeug,Машины,Samochód,Autó,Auto,Coche,Voitures,汽車,車,Carro,汽车,
STR_COT_ESP_MODULE_VIEW_TYPE_BOAT,Boat,Boat,Loď,Boot,Лодка,Łódź,Hajó,Barca,Barco,Bateaux,船,船,Barco,船,
STR_COT_ESP_MODULE_VIEW_TYPE_Train,Train,Train,Vlak,Zug,Поезд,Pociąg,Vonat,Treno,Tren,Train,火車,列車,Trem,火车,
STR_COT_ESP_MODULE_VIEW_TYPE_CLOTHING,Clothing,Clothing,Oblečení,Kleidung,Одежда,Ubrania,Ruházat,Vestiti,Ropa,Vêtements,服裝,衣類,Roupas,服装,
STR_COT_ESP_MODULE_VIEW_TYPE_CONTAINERS,Containers,Containers,Kontejnery,Behälter,Контейнеры,Kontenery,Konténerek,Contenitori,Contenedores,Conteneurs,容器,コンテナ,Contêineres,容器,
STR_COT_ESP_MODULE_VIEW_TYPE_EXPLOSIVES,Explosives,Explosives,Výbušniny,Sprengstoff,Взрывчатые вещества,Materiały Wybuchowe,Robbanóanyagok,Esplosivi,Explosivos,Explosifs,爆炸物,爆発物,Explosivos,爆炸物,
STR_COT_ESP_MODULE_VIEW_TYPE_FOOD,Food,Food,Jídlo,Nahrung,Еда,Jedzenie,Étel,Cibo,Comida,Nourriture,食物,食料,Comida,食物,
STR_COT_ESP_MODULE_VIEW_TYPE_INFECTED,Infected,Infected,Nakažení,Infizierte,Инфицированные,Zarażeni,Fertőzöttek,Infetti,Infectados,Infectés,感染者,感染者,Infectados,感染者,
STR_COT_ESP_MODULE_VIEW_TYPE_ITEMS,Items,Items,Předměty,Gegenstände,Предметы,Przedmioty,Tárgyak,Oggetti,Objetos,Objets,物品,アイテム,Itens,物品,
STR_COT_ESP_MODULE_VIEW_TYPE_LAUNCHERS,Launchers,Launchers,Granátomety,Werfer,Гранатометы,Wyrzutnie,Gránátvetők,Lanciarazzi,Lanzadores,Lanceurs,發射器,ランチャー,Lançadores,发射器,
STR_COT_ESP_MODULE_VIEW_TYPE_MAGAZINES,Magazines,Magazines,Zásobníky,Magazine,Магазины,Magazynki,Tár,Caricatori,Cargadores,Chargeurs,彈匣,マガジン,Carregadores,弹匣,
STR_COT_ESP_MODULE_VIEW_TYPE_PISTOLS,Pistols,Pistols,Pistole,Handfeuerwaffen,Пистолеты,Pistolety,Pisztolyok,Pistole,Pistolas,Pistolets,手槍,ピストル,Pistolas,手枪,
STR_COT_ESP_MODULE_VIEW_TYPE_PLAYER,Players,Players,Hráči,Spieler,Игроки,Gracze,Játékosok,Giocatori,Jugadores,Joueurs,玩家,プレイヤー,Jogadores,玩家,
STR_COT_ESP_MODULE_VIEW_TYPE_PLAYER_AI,Player AI,Player AI,Hráčská AI,NPCs,НПС,Sztuczna Inteligencja Graczy,Játékos AI,IA Giocatore,IA de Jugador,PNJ,玩家 AI,プレイヤーAI,IA de Jogador,玩家 AI,
STR_COT_ESP_MODULE_VIEW_TYPE_RIFLES,Rifles,Rifles,Pušky,Gewehre,Винтовки,Karabiny,Puskák,Fucili,Fusiles,Fusils,步槍,ライフル,Rifles,步枪,
STR_COT_ESP_MODULE_VIEW_TYPE_TENTS,Tents,Tents,Stany,Zelte,Палатки,Namioty,Sátrak,Tende,Tiendas de Campaña,Tentes,帳篷,テント,Tendas,帐篷,
STR_COT_ESP_MODULE_VIEW_TYPE_TRANSMITTERS,Transmitters,Transmitters,Vysílače,Sender,Передатчики,Nadajniki,Adók,Trasmettitori,Transmisores,Transmetteurs,發射器,トランスミッター,Transmissores,发射器,
STR_COT_ESP_MODULE_VIEW_TYPE_UNKNOWN_ITEMS,Unknown Items,Unknown Items,Neznámé předměty,Unbekannte Gegenstände,Неизвестные предметы,Nieznane Przedmioty,Ismeretlen tárgyak,Oggetti Sconosciuti,Objetos Desconocidos,Objets inconnus,未知物品,不明なアイテム,Itens Desconhecidos,未知物品,
STR_COT_ESP_MODULE_VIEW_TYPE_WEAPONS,Weapons,Weapons,Zbraně,Waffen,Оружие,Bronie,Fegyverek,Armi,Armas,Armes,武器,武器,Armas,武器,
STR_COT_ESP_MODULE_VIEW_TYPE_Immovable,Unspecified,Unspecified,Nespecifikováno,Unspezifiziert,Не указано,Nieokreślony,Nincs megadva,Non Specificato,Sin Especificar,Indéterminé,未指定,未指定,Não Especificado,未指定,
STR_COT_ESP_MODULE_VIEW_TYPE_Plain_Objects,Plain Objects,Plain Objects,Prosté objekty,Objekte,Простые объекты,Proste Obiekty,Egyszerű objektumok,Oggetti Semplici,Objetos Simples,Objets simples,普通物件,プレーンオブジェクト,Objetos Simples,普通对象,
STR_COT_ESP_MODULE_VIEW_TYPE_Rocks,Rocks,Rocks,Kameny,Steine,Камни,Skały,Kövek,Rocce,Rocas,Rochers,岩石,岩,Pedras,岩石,
STR_COT_ESP_MODULE_VIEW_TYPE_Bushes,Bushes (VERY SLOW),Bushes (VERY SLOW),Keře (VELMI POMALÉ),Büsche (SEHR LANGSAM),Кусты (ОЧЕНЬ МЕДЛЕННО),Krzaki (BARDZO WOLNO),Bokrok (NAGYON LASSÚ),Cesugli (MOLTO LENTO),Arbustos (MUY LENTO),Buissons (TRÈS LENT),灌木 (非常慢),茂み (非常に遅い),Arbustos (MUITO LENTO),灌木 (非常慢),
STR_COT_ESP_MODULE_VIEW_TYPE_Trees,Trees,Trees,Stromy,Bäume,Деревья,Drzewa,Fák,Alberi,Árboles,Arbres,樹木,木,Árvores,树木,
STR_COT_ESP_MODULE_VIEW_TYPE_Buildings,Buildings,Buildings,Budovy,Gebäude,Здания,Budynki,Épületek,Edifici,Edificios,Bâtiments,建築物,建物,Construções,建筑物,
STR_COT_FORMAT_METRE,%1m,%1m,%1 m,%1m,%1м,%1m,%1m,%1m,%1m,%1m,%1公尺,%1m,%1m,%1米,
STR_COT_FORMAT_METRE_LONG,%1 metre(s),%1 metre(s),%1 metr(ů),%1 Meter,%1 метр(-ов),%1 metr(ów),%1 méter,%1 metro(i),%1 metro(s),%1 mètre(s),%1 公尺,%1メートル,%1 metro(s),%1 米,
STR_COT_FORMAT_NONE,%1,%1,%1,%1,%1,%1,%1,%1,%1,%1,%1,%1,%1,%1,
STR_COT_FORMAT_PERCENTAGE,%1%,%1%,%1%,%1%,%1%,%1%,%1%,%1%,%1%,%1%,%1%,%1%,%1%,%1%,
STR_COT_FORMAT_SECOND,%1s,%1s,%1 s,%1s,%1с,%1s,%1mp,%1s,%1s,%1s,%1秒,%1秒,%1s,%1秒,
STR_COT_FORMAT_SECOND_LONG,%1 second(s),%1 second(s),%1 sekunda(y),%1 Sekunde(n),%1 сек.,%1 sekunda(y),%1 másodperc,%1 secondo(i),%1 segundo(s),%1 seconde(s),%1 秒,%1 秒,%1 segundo(s),%1 秒,
STR_COT_FORMAT_DEGREE,%1 °,%1 °,%1 °,%1 °,%1 °,%1 °,%1 °,%1 °,%1 °,%1 °,%1 度,%1 度,%1 °,%1 度,
STR_COT_GENERIC_ALL,All,All,Vše,Alle,Все,Wszystkie,Összes,Tutti,Todo,All,所有,すべて,Todos,所有,
STR_COT_GENERIC_CANCEL,Cancel,Cancel,Zrušit,Abbrechen,Отменить,Anuluj,Mégse,Annulla,Cancelar,Annuler,取消,キャンセル,Cancelar,取消,
STR_COT_GENERIC_CONFIRM,Confirm,Confirm,Potvrdit,Bestätigen,Подтвердить,Potwierdź,Megerősít,Conferma,Confirmar,Confirmer,確認,確認,Confirmar,确认,
STR_COT_GENERIC_ONLYSELECTED,Selected,Selected,Vybrané,Ausgewählt,Выбрано,Wybrane,Kijelölt,Selezionato,Seleccionado,Selected,已選取,選択済み,Selecionado,已选择,
STR_COT_GENERIC_SEARCH,Search...,Search...,Hledat...,Suchen...,Поиск...,Szukaj...,Keresés...,Cerca...,Buscar...,Rechercher...,搜尋...,検索...,Buscar...,搜索...,
STR_COT_GENERIC_SELF,Self,Self,Já,Selbst,Себя,Ja,Én,Se Stesso,Uno Mismo,Sois-même,自己,自分,Eu,自己,
STR_COT_GENERIC_CREATE,Create,Create,Vytvořit,Erstellen,Создать,Utwórz,Létrehozás,Crea,Crear,Créer,建立,作成,Criar,创建,
STR_COT_GENERIC_LINE_THICKNESS,Line thickness,Line thickness,Tloušťka čáry,Linienstärke,Толщина линии,Grubość Linii,Vonalvastagság,Spessore Linea,Grosor de línea,Épaisseur de ligne,線條粗細,線の太さ,Espessura da Linha,线条粗细,
STR_COT_GENERIC_MAKE,Make,Make,Vytvořit,Herstellen,Создать,Utwórz,Készítés,Crea,Crear,Faire,製作,作成,Criar,制作,
STR_COT_GENERIC_NO,No,No,Ne,Nein,Нет,Nie,Nem,No,No,Non,否,いいえ,Não,否,
STR_COT_GENERIC_NONE,None,None,Žádný,Keine,Нет,Żaden,Nincs,Nessuno,Ninguno,Aucun,無,なし,Nenhum,无,
STR_COT_GENERIC_OFF,off,off,VYP,aus,выкл,WYŁ.,KI,NO,NO,off,關,オフ,desligado,关,
STR_COT_GENERIC_OFF_C,OFF,OFF,VYP,AUS,ВЫКЛ,WYŁ.,KI,NO,NO,OFF,關,オフ,DESLIGADO,关,
STR_COT_GENERIC_ON,on,on,ZAP,an,вкл,WŁ.,BE,SÌ,SÍ,on,開,オン,ligado,开,
STR_COT_GENERIC_ON_C,ON,ON,ZAP,AN,ВКЛ,WŁ.,BE,SÌ,SÍ,ON,開,オン,LIGADO,开,
STR_COT_GENERIC_OTHERS,Others,Others,Ostatní,Andere,Другие,Inne,Mások,Altri,Otros,Autres,其他,その他,Outros,其他,
STR_COT_GENERIC_SPAWN,Spawn,Spawn,Spawnout,Spawn,Заспавнить,Spawn,Spawn,Genera,Generar,Spawn,生成,スポーン,Gerar,生成,
STR_COT_GENERIC_YES,Yes,Yes,Ano,Ja,Да,Tak,Igen,Sì,Sí,Oui,是,はい,Sim,是,
STR_COT_GENERIC_AMOUNT,Amount,Amount,Množství,Anzahl,Количество,Ilość,Mennyiség,Quantità,Cantidad,Montant,數量,量,Quantidade,数量,
STR_COT_GENERIC_DURATION,Duration,Duration,Trvání,Dauer,Длительность,Czas Trwania,Időtartam,Durata,Duración,Durée,持續時間,持続時間,Duração,持续时间,
STR_COT_GENERIC_TRANSITION,Transition,Transition,Přechod,Übergang,Переход,Przejście,Átmenet,Transizione,Transición,Transition,過渡,移行,Transição,过渡,
STR_COT_GENERIC_DISTANCE,Distance,Distance,Vzdálenost,Distanz,Расстояние,Odległość,Távolság,Distanza,Distancia,Distance,距離,距離,Distância,距离,
STR_COT_GENERIC_DIRECTION,Direction,Direction,Směr,Richtung,Направление,Kierunek,Irány,Direzione,Dirección,Direction,方向,方向,Direção,方向,
STR_COT_GENERIC_HEIGHT,Height,Height,Výška,Höhe,Высота,Wysokość,Magasság,Altezza,Altura,Hauteur,高度,高さ,Altura,高度,
STR_COT_GENERIC_FREQUENCY,Frequency,Frequency,Frekvence,Frequenz,Частота,Częstotliwość,Frekvencia,Frequenza,Frecuencia,Fréquence,頻率,頻度,Frequência,频率,
STR_COT_GENERIC_MIN,Min,Min,Min,Min,Мин,Min,Min,Min,Mínimo,Min,最小,最小,Mínimo,最小,
STR_COT_GENERIC_MAX,Max,Max,Max,Max,Макс,Max,Max,Max,Máximo,Max,最大,最大,Máximo,最大,
STR_COT_GENERIC_BIAS,Bias,Bias,Odchylka,Bias,Смещение,Odchylenie,Torzítás,Bias,Sesgo,Biais,偏差,バイアス,Viés,偏差,
STR_COT_GENERIC_DATE,Date,Date,Datum,Datum,Дата,Data,Dátum,Data,Fecha,Date,日期,日付,Data,日期,
STR_COT_GENERIC_DATE_DAY,Day,Day,Den,Tag,День,Dzień,Nap,Giorno,Día,Jour,日,日,Dia,日,
STR_COT_GENERIC_DATE_WEEK,Week,Week,Týden,Woche,Неделя,Tydzień,Hét,Settimana,Semana,Semaine,週,週,Semana,周,
STR_COT_GENERIC_DATE_MONTH,Month,Month,Měsíc,Monat,Месяц,Miesiąc,Hónap,Mese,Mes,Mois,月,月,Mês,月,
STR_COT_GENERIC_DATE_YEAR,Year,Year,Rok,Jahr,Год,Rok,Év,Anno,Año,Année,年,年,Ano,年,
STR_COT_GENERIC_DATE_SECOND,Second,Second,Sekunda,Sekunde,Секунда,Sekunda,Másodperc,Secondo,Segundo,Seconde,秒,秒,Segundo,秒,
STR_COT_GENERIC_DATE_MINUTE,Minute,Minute,Minuta,Minute,Минута,Minuta,Perc,Minuto,Minuto,Minute,分鐘,分,Minuto,分钟,
STR_COT_GENERIC_DATE_HOUR,Hour,Hour,Hodina,Stunde,Час,Godzina,Óra,Ora,Hora,Heure,小時,時間,Hora,小时,
STR_COT_CONFIRM_MESSAGE,Message,Message,Zpráva,Nachricht,Сообщение,Wiadomość,Üzenet,Messaggio,Mensaje,Message,訊息,メッセージ,Mensagem,消息,
STR_COT_CONFIRM_NOTIFICATION,Notification,Notification,Oznámení,Benachrichtigung,Уведомление,Powiadomienie,Értesítés,Notifica,Notificación,Notification,通知,通知,Notificação,通知,
STR_COT_INPUT_FREECAM_SPEED_DECREASE,Decrease Freecam Speed,Decrease Freecam Speed,Snížit rychlost volné kamery,Freecam-Geschwindigkeit reduzieren,Уменьшить скорость свободной камеры,Zmniejsz Prędkość Wolnej Kamery,Freecam sebességének csökkentése,Diminuisci Velocità Freecam,Disminuir Velocidad de Cámara Libre,Baisser la vitesse de la caméra libre,降低自由視角速度,フリーカム速度を下げる,Diminuir Velocidade da Câmera Livre,降低自由视角速度,
STR_COT_INPUT_FREECAM_SPEED_INCREASE,Increase Freecam Speed,Increase Freecam Speed,Zvýšit rychlost volné kamery,Freecam-Geschwindigkeit erhöhen,Увеличить скорость свободной камеры,Zwiększ Prędkość Wolnej Kamery,Freecam sebességének növelése,Aumenta Velocità Freecam,Aumentar Velocidad de Cámara Libre,Augmenter la vitesse de la caméra libre,提高自由視角速度,フリーカム速度を上げる,Aumentar Velocidade da Câmera Livre,提高自由视角速度,
STR_COT_INPUT_FREECAM_ZOOM_BACKWARD,Zoom Freecam Backwards,Zoom Freecam Backwards,Oddálit volnou kameru dozadu,Freecam heraus zoomen,Отдалить свободную камеру,Oddal Wolną Kamerę,Freecam hátrafelé zoomolása,Zoom Indietro Freecam,Alejar Cámara Libre,Dé-zoomer la caméra libre,自由視角向後縮放,フリーカムを後退させる,Afastar Zoom da Câmera Livre,自由视角向后缩放,
STR_COT_INPUT_FREECAM_ZOOM_FORWARD,Zoom Freecam Forwards,Zoom Freecam Forwards,Přiblížit volnou kameru dopředu,Freecam hinein zoomen,Приблизить свободную камеру,Przybliż Wolną Kamerę,Freecam előrefelé zoomolása,Zoom Avanti Freecam,Acercar Cámara Libre,Zoomer la caméra libre,自由視角向前縮放,フリーカムを前進させる,Aproximar Zoom da Câmera Livre,自由视角向前缩放,
STR_COT_INPUT_SPAWN_ANIMAL,Spawn Animal (Crosshair),Spawn Animal (Crosshair),Spawnout zvíře (záměrný kříž),Tier spawnen (Fadenkreuz),Создать Животное (Прицел),Stwórz Zwierzę (Celownik),Állat létrehozása (célkereszt),Genera Animale (Mirino),Generar Animal (Mira),Spawn un Animal (viseur),生成動物 (準星),動物をスポーン (照準),Gerar Animal (Mira),生成动物 (十字线),
STR_COT_INPUT_SPAWN_INFECTED,Spawn Infected (Crosshair),Spawn Infected (Crosshair),Spawnout nakaženého (záměrný kříž),Infizierten spawnen (Fadenkreuz),Создать Инфицированного (Прицел),Stwórz Zarażonego (Celownik),Fertőzött létrehozása (célkereszt),Genera Infetto (Mirino),Generar Infectado (Mira),Spawn un Infecté (viseur),生成感染者 (準星),感染者をスポーン (照準),Gerar Infectado (Mira),生成感染者 (十字线),
STR_COT_INPUT_SPAWN_WOLF,Spawn Wolf (Crosshair),Spawn Wolf (Crosshair),Spawnout vlka (záměrný kříž),Wolf spawnen (Fadenkreuz),Создать Волка (Прицел),Stwórz Wilka (Celownik),Farkas létrehozása (célkereszt),Genera Lupo (Mirino),Generar Lobo (Mira),Spawn un Loup (viseur),生成狼 (準星),狼をスポーン (照準),Gerar Lobo (Mira),生成狼 (十字线),
STR_COT_INPUT_TELEPORT_CROSSHAIR,Teleport Self (Crosshair),Teleport Self (Crosshair),Teleportovat sebe (záměrný kříž),Selbst teleportieren (Fadenkreuz),Телепортировать Себя (Прицел),Teleportuj Siebie (Celownik),Saját magam teleportálása (célkereszt),Teletrasporta Se Stesso (Mirino),Teletransportar a Uno Mismo (Mira),Se téléporteur sur le viseur,傳送自己 (準星),自分自身をテレポート (照準),Teletransportar-se (Mira),传送自己 (十字线),
STR_COT_INPUT_TELEPORT_WORLD_MODEL_LOOK_AT,WorldToModelLookAt,WorldToModelLookAt,WorldToModelLookAt,WorldToModelLookAt,WorldToModelLookAt,WorldToModelLookAt,WorldToModelLookAt,WorldToModelLookAt,WorldToModelLookAt,WorldToModelLookAt,WorldToModelLookAt,WorldToModelLookAt,WorldToModelLookAt,WorldToModelLookAt,
STR_COT_INPUT_TOGGLE,Enable/Disable COT,Enable/Disable COT,Povolit/Zakázat COT,COT ein-/ausschalten,Вкл/Выкл COT,Włącz/Wyłącz COT,COT engedélyezése/letiltása,Abilita/Disabilita COT,Activar/Desactivar COT,Activer/Désactiver COT,啟用/停用按鍵綁定,キーバインドの有効/無効を切り替え,Ativar/Desativar COT,启用/禁用按键绑定,
STR_COT_INPUT_TOGGLE_FREECAM,Toggle Freecam,Toggle Freecam,Přepíná volnou kameru,Freecam ein-/ausschalten,Вкл/Выкл Свободную Камеру,Włącz/Wyłącz Wolną Kamerę,Freecam kapcsolása,Attiva/Disattiva Freecam,Alternar Cámara Libre,Activer/Désactiver la caméra libre,切換自由視角,フリーカムを切り替え,Alternar Câmera Livre,切换自由视角,
STR_COT_INPUT_DELETE_CROSSHAIR,Delete Item at Crosshair,Delete Item at Crosshair,Delete Item at Crosshair,Gegenstand am Fadenkreuz löschen,Delete Item at Crosshair,Delete Item at Crosshair,Delete Item at Crosshair,Delete Item at Crosshair,Delete Item at Crosshair,Delete Item at Crosshair,Delete Item at Crosshair,Delete Item at Crosshair,Delete Item at Crosshair,Delete Item at Crosshair,
STR_COT_INPUT_FREEZE_PLAYER,Freeze Player,Freeze Player,Freeze Player,Spieler einfrieren,Freeze Player,Freeze Player,Freeze Player,Freeze Player,Freeze Player,Freeze Player,Freeze Player,Freeze Player,Freeze Player,Freeze Player,
STR_COT_INPUT_HEAL_SELF,Heal,Heal,Heal,Heilen,Heal,Heal,Heal,Heal,Heal,Heal,Heal,Heal,Heal,Heal,
STR_COT_INPUT_GODMODE_SELF,Godmode,Godmode,Godmode,Gott-Modus,Godmode,Godmode,Godmode,Godmode,Godmode,Godmode,Godmode,Godmode,Godmode,Godmode,
STR_COT_INPUT_INVISIBILITY_SELF,Invisibility,Invisibility,Invisibility,Unsichtbarkeit,Invisibility,Invisibility,Invisibility,Invisibility,Invisibility,Invisibility,Invisibility,Invisibility,Invisibility,Invisibility,
STR_COT_INPUT_TOGGLE_MENU_CAMERA,Open/Close Camera Menu,Open/Close Camera Menu,Otevřít/Zavřít nabídku kamery,Kamera-Menü öffnen/schließen,Открыть/Закрыть Меню Камеры,Otwórz/Zamknij Menu Kamery,Kamera menü megnyitása/bezárása,Apri/Chiudi Menu Camera,Abrir/Cerrar Menú de Cámara,Ouvrir/Fermer le menu Caméra,開啟/關閉相機選單,カメラメニューを開閉,Abrir/Fechar Menu da Câmera,打开/关闭相机菜单,
STR_COT_INPUT_TOGGLE_MENU_ENTITY,Open/Close Entity Menu,Open/Close Entity Menu,Otevřít/Zavřít nabídku entit,Entity-Menü öffnen/schließen,Открыть/Закрыть Меню Предметов,Otwórz/Zamknij Menu Obiektów,Entitás menü megnyitása/bezárása,Apri/Chiudi Menu Entità,Abrir/Cerrar Menú de Entidad,Ouvrir/Fermer le menu Entitée,開啟/關閉實體選單,エンティティメニューを開閉,Abrir/Fechar Menu de Entidade,打开/关闭实体菜单,
STR_COT_INPUT_TOGGLE_MENU_ESP,Open/Close ESP Menu,Open/Close ESP Menu,Otevřít/Zavřít nabídku ESP,ESP Menü öffnen/schließen,Открыть/Закрыть Меню ESP,Otwórz/Zamknij Menu ESP,ESP menü megnyitása/bezárása,Apri/Chiudi Menu ESP,Abrir/Cerrar Menú ESP,Ouvrir/Fermer le menu ESP,開啟/關閉 ESP 選單,ESPメニューを開閉,Abrir/Fechar Menu ESP,打开/关闭 ESP 菜单,
STR_COT_INPUT_TOGGLE_MENU_ITEMSET,Open/Close Item Set Menu,Open/Close Item Set Menu,Otevřít/Zavřít nabídku sad položek,Item Set Menü öffnen/schließen,Открыть/Закрыть Меню Наборов,Otwórz/Zamknij Menu Zestawów Przedmiotów,Elemkészlet menü megnyitása/bezárása,Apri/Chiudi Menu Set Oggetti,Abrir/Cerrar Menú de Conjunto de Objetos,Ouvrir/Fermer le menu Sets d'Objets,開啟/關閉物品套裝選單,アイテムセットメニューを開閉,Abrir/Fechar Menu de Conjunto de Itens,打开/关闭物品套装菜单,
STR_COT_INPUT_TOGGLE_MENU_MAP,Open/Close Map Menu,Open/Close Map Menu,Otevřít/Zavřít nabídku mapy,Karten-Menü öffnen/schließen,Открыть/Закрыть Меню Карты,Otwórz/Zamknij Menu Mapy,Térkép menü megnyitása/bezárása,Apri/Chiudi Menu Mappa,Abrir/Cerrar Menú de Mapa,Ouvrir/Fermer le menu Carte,開啟/關閉地圖選單,マップメニューを開閉,Abrir/Fechar Menu do Mapa,打开/关闭地图菜单,
STR_COT_INPUT_TOGGLE_MENU_MAP_EDITOR,Open/Close Map Editor,Open/Close Map Editor,Otevřít/Zavřít editor mapy,Karten-Editor öffnen/schließen,Открыть/Закрыть Редактор Карты,Otwórz/Zamknij Edytor Mapy,Térképszerkesztő megnyitása/bezárása,Apri/Chiudi Editor Mappa,Abrir/Cerrar Editor de Mapa,Ouvrir/Fermer le menu Editeur de Carte,開啟/關閉地圖編輯器,マップエディターを開閉,Abrir/Fechar Editor de Mapa,打开/关闭地图编辑器,
STR_COT_INPUT_TOGGLE_MENU_PLAYER,Open/Close Player Menu,Open/Close Player Menu,Otevřít/Zavřít nabídku hráčů,Spieler-Menü öffnen/schließen,Открыть/Закрыть Меню Игрока,Otwórz/Zamknij Menu Gracza,Játékos menü megnyitása/bezárása,Apri/Chiudi Menu Giocatore,Abrir/Cerrar Menú de Jugador,Ouvrir/Fermer le menu Joueur,開啟/關閉玩家選單,プレイヤーメニューを開閉,Abrir/Fechar Menu do Jogador,打开/关闭玩家菜单,
STR_COT_INPUT_TOGGLE_MENU_SELECTED,Open/Close Selected Menu,Open/Close Selected Menu,Otevřít/Zavřít nabídku vybraných,Ausgewähltes Menü öffnen/schließen,Открыть/Закрыть Меню Выбранного,Otwórz/Zamknij Menu Wybranych,Kijelölt menü megnyitása/bezárása,Apri/Chiudi Menu Selezionati,Abrir/Cerrar Menú de Seleccionados,Ouvrir/Fermer le menu Selectionné,開啟/關閉選定選單,選択メニューを開閉,Abrir/Fechar Menu de Selecionados,打开/关闭选定菜单,
STR_COT_INPUT_TOGGLE_MENU_SERVER_INFO,Open/Close Server Info Menu,Open/Close Server Info Menu,Otevřít/Zavřít nabídku informací o serveru,Serverinfo-Menü öffnen/schließen,Открыть/Закрыть Меню Информации о Сервере,Otwórz/Zamknij Menu Informacji o Serwerze,Szerverinfo menü megnyitása/bezárása,Apri/Chiudi Menu Info Server,Abrir/Cerrar Menú de Información del Servidor,Ouvrir/Fermer le menu Infos Serveur,開啟/關閉伺服器資訊選單,サーバー情報メニューを開閉,Abrir/Fechar Menu de Informações do Servidor,打开/关闭服务器信息菜单,
STR_COT_INPUT_TOGGLE_MENU_TELEPORT,Open/Close Teleport Menu,Open/Close Teleport Menu,Otevřít/Zavřít nabídku teleportu,Teleport-Menü öffnen/schließen,Открыть/Закрыть Меню Телепортации,Otwórz/Zamknij Menu Teleportacji,Teleport menü megnyitása/bezárása,Apri/Chiudi Menu Teletrasporto,Abrir/Cerrar Menú de Teletransporte,Ouvrir/Fermer le menu Téléportation,開啟/關閉傳送選單,テレポートメニューを開閉,Abrir/Fechar Menu de Teletransporte,打开/关闭传送菜单,
STR_COT_INPUT_TOGGLE_MENU_VEHICLE,Open/Close Vehicle Menu,Open/Close Vehicle Menu,Otevřít/Zavřít nabídku vozidel,Fahrzeug-Menü öffnen/schließen,Открыть/Закрыть Меню Транспорта,Otwórz/Zamknij Menu Pojazdów,Jármű menü megnyitása/bezárása,Apri/Chiudi Menu Veicolo,Abrir/Cerrar Menú de Vehículo,Ouvrir/Fermer le menu Véhicule,開啟/關閉載具選單,車両メニューを開閉,Abrir/Fechar Menu de Veículo,打开/关闭载具菜单,
STR_COT_INPUT_TOGGLE_MENU_WEATHER,Open/Close Weather Menu,Open/Close Weather Menu,Otevřít/Zavřít nabídku počasí,Wetter-Menü öffnen/schließen,Открыть/Закрыть Меню Погоды,Otwórz/Zamknij Menu Pogody,Időjárás menü megnyitása/bezárása,Apri/Chiudi Menu Meteo,Abrir/Cerrar Menú de Clima,Ouvrir/Fermer le menu Météo,開啟/關閉天氣選單,天気メニューを開閉,Abrir/Fechar Menu de Clima,打开/关闭天气菜单,
STR_COT_INPUT_TOGGLE_SIDEBAR,Open/Close Sidebar,Open/Close Sidebar,Otevřít/Zavřít boční panel,Seitenleiste öffnen/schließen,Открыть/Закрыть Боковую Панель,Otwórz/Zamknij Panel Boczny,Oldalsáv megnyitása/bezárása,Apri/Chiudi Barra Laterale,Abrir/Cerrar Barra Lateral,Ouvrir/Fermer le menu Général,開啟/關閉側邊欄,サイドバーを開閉,Abrir/Fechar Barra Lateral,打开/关闭侧边栏,
STR_COT_ITEMSET_MODULE_NAME,ItemSet Spawner,ItemSet Spawner,Generátor sad položek,ItemSet-Spawner,Спавнер Наборов Предметов,Spawner Zestawów Przedmiotów,Elemkészlet Létrehozó,Generatore Set Oggetti,Generador de Conjunto de Objetos,Spawneur de Sets d'Objets,物品套裝生成器,アイテムセットスポーナー,Gerador de Conjunto de Itens,物品套装生成器,
STR_COT_OBJECT_MODULE_EXPORT_RAW,Export Raw,Export Raw,Exportovat (čistý text),Exportieren (Text),Экспортировать как текст,Eksportuj Surowe Dane,Exportálás nyersen,Esporta Raw,Exportar Raw,Export Raw,匯出原始資料,Rawエクスポート,Exportar Raw,导出原始数据,
STR_COT_OBJECT_MODULE_EXPORT_TYPES,Export Types,Export Types,Exportovat (typy),Exportieren (Types),Экспортировать типы,Eksportuj Typy,Típusok exportálása,Esporta Tipi,Exportar Tipos,Export Types,匯出類型,タイプをエクスポート,Exportar Tipos,导出类型,
STR_COT_OBJECT_MODULE_EXPORT_MARKET,Export Market,Export Market,Exportovat (trh),Exportieren (Market),Экспортировать для рынка,Eksportuj Rynek,Piac exportálása,Esporta Mercato,Exportar Mercado,Export Market,匯出市場資料,マーケットをエクスポート,Exportar Mercado,导出市场数据,
STR_COT_LOADOUT_MODULE_NAME,Spawner System,Spawner System,Systém pro spawnování,Spawner System,Система Спавна,System Spawnu,Spawner rendszer,Sistema di Generazione,Sistema de Generación,Spawner System,生成器系統,スポーナーシステム,Sistema de Geração,生成器系统,
STR_COT_MAP_MODULE_NAME,Map,Map,Mapa,Karte,Карта,Mapa,Térkép,Mappa,Mapa,Carte,地圖,地図,Mapa,地图,
STR_COT_NOTIFICATION_MESSAGE_FROM_ADMIN,Admin Message,Admin Message,Zpráva od administrátora,Admin Nachricht,Сообщение от Админа,Wiadomość Od Administratora,Admin üzenet,Messaggio Admin,Mensaje del Administrador,Message Admin,管理員訊息,管理者メッセージ,Mensagem do Administrador,管理员消息,
STR_COT_NOTIFICATION_KICKED_BY_ADMIN,Kicked by Admin,Kicked by Admin,Vyhozen administrátorem,Gekickt durch Admin,Кикнут Админом,Wyrzucony Przez Administratora,Admin által kirúgva,Espulso dall'Admin,Expulsado por el Administrador,Éjecté par un Admin,被管理員踢出,管理者によってキックされました,Expulso pelo Administrador,被管理员踢出,
STR_COT_NOTIFICATION_BANNED_BY_ADMIN,Banned by Admin,Banned by Admin,Zablokován administrátorem,Gesperrt durch Admin,Забанен Админом,Zbanowany Przez Administratora,Admin által tiltva,Bannato dall'Admin,Baneado por el Administrador,Banni par un Admin,被管理員封鎖,管理者によってBANされました,Banido pelo Administrador,被管理员封锁,
STR_COT_NOTIFICATION_TITLE_ADMIN,Community Online Tools,Community Online Tools,Komunitní online nástroje,Community Online Tools,Community Online Tools,Narzędzia Społeczności Online,Közösségi Online Eszközök,Community Online Tools,Herramientas Online de la Comunidad,Community Online Tools,社群線上工具,Community Online Tools,Ferramentas Online da Comunidade,社区在线工具,
STR_COT_NOTIFICATION_TOGGLE,Community Online Tools has been toggled %1,Community Online Tools has been toggled %1,Komunitní online nástroje byly přepnuty na %1,Community Online Tools %1geschaltet,Инструменты Сообщества Онлайн %1,Narzędzia Społeczności Online zostały %1,A Közösségi Online Eszközök %1 állapotba lett kapcsolva,Community Online Tools è stato attivato %1,Las Herramientas Online de la Comunidad han sido activadas %1,Community Online Tools est désormais %1,社群線上工具已切換為 %1,Community Online Tools は %1 に切り替えられました,As Ferramentas Online da Comunidade foram ativadas %1,社区在线工具已切换 %1,		
STR_COT_NOTIFICATION_WARNING_TOGGLED_OFF,%1 is currently not available because Community Online Tools is toggled off. Toggle it on by pressing the '%2' key.,%1 is currently not available because Community Online Tools is toggled off. Toggle it on by pressing the '%2' key.,%1 is currently not available because Community Online Tools is toggled off. Toggle it on by pressing the '%2' key.,"%1 ist gerade nicht verfügbar, da Community Online Tools ausgeschaltet ist. Schalte es mit der '%2'-Taste ein.",%1 is currently not available because Community Online Tools is toggled off. Toggle it on by pressing the '%2' key.,%1 is currently not available because Community Online Tools is toggled off. Toggle it on by pressing the '%2' key.,%1 is currently not available because Community Online Tools is toggled off. Toggle it on by pressing the '%2' key.,%1 is currently not available because Community Online Tools is toggled off. Toggle it on by pressing the '%2' key.,%1 is currently not available because Community Online Tools is toggled off. Toggle it on by pressing the '%2' key.,%1 is currently not available because Community Online Tools is toggled off. Toggle it on by pressing the '%2' key.,%1 is currently not available because Community Online Tools is toggled off. Toggle it on by pressing the '%2' key.,%1 is currently not available because Community Online Tools is toggled off. Toggle it on by pressing the '%2' key.,%1 is currently not available because Community Online Tools is toggled off. Toggle it on by pressing the '%2' key.,%1 is currently not available because Community Online Tools is toggled off. Toggle it on by pressing the '%2' key.,
STR_COT_NOTIFICATION_ERROR_CANNOT_HEAL_DEAD_CREATURE,Cannot heal dead creature or player,Cannot heal dead creature or player,Nelze léčit mrtvé stvoření nebo hráče,Kann tote Kreatur oder Spieler nicht heilen,Невозможно вылечить мёртвое существо или игрока,Nie można uleczyć martwego stworzenia lub gracza,Halott lényt vagy játékost nem lehet gyógyítani,Impossibile curare creatura o giocatore morto,No se puede curar a una criatura o jugador muerto,Impossible de soigner une créature ou un joueur mort,無法治療死亡的生物或玩家,死んだクリーチャーまたはプレイヤーを回復できません,Não é possível curar criatura ou jogador morto,无法治疗死亡的生物或玩家,
STR_COT_OBJECT_MODULE_CROSSHAIR,Crosshair,Crosshair,Kurzor,Fadenkreuz,Курсор,Kursor,Kurzor,Cursore,Crosshair,Viseur,游標,カーソル,Crosshair,光标,
STR_COT_OBJECT_MODULE_DELETE,Delete,Delete,Smazat,Löschen,Удалить,Usuń,Törlés,Elimina,Borrar,Supprimer,刪除,削除,Excluir,删除,
STR_COT_OBJECT_MODULE_DELETE_CONFIRMATION_BODY,Do you wish to remove the object %1,Do you wish to remove the object %1,Přejete si odstranit objekt %1,Das Objekt %1 wirklich löschen?,Вы действительно хотите удалить %1?,Czy na pewno chcesz usunąć obiekt %1?,Biztosan el akarod távolítani a %1 objektumot?,Vuoi davvero rimuovere l'oggetto %1?,¿Deseas eliminar el objeto %1?,Veux-tu vraiment supprimer l'objet %1,您確定要移除物件 %1 嗎？,オブジェクト %1 を削除しますか？,Você deseja remover o objeto %1?,您确定要移除对象 %1 吗？,
STR_COT_OBJECT_MODULE_FILTER_TYPE_AI,AI,AI,AI,KI,ИИ,SI,AI,IA,IA,IA,AI,AI,IA,AI,
STR_COT_OBJECT_MODULE_FILTER_TYPE_ALL,All,All,Vše,Alle,Всё,Wszystkie,Összes,Tutti,Todo,Tous,所有,すべて,Todos,所有,
STR_COT_OBJECT_MODULE_FILTER_TYPE_AMMO_MAGAZINES,Ammo/Mags,Ammo/Mags,Munice/Zásobníky,Munition/Magazine,Боеприпасы/Журналы,Amunicja/Magazyny,Lőszer/Tárak,Munizioni/Caricatori,Municiones/Cargadores,Munitions/Magazines,彈藥/彈匣,弾薬/マガジン,Munições/Cartuchos,弹药/弹匣,
STR_COT_OBJECT_MODULE_FILTER_TYPE_BUILDINGS,Buildings,Buildings,Budovy,Gebäude,Здания,Budynki,Épületek,Edifici,Edificios,Bâtiments,建築物,建物,Construções,建筑物,
STR_COT_OBJECT_MODULE_FILTER_TYPE_CLOTHING,Clothing,Clothing,Oblečení,Kleidung,Одежда,Ubrania,Ruházat,Vestiti,Ropa,Vêtements,服裝,衣類,Roupas,服装,
STR_COT_OBJECT_MODULE_FILTER_TYPE_CONTAINERS,Containers,Containers,Kontejnery,Behälter,Контейнеры,Kontenery,Konténerek,Contenitori,Contenedores,Conteneurs,容器,コンテナ,Recipientes,容器,
STR_COT_OBJECT_MODULE_FILTER_TYPE_FIREARMS,Firearms,Firearms,Střelné zbraně,Waffen,Оружие,Broń Palna,Lőfegyverek,Armi da Fuoco,Armas de Fuego,Armes à feux,槍械,銃器,Armas de Fogo,枪械,
STR_COT_OBJECT_MODULE_FILTER_TYPE_FOOD,Food,Food,Jídlo,Nahrung,Еда,Jedzenie,Étel,Cibo,Comida,Nourriture,食物,食料,Comida,食物,
STR_COT_OBJECT_MODULE_FILTER_TYPE_ITEMS,Items,Items,Předměty,Gegenstände,Предметы,Przedmioty,Tárgyak,Oggetti,Objetos,Objets,物品,アイテム,Itens,物品,
STR_COT_OBJECT_MODULE_FILTER_TYPE_VEHICLES,Vehicles,Vehicles,Vozidla,Fahrzeuge,Транспорт,Pojazdy,Járművek,Veicoli,Vehículos,Véhicules,載具,車両,Veículos,载具,
STR_COT_OBJECT_MODULE_INVENTORY,Own Inventory,Own Inventory,Inventář,Eigenes Inventar,Инвентарь,Ekwipunek,Leltár,Inventario,Inventario,Inventaire,物品欄,インベントリ,Inventário,物品栏,
STR_COT_OBJECT_MODULE_NAME,Object Spawner,Object Spawner,Generátor objektů,Objekt-Spawner,Спавнер Объектов,Spawner Obiektów,Objektum Létrehozó,Generatore Oggetti,Generador de Objetos,Spawneur d'Objets,物件生成器,オブジェクトスポーナー,Gerador de Objetos,对象生成器,
STR_COT_OBJECT_MODULE_SPAWN_WITH,Spawn with attachments:,Spawn with attachments:,Spawnout s příslušenstvím:,Mit Zubehör spawnen:,Спавнить с обвесами:,Spawnuj z załącznikami:,Spawnolás tartozékokkal:,Genera con accessori:,Generar con accesorios:,Spawn avec attachements:,附加組件生成：,アタッチメント付きでスポーン:,Gerar com acessórios:,附加组件生成：,
STR_COT_OBJECT_MODULE_SPAWN_WITH_DEBUG,Auto,Auto,Automaticky,Automatisch,Автоматически,Automatycznie,Automatikus,Automatico,Automático,Auto,自動,自動,Automático,自动,
STR_COT_OBJECT_MODULE_SPAWN_WITH_CE,CE (Loot),CE (Loot),CE (Loot),CE (Loot),CE (Loot),CE (Loot),CE (Loot),CE (Loot),CE (Loot),CE (Loot),CE (Loot),CE (Loot),CE (Loot),CE (Loot),
STR_COT_OBJECT_MODULE_SHOWUNSAFE,Show unsafe,Show unsafe,Zobrazit nebezpečné objekty,Zeige Debug-Objekte,Показать небезопасные объекты,Pokaż niebezpieczne obiekty,Veszélyes objektumok mutatása,Mostra oggetti non sicuri,Mostrar objetos inseguros,Afficher objets dangereux,顯示不安全物件,安全でないオブジェクトを表示,Mostrar objetos inseguros,显示不安全对象,
STR_COT_OBJECT_MODULE_QUANTITY,Quantity:,Quantity:,Množství:,Menge:,Количество:,Ilość:,Mennyiség:,Quantità:,Cantidad:,Quantité:,數量：,数量:,Quantidade:,数量：,
STR_COT_OBJECT_MODULE_HEALTH,Health:,Health:,Zdraví:,Leben:,Здоровье:,Zdrowie:,Egészség:,Salute:,Salud:,Santé:,生命值：,体力:,Saúde:,生命值：,
STR_COT_OBJECT_MODULE_TEMPERATURE,Temperature:,Temperature:,Teplota:,Temperatur:,Температура:,Temperatura:,Hőmérséklet:,Temperatura:,Temperatura:,Température:,溫度：,温度:,Temperatura:,温度：,
STR_COT_OBJECT_MODULE_SEARCH,Search:,Search:,Hledat:,Suche:,Поиск:,Szukaj:,Keresés:,Cerca:,Buscar:,Recherche:,搜尋：,検索:,Buscar:,搜索：,
STR_COT_OBJECT_MODULE_SELECTED_OBJECTS,Selected Object(s),Selected Object(s),Selected Object(s),Gewählte(s) Objekt(e),Selected Object(s),Selected Object(s),Selected Object(s),Selected Object(s),Selected Object(s),Selected Object(s),Selected Object(s),Selected Object(s),Selected Object(s),Selected Object(s),
STR_COT_OBJECT_MODULE_SELECTED_PLAYERS,Selected Player(s),Selected Player(s),Vybraný/é hráč/i,Gewählte(r) Spieler,Выбранный игрок(-и),Wybrany/Wybrani Gracz/Gracze,Kijelölt játékos(ok),Giocatore/i Selezionato/i,Jugador(es) Seleccionado(s),Joueur(s) sélectionné(s),選定的玩家,選択されたプレイヤー,Jogador(es) Selecionado(s),选定的玩家,
STR_COT_OBJECT_MODULE_SELF,Own Position,Own Position,Já,Eigener Position,Себя,Ja,Én,Se Stesso,Uno Mismo,Sois-même,自己,自分,Eu,自己,
STR_COT_PLAYER_MODULE_SET_SCALE_HEADER,Set Scale,Set Scale,Nastavit měřítko,Skalieren,Установить масштаб,Ustaw Skalę,Méret beállítása,Imposta Scala,Establecer Escala,Définir taille,設定縮放,スケールを設定,Definir Escala,设置缩放,
STR_COT_PLAYER_MODULE_SET_SCALE_BODY,Enter a value from 0.1 to 10 (1 = no scaling),Enter a value from 0.1 to 10 (1 = no scaling),"Zadejte hodnotu od 0,1 do 10 (1 = bez škálování)",Gib einen Wert von 0.1 bis 10 ein (1 = keine Skalierung),Введите значение от 0.1 до 10 (1 = без масштабирования),Wprowadź wartość od 0.1 do 10 (1 = bez skalowania),Adjon meg egy 0.1 és 10 közötti értéket (1 = nincs méretezés),Inserisci un valore da 0.1 a 10 (1 = nessuna scala),Introduce un valor de 0.1 a 10 (1 = sin escalado),"Saisissez une valeur entre 0,1 et 10 (1 = normal)",輸入 0.1 到 10 之間的值 (1 = 無縮放),0.1から10の値を入力してください（1 = スケーリングなし）,Insira um valor de 0.1 a 10 (1 = sem escala),输入 0.1 到 10 之间的值 (1 = 无缩放),
STR_COT_PLAYER_MODULE_SET_VOMIT_DURATION_HEADER,Vomit,Vomit,Zvracení,Erbrechen,Рвота,Wymiotuj,Hányás,Vomito,Vomitar,Vomir,嘔吐,嘔吐,Vomitar,呕吐,
STR_COT_PLAYER_MODULE_SET_VOMIT_DURATION_BODY,Enter a time in seconds (1-120),Enter a time in seconds (1-120),Zadejte čas v sekundách (1-120),Zeit in Sekunden (1-120),Введите время в секундах (1-120),Wprowadź czas w sekundach (1-120),Adjon meg egy időtartamot másodpercekben (1-120),Inserisci un tempo in secondi (1-120),Introduce un tiempo en segundos (1-120),Entrez une durée en secondes (1-120),輸入秒數 (1-120),秒単位で時間（1〜120）を入力してください,Insira um tempo em segundos (1-120),输入秒数 (1-120),
STR_COT_OBJECT_MODULE_SPAWN_ON,Spawn on:,Spawn on:,Spawnout na:,Spawnen bei:,Заспавнить на:,Spawnuj na:,Spawnolás helye:,Genera su:,Generar en:,Apparaître sur :,生成於：,スポーン場所:,Gerar em:,生成于：,
STR_COT_OBJECT_MODULE_SPAWN_DISPLAYNAME,Display name,Display name,Filtrovat podle názvu,Nach Name filtern,Фильтр по Имени,Filtruj wg Nazwy,Szűrés név szerint,Filtra per Nome,Filtrar por Nombre,Filtrer par nom,依名稱篩選,名前でフィルタリング,Filtrar por Nome,按名称筛选,
STR_COT_OBJECT_MODULE_TARGET,Target,Target,Cíl,Ziel,Цель,Cel,Célpont,Bersaglio,Objetivo,Cible,目標,ターゲット,Alvo,目标,
STR_COT_PERMISSION_ALLOW_C,ALLOW,ALLOW,POVOLIT,ERLAUBEN,РАЗРЕШИТЬ,POZWÓL,ENGEDÉLYEZÉS,PERMETTI,PERMITIR,AUTORISER,允許,許可,PERMITIR,允许,
STR_COT_PERMISSION_DISALLOW_C,DISALLOW,DISALLOW,ZAKÁZAT,VERBIETEN,ЗАПРЕТИТЬ,ZABROŃ,TILALOM,VIETA,NO PERMITIR,INTERDIRE,不允許,許可しない,NÃO PERMITIR,不允许,
STR_COT_PERMISSION_INHERIT_C,INHERIT,INHERIT,DĚDIT,ERBEN,НАСЛЕДОВАТЬ,DZIEDZICZ,ÖRÖKLÉS,EREDITA,HEREDAR,HÉRITER,繼承,継承,HERDAR,继承,
STR_COT_PLAYER_MODULE_KICK_MESSAGE_HEADER,Kick Message,Kick Message,Zpráva o vyhození,Kick-Nachricht,Сообщение о Кике,Wiadomość o Wyrzuceniu,Kirúgási üzenet,Messaggio di Espulsione,Mensaje de Expulsión,Message d'Ejection,踢出訊息,キックメッセージ,Mensagem de Expulsão,踢出消息,
STR_COT_PLAYER_MODULE_KICK_MESSAGE_BODY,Leave blank to use default,Leave blank to use default,Nechte prázdné pro výchozí,"Freilassen, um Standard zu verwenden",Оставьте пустым для использования по умолчанию,"Zostaw puste, aby użyć domyślnej",Hagyja üresen az alapértelmezett használatához,Lascia vuoto per usare il predefinito,Dejar en blanco para usar el predeterminado,Laissez vide pour utiliser la valeur par défaut,留白以使用預設值,デフォルトを使用する場合は空白のままにしてください,Deixe em branco para usar o padrão,留空以使用默认值,
STR_COT_PLAYER_MODULE_BAN_MESSAGE_HEADER,Ban Message,Ban Message,Zpráva o zablokování,Sperr-Nachricht,Сообщение о Бане,Wiadomość o Zbanowaniu,Tiltási üzenet,Messaggio di Ban,Mensaje de Baneo,Message de Bannissement,封鎖訊息,BANメッセージ,Mensagem de Banimento,封锁消息,
STR_COT_PLAYER_MODULE_BAN_MESSAGE_BODY,Leave blank to use default,Leave blank to use default,Nechte prázdné pro výchozí,"Freilassen, um Standard zu verwenden",Оставьте пустым для использования по умолчанию,"Zostaw puste, aby użyć domyślnej",Hagyja üresen az alapértelmezett használatához,Lascia vuoto per usare il predefinito,Dejar en blanco para usar el predeterminado,Laissez vide pour utiliser la valeur par défaut,留白以使用預設值,デフォルトを使用する場合は空白のままにしてください,Deixe em branco para usar o padrão,留空以使用默认值,
STR_COT_ESP_MODULE_LOADOUT_MESSAGE_HEADER,Spawner Set Name,Spawner Set Name,Název sady pro spawnování,Spawner Set Name,Название Набора для Спавна,Nazwa Zestawu Spawnu,Spawner készlet neve,Nome Set Generatore,Nombre del Conjunto de Generación,Spawner Set Name,生成器套裝名稱,スポーナーセット名,Nome do Conjunto de Geração,生成器套装名称,
STR_COT_ESP_MODULE_LOADOUT_MESSAGE_BODY,Enter the name of your Set,Enter the name of your Set,Zadejte název vaší sady,Names des Sets eingeben,Введите название вашего Набора,Wprowadź nazwę swojego Zestawu,Adja meg a készlet nevét,Inserisci il nome del tuo Set,Introduce el nombre de tu Conjunto,Enter the name of your Set,輸入您的套裝名稱,セットの名前を入力してください,Insira o nome do seu Conjunto,输入您的套装名称,
STR_COT_LOADOUT_MODULE_LOADOUT_CONFIRMATION_BODY,Do you wish to remove the Set %1,Do you wish to remove the Set %1,Přejete si odstranit sadu %1,Möchtest du das Set %1 löschen,Вы действительно хотите удалить Набор %1?,Czy na pewno chcesz usunąć Zestaw %1?,Biztosan el akarja távolítani a %1 készletet?,Vuoi davvero rimuovere il Set %1?,¿Deseas eliminar el Conjunto %1?,Do you wish to remove the Set %1,您確定要移除套裝 %1 嗎？,セット %1 を削除しますか？,Você deseja remover o Conjunto %1?,您确定要移除套装 %1 吗？,
STR_COT_PLAYER_MODULE_MESSAGE_HEADER,Message,Message,Zpráva,Nachricht,Сообщение,Wiadomość,Üzenet,Messaggio,Mensaje,Message,訊息,メッセージ,Mensagem,消息,
STR_COT_PLAYER_MODULE_MESSAGE_BODY,Enter Message to display,Enter Message to display,Zadejte zprávu k zobrazení,Anzuzeigende Nachricht eingeben,Введите сообщение для отображения,Wprowadź wiadomość do wyświetlenia,Írja be a megjelenítendő üzenetet,Inserisci il messaggio da visualizzare,Introduce el Mensaje a mostrar,Entrez le message à afficher,輸入要顯示的訊息,表示するメッセージを入力してください,Insira a Mensagem a ser exibida,输入要显示的消息,
STR_COT_PLAYER_MODULE_SET_PLAYERPREF_HEADER,Player Preference,Player Preference,Předvolby hráče,Spieler Präferenz,Настройки Игрока,Preferencje Gracza,Játékos beállítások,Preferenze Giocatore,Preferencia del Jugador,Player Preference,玩家偏好設定,プレイヤー設定,Preferência do Jogador,玩家偏好设置,
STR_COT_PLAYER_MODULE_SET_PLAYERPREF_SAVE_BODY,Save your playerlist selection,Save your playerlist selection,Uložit výběr hráčského seznamu,Spielerliste Auswahl speichern,Сохранить выбор игроков,Zapisz swój wybór listy graczy,Játékoslista kiválasztásának mentése,Salva la tua selezione della lista giocatori,Guardar tu selección de la lista de jugadores,Save your playerlist selection,儲存您的玩家列表選擇,プレイヤーリストの選択を保存,Salvar sua seleção da lista de jogadores,保存您的玩家列表选择,
STR_COT_PLAYER_MODULE_SET_PLAYERPREF_LOAD_BODY,Load a playerlist selection,Load a playerlist selection,Načíst výběr hráčského seznamu,Spielerliste Auswahl laden,Загрузить выбор игроков,Załaduj wybór listy graczy,Játékoslista kiválasztásának betöltése,Carica una selezione della lista giocatori,Cargar una selección de la lista de jugadores,Load a playerlist selection,載入玩家列表選擇,プレイヤーリストの選択をロード,Carregar uma seleção da lista de jogadores,加载玩家列表选择,
STR_COT_PLAYER_MODULE_SET_PLAYERPREF_GROUP,Group,Group,Skupina,Gruppe,Группа,Grupa,Csoport,Gruppo,Grupo,Groupe,群組,グループ,Grupo,群组,
STR_COT_PLAYER_MODULE_LEFT_FILTER,Filter:,Filter:,Filtr:,Filter:,Фильтр:,Filtr:,Szűrő:,Filtro:,Filtrar:,Filtre:,篩選器：,フィルター:,Filtro:,筛选器：,
STR_COT_PLAYER_MODULE_LEFT_PLAYER_COUNT,Player Count:,Player Count:,Počet hráčů:,Spieler-Zahl:,Количество Игроков:,Liczba Graczy:,Játékosszám:,Numero Giocatori:,Número de Jugadores:,Nombre de joueurs:,玩家人數：,プレイヤー数:,Número de Jogadores:,玩家人数：,
STR_COT_PLAYER_MODULE_LEFT_PLAYER_ONLINE,Online:,Online:,Online:,Online:,Online:,Online:,Online:,Online:,Online:,Online:,Online:,Online:,Online:,Online:,
STR_COT_PLAYER_MODULE_LEFT_PLAYER_PEAK,Peak:,Peak:,Peak:,Peak:,Peak:,Peak:,Peak:,Peak:,Peak:,Peak:,Peak:,Peak:,Peak:,Peak:,
STR_COT_PLAYER_MODULE_LEFT_PLAYER_LISTED,Listed:,Listed:,Listed:,Listed:,Listed:,Listed:,Listed:,Listed:,Listed:,Listed:,Listed:,Listed:,Listed:,Listed:,
STR_COT_PLAYER_MODULE_LEFT_PLAYER_SELECTED,Selected:,Selected:,Selected:,Selected:,Selected:,Selected:,Selected:,Selected:,Selected:,Selected:,Selected:,Selected:,Selected:,Selected:,
STR_COT_PLAYER_MODULE_LEFT_SORT,Sort:,Sort:,Řadit:,Sortieren:,Сортировать:,Sortuj:,Rendezés:,Ordina:,Ordenar:,Tri:,排序：,並べ替え:,Ordenar:,排序：,
STR_COT_PLAYER_MODULE_LEFT_SELECTALL,Select All:,Select All:,Vybrat vše:,Alle auswählen:,Выбрать всё:,Zaznacz Wszystko:,Összes kijelölése:,Seleziona Tutto:,Seleccionar Todo:,Select All:,全選：,すべて選択:,Selecionar Tudo:,全选：,
STR_COT_PLAYER_MODULE_NAME,Player Management,Player Management,Správa hráčů,Spieler-Verwaltung,Управление Игроками,Zarządzanie Graczami,Játékos menedzsment,Gestione Giocatori,Administración de Jugadores,Gestion des Joueurs,玩家管理,プレイヤー管理,Gerenciamento de Jogadores,玩家管理,
STR_COT_WEBHOOK_MODULE_NAME,Webhooks,Webhooks,Webhooks,Webhooks,Webhooks,Webhooks,Webhooks,Webhooks,Webhooks,Webhooks,Webhooks,Webhooks,Webhooks,Webhooks,
STR_COT_PLAYER_MODULE_RIGHT_PLAYER_IDENTITY_GUID,GUID:,GUID:,GUID:,GUID:,GUID:,GUID:,GUID:,GUID:,GUID:,GUID:,GUID：,GUID:,GUID:,GUID：,
STR_COT_PLAYER_MODULE_RIGHT_PLAYER_IDENTITY_NAME,Name:,Name:,Jméno:,Name:,Имя:,Nazwa:,Név:,Nome:,Nombre:,Nom:,名稱：,名前:,Nome:,名称：,
STR_COT_PLAYER_MODULE_RIGHT_PLAYER_IDENTITY_STEAMID,Steam:,Steam:,Steam:,Steam:,Steam:,Steam:,Steam:,Steam:,Steam:,Steam:,Steam：,Steam:,Steam:,Steam：,
STR_COT_PLAYER_MODULE_RIGHT_PLAYER_PERMISSIONS_HEADER,Permission Management:,Permission Management:,Správa oprávnění:,Rechte-Verwaltung:,Управление Правами:,Zarządzanie Uprawnieniami:,Jogosultságkezelés:,Gestione Permessi:,Administración de Permisos:,Gestion des Permissions:,權限管理：,権限管理:,Gerenciamento de Permissões:,权限管理：,
STR_COT_PLAYER_MODULE_RIGHT_PLAYER_PERMISSIONS_HIDE_PERMISSIONS,Hide Permissions,Hide Permissions,Skrýt oprávnění,Rechte ausblenden,Скрыть Права,Ukryj Uprawnienia,Jogosultságok elrejtése,Nascondi Permessi,Ocultar Permisos,Cacher les Permissions,隱藏權限,権限を隠す,Ocultar Permissões,隐藏权限,
STR_COT_PLAYER_MODULE_RIGHT_PLAYER_PERMISSIONS_HIDE_ROLES,Hide Roles,Hide Roles,Skrýt role,Rollen ausblenden,Скрыть Роли,Ukryj Role,Szerepek elrejtése,Nascondi Ruoli,Ocultar Roles,Cacher les Roles,隱藏角色,役割を隠す,Ocultar Funções,隐藏角色,
STR_COT_PLAYER_MODULE_RIGHT_PLAYER_PERMISSIONS_PERMISSIONS,Permissions,Permissions,Oprávnění,Rechte,Права,Uprawnienia,Jogosultságok,Permessi,Permisos,Permissions,權限,権限,Permissões,权限,
STR_COT_PLAYER_MODULE_RIGHT_PLAYER_PERMISSIONS_ROLES,Roles,Roles,Role,Rollen,Роли,Role,Szerepek,Ruoli,Roles,Roles,角色,役割,Funções,角色,
STR_COT_PLAYER_MODULE_RIGHT_PLAYER_PERMISSIONS_SAVE_PERMISSIONS,Save Permissions,Save Permissions,Uložit oprávnění,Rechte speichern,Сохранить Права,Zapisz Uprawnienia,Jogosultságok mentése,Salva Permessi,Guardar Permisos,Sauvegarder les Permissions,儲存權限,権限を保存,Salvar Permissões,保存权限,
STR_COT_PLAYER_MODULE_RIGHT_PLAYER_PERMISSIONS_SAVE_ROLES,Save Roles,Save Roles,Uložit role,Rollen speichern,Сохранить Роли,Zapisz Role,Szerepek mentése,Salva Ruoli,Guardar Roles,Sauvegarder les Roles,儲存角色,役割を保存,Salvar Funções,保存角色,
STR_COT_PLAYER_MODULE_RIGHT_PLAYER_PERMISSIONS_SHOW_PERMISSIONS,Show Permissions,Show Permissions,Zobrazit oprávnění,Rechte anzeigen,Показать Права,Pokaż Uprawnienia,Jogosultságok mutatása,Mostra Permessi,Mostrar Permisos,Afficher les Permissions,顯示權限,権限を表示,Mostrar Permissões,显示权限,
STR_COT_PLAYER_MODULE_RIGHT_PLAYER_PERMISSIONS_SHOW_ROLES,Show Roles,Show Roles,Zobrazit role,Rollen anzeigen,Показать Роли,Pokaż Role,Szerepek mutatása,Mostra Ruoli,Mostrar Roles,Afficher les Roles,顯示角色,役割を表示,Mostrar Funções,显示角色,
STR_COT_PLAYER_MODULE_RIGHT_PLAYER_POSITION_HEADER,Teleporting:,Teleporting:,Teleportování:,Teleportiere:,Телепортирование:,Teleportacja:,Teleportál:,Teletrasporto:,Teletransportando:,Téléportation:,傳送：,テレポート中:,Teletransportando:,传送：,
STR_COT_PLAYER_MODULE_RIGHT_PLAYER_ORIENTATION_COPY,Copy Orientation,Copy Orientation,Kopírovat orientaci,Ausrichtung kopieren,Копировать Ориентацию,Kopiuj Orientację,Irány másolása,Copia Orientamento,Copiar Orientación,Copier Orientation,複製方向,向きをコピー,Copiar Orientação,复制方向,
STR_COT_PLAYER_MODULE_RIGHT_PLAYER_POSITION_COPY,Copy Position,Copy Position,Kopírovat pozici,Position kopieren,Копировать Позицию,Kopiuj Pozycję,Pozíció másolása,Copia Posizione,Copiar Posición,Copier Position,複製位置,位置をコピー,Copiar Posição,复制位置,
STR_COT_PLAYER_MODULE_RIGHT_PLAYER_POSITION_PASTE,Paste Position,Paste Position,Vložit pozici,Position einfügen,Вставить Позицию,Wklej Pozycję,Pozíció beillesztése,Incolla Posizione,Pegar Posición,Coller Position,貼上位置,位置を貼り付け,Colar Posição,粘贴位置,
STR_COT_PLAYER_MODULE_RIGHT_PLAYER_POSITION_REFRESH_COORDINATES,Refresh Coordinates,Refresh Coordinates,Obnovit souřadnice,Koordinaten aktualisieren,Обновить Координаты,Odśwież Współrzędne,Koordináták frissítése,Aggiorna Coordinate,Actualizar Coordenadas,Mettre à jour les coordonnées,重新整理座標,座標を更新,Atualizar Coordenadas,刷新坐标,
STR_COT_PLAYER_MODULE_RIGHT_PLAYER_POSITION_SOURCE_LIVE,Live position read from the loaded entity - full precision,Live position read from the loaded entity - full precision,Live position read from the loaded entity - full precision,Live position read from the loaded entity - full precision,Live position read from the loaded entity - full precision,Live position read from the loaded entity - full precision,Live position read from the loaded entity - full precision,Live position read from the loaded entity - full precision,Live position read from the loaded entity - full precision,Live position read from the loaded entity - full precision,Live position read from the loaded entity - full precision,Live position read from the loaded entity - full precision,Live position read from the loaded entity - full precision,Live position read from the loaded entity - full precision,
STR_COT_PLAYER_MODULE_RIGHT_PLAYER_POSITION_SOURCE_SYNCED,Position last synced from the server - reduced precision,Position last synced from the server - reduced precision,Position last synced from the server - reduced precision,Position last synced from the server - reduced precision,Position last synced from the server - reduced precision,Position last synced from the server - reduced precision,Position last synced from the server - reduced precision,Position last synced from the server - reduced precision,Position last synced from the server - reduced precision,Position last synced from the server - reduced precision,Position last synced from the server - reduced precision,Position last synced from the server - reduced precision,Position last synced from the server - reduced precision,Position last synced from the server - reduced precision,
STR_COT_PLAYER_MODULE_RIGHT_PLAYER_POSITION_TELEPORT_ME_TO,Teleport Me To,Teleport Me To,Teleportovat mě na,Teleportiere mich zu Spieler,Телепортировать Меня К,Teleportuj Mnie Do,Teleportálj hozzám,Teletrasportami A,Teletransportarme A,Me téléporter à,傳送我到,私をテレポート,Teletransportar-me Para,传送我到,
STR_COT_PLAYER_MODULE_RIGHT_PLAYER_POSITION_TELEPORT_PREVIOUS,Teleport Previous,Teleport Previous,Teleportovat předchozí,Teleportiere an vorherigen Ort,Телепортировать к Предыдущему,Teleportuj Do Poprzedniej Pozycji,Teleportálj az előző helyre,Teletrasporta Precedente,Teletransportar Anterior,TP pos précédente,傳送至先前位置,前の場所へテレポート,Teletransportar Anterior,传送到先前位置,
STR_COT_PLAYER_MODULE_RIGHT_PLAYER_POSITION_TELEPORT_TO_COORDINATES,Teleport to Coordinates,Teleport to Coordinates,Teleportovat na souřadnice,Teleportiere zu Koordinaten,Телепортировать к Координатам,Teleportuj Do Współrzędnych,Teleportálj a koordinátákhoz,Teletrasporta a Coordinate,Teletransportar a Coordenadas,Téléporter aux coordonées,傳送至座標,座標へテレポート,Teletransportar para Coordenadas,传送到坐标,
STR_COT_PLAYER_MODULE_RIGHT_PLAYER_POSITION_TELEPORT_TO_ME,Teleport To Me,Teleport To Me,Teleportovat k sobě,Zu mir teleportieren,Телепортировать Ко Мне,Teleportuj Do Mnie,Teleportálj hozzám,Teletrasporta Da Me,Teletransportar Hacia Mí,Téléporter à moi,傳送到我這裡,私のところへテレポート,Teletransportar Para Mim,传送到我这里,
STR_COT_PLAYER_MODULE_RIGHT_PLAYER_QUICK_ACTIONS_CLEAR_INVENTORY,Clear Inventory,Clear Inventory,Vymazat inventář,Inventar leeren,Очистить Инвентарь,Wyczyść Ekwipunek,Leltár ürítése,Pulisci Inventario,Limpiar Inventario,Vider l'inventaire,清除物品欄,インベントリをクリア,Limpar Inventário,清除物品栏,
STR_COT_PLAYER_MODULE_RIGHT_PLAYER_QUICK_ACTIONS_EXPLOADOUT,Expansion Loadout,Expansion Loadout,Expansion Loadout,Expansion Loadout,Expansion Loadout,Expansion Loadout,Expansion Loadout,Expansion Loadout,Expansion Loadout,Expansion Loadout,Expansion Loadout,Expansion Loadout,Expansion Loadout,Expansion Loadout,
STR_COT_PLAYER_MODULE_RIGHT_PLAYER_QUICK_ACTIONS_DRY,Dry,Dry,Suchý,Trocknen,Сухой,Suchy,Száraz,Asciutto,Seco,Sècher,乾燥,乾燥,Seco,干燥,
STR_COT_PLAYER_MODULE_RIGHT_PLAYER_QUICK_ACTIONS_HEADER,Quick Actions:,Quick Actions:,Rychlé akce:,Schnellaktionen:,Быстрые Действия:,Szybkie Akcje:,Gyors műveletek:,Azioni Rapide:,Acciones Rápidas:,Actions rapides:,快速動作：,クイックアクション:,Ações Rápidas:,快速操作：,
STR_COT_PLAYER_MODULE_RIGHT_PLAYER_QUICK_ACTIONS_HEAL,Heal,Heal,Léčit,Heilen,Вылечить,Ulecz,Gyógyítás,Cura,Curar,Soigner,治療,回復,Curar,治疗,
STR_COT_PLAYER_MODULE_RIGHT_PLAYER_QUICK_ACTIONS_KICK,Kick,Kick,Vyhodit,Kicken,Кикнуть,Wyrzuć,Kirúgás,Espelli,Expulsar,Ejecter,踢出,キック,Expulsar,踢出,
STR_COT_PLAYER_MODULE_RIGHT_PLAYER_QUICK_ACTIONS_BAN,Ban,Ban,Zablokovat,Sperren,Забанить,Zbanuj,Tiltás,Banna,Banear,Bannir,封鎖,BAN,Banir,封锁,
STR_COT_PLAYER_MODULE_RIGHT_PLAYER_QUICK_ACTIONS_KILL,Kill,Kill,Zabít,Töten,Убить,Zabij,Ölés,Uccidi,Matar,Tuer,殺死,キル,Matar,杀死,
STR_COT_PLAYER_MODULE_RIGHT_PLAYER_QUICK_ACTIONS_REPAIR_TRANSPORT,Repair Transport,Repair Transport,Opravit transport,Fahrzeug reparieren,Починить Транспорт,Napraw Pojazd,Jármű javítása,Ripara Trasporto,Reparar Transporte,Réparer le véhicule,修理載具,輸送手段を修理,Reparar Transporte,修理载具,
STR_COT_PLAYER_MODULE_RIGHT_PLAYER_QUICK_ACTIONS_SEND_MESSAGE,Send message,Send message,Poslat zprávu,Nachricht senden,Отправить сообщение,Wyślij wiadomość,Üzenet küldése,Invia messaggio,Enviar mensaje,Envoyer un message,發送訊息,メッセージを送る,Enviar mensagem,发送消息,
STR_COT_PLAYER_MODULE_RIGHT_PLAYER_QUICK_ACTIONS_SPECTATE,Spectate,Spectate,Sledovat,Zuschauen,Наблюдать,Obserwuj,Megfigyelés,Spetta,Espectar,Observer,觀看,観戦,Espectar,旁观,
STR_COT_PLAYER_MODULE_RIGHT_PLAYER_QUICK_ACTIONS_STOP_SPECTATE,Stop Spectating,Stop Spectating,Stop Spectating,Zuschauen beenden,Stop Spectating,Stop Spectating,Stop Spectating,Stop Spectating,Stop Spectating,Stop Spectating,Stop Spectating,Stop Spectating,Stop Spectating,Stop Spectating,
STR_COT_PLAYER_MODULE_RIGHT_PLAYER_QUICK_ACTIONS_STOP_BLEEDING,Stop Bleeding,Stop Bleeding,Zastavit krvácení,Blutungen stoppen,Остановить Кровотечение,Zatrzymaj Krwawienie,Vérzés megállítása,Ferma Sanguinamento,Detener Sangrado,Stopper les saignements,止血,出血を止める,Parar Sangramento,止血,
STR_COT_PLAYER_MODULE_RIGHT_PLAYER_QUICK_ACTIONS_VOMIT,Vomit,Vomit,Zvracet,Erbrechen,Рвота,Wymiotuj,Hányás,Vomito,Vomitar,Faire vomir,嘔吐,嘔吐,Vomitar,呕吐,
STR_COT_PLAYER_MODULE_RIGHT_PLAYER_QUICK_ACTIONS_SETSCALE,Set Scale,Set Scale,Nastavit měřítko,Skalieren,Установить масштаб,Ustaw Skalę,Méret beállítása,Imposta Scala,Establecer Escala,Changer taille,設定縮放,スケールを設定,Definir Escala,设置缩放,
STR_COT_PLAYER_MODULE_RIGHT_PLAYER_VARIABLES_APPLY,Apply,Apply,Použít,Anwenden,Применить,Zastosuj,Alkalmaz,Applica,Aplicar,Appliquer,套用,適用,Aplicar,应用,
STR_COT_PLAYER_MODULE_RIGHT_PLAYER_DISEASES_HEADER,Diseases:,Diseases:,Choroby:,Krankheiten:,Болезни:,Choroby:,Betegségek:,Malattie:,Enfermedades:,Maladies:,疾病：,疾病：,Doenças:,疾病：,
STR_COT_PLAYER_MODULE_RIGHT_PLAYER_DISEASES_AGENT,Agent:,Agent:,Činidlo:,Erreger:,Агент:,Czynnik:,Anyag:,Agente:,Agente:,Agent:,疾病：,疾病：,Agente:,疾病：,
STR_COT_PLAYER_MODULE_RIGHT_PLAYER_DISEASES_COUNT,Count:,Count:,Množství:,Menge:,Количество:,Ilość:,Mennyiség:,Quantità:,Cantidad:,Quantité:,數量：,數量：,Quantidade:,数量：,
STR_COT_PLAYER_MODULE_RIGHT_PLAYER_DISEASES_ADD,Add Disease,Add Disease,Přidat chorobu,Krankheit hinzufügen,Добавить Болезнь,Dodaj chorobę,Betegség hozzáadása,Aggiungi Malattia,Añadir Enfermedad,Ajouter Maladie,新增疾病,疾病を追加,Adicionar Doença,新增疾病,
STR_COT_PLAYER_MODULE_RIGHT_PLAYER_DISEASES_REMOVE,Remove Disease,Remove Disease,Odebrat chorobu,Krankheit entfernen,Удалить Болезнь,Usuń chorobę,Betegség eltávolítása,Rimuovi Malattia,Eliminar Enfermedad,Retirer Maladie,移除疾病,疾病を除去,Remover Doença,移除疾病,
STR_COT_PLAYER_MODULE_RIGHT_PLAYER_DISEASES_CLEAR,Clear All Diseases,Clear All Diseases,Vymazat všechny choroby,Alle Krankheiten entfernen,Очистить Все Болезни,Wyczyść wszystkie choroby,Összes betegség törlése,Cancella tutte le malattie,Eliminar todas las enfermedades,Supprimer toutes les maladies,清除所有疾病,すべての疾病を削除,Limpar todas as doenças,清除所有疾病,
STR_COT_PLAYER_MODULE_RIGHT_PLAYER_BLEEDING_PART,Body part:,Body part:,Body part:,Body part:,Body part:,Body part:,Body part:,Body part:,Body part:,Body part:,部位,部位,Body part:,部位,
STR_COT_PLAYER_MODULE_RIGHT_PLAYER_BLEEDING_APPLY,Apply bleed,Apply bleed,Apply bleed,Apply bleed,Apply bleed,Apply bleed,Apply bleed,Apply bleed,Apply bleed,Apply bleed,出血,出血,Apply bleed,出血,
STR_COT_PLAYER_MODULE_RIGHT_PLAYER_BLEEDING_STOP,Stop bleeding,Stop bleeding,Stop bleeding,Stop bleeding,Stop bleeding,Stop bleeding,Stop bleeding,Stop bleeding,Stop bleeding,Stop bleeding,止血,止血,Stop bleeding,止血,
STR_COT_MAPEDITOR_MODULE_NAME,Map Editor,Map Editor,Map Editor,Map Editor,Map Editor,Map Editor,Map Editor,Map Editor,Map Editor,Map Editor,Map Editor,Map Editor,Map Editor,Map Editor,
STR_COT_MAPEDITOR_FILTER,Filter...,Filter...,Filter...,Filter...,Filter...,Filter...,Filter...,Filtro...,Filtro...,Filtre...,篩選...,フィルター...,Filtro...,筛选...,
STR_COT_MAPEDITOR_SPAWN_HEADER,Spawn new object,Spawn new object,Spawn new object,Spawn new object,Spawn new object,Spawn new object,Spawn new object,Spawn new object,Spawn new object,Spawn new object,Spawn new object,Spawn new object,Spawn new object,Spawn new object,
STR_COT_MAPEDITOR_CLASSNAME,Classname:,Classname:,Classname:,Classname:,Classname:,Classname:,Classname:,Classname:,Classname:,Classname:,Classname:,Classname:,Classname:,Classname:,
STR_COT_MAPEDITOR_TRANSFORM_HEADER,Transform selected,Transform selected,Transform selected,Transform selected,Transform selected,Transform selected,Transform selected,Transform selected,Transform selected,Transform selected,Transform selected,Transform selected,Transform selected,Transform selected,
STR_COT_MAPEDITOR_DELETE_CONFIRM_HEADER,Delete object,Delete object,Delete object,Delete object,Delete object,Delete object,Delete object,Delete object,Delete object,Delete object,Delete object,Delete object,Delete object,Delete object,
STR_COT_MAPEDITOR_DELETE_CONFIRM_BODY,Delete the selected object? This cannot be undone.,Delete the selected object? This cannot be undone.,Delete the selected object? This cannot be undone.,Delete the selected object? This cannot be undone.,Delete the selected object? This cannot be undone.,Delete the selected object? This cannot be undone.,Delete the selected object? This cannot be undone.,Delete the selected object? This cannot be undone.,Delete the selected object? This cannot be undone.,Delete the selected object? This cannot be undone.,Delete the selected object? This cannot be undone.,Delete the selected object? This cannot be undone.,Delete the selected object? This cannot be undone.,Delete the selected object? This cannot be undone.,
STR_COT_MAPEDITOR_CLEAR_CONFIRM_HEADER,Clear all,Clear all,Clear all,Clear all,Clear all,Clear all,Clear all,Clear all,Clear all,Clear all,Clear all,Clear all,Clear all,Clear all,
STR_COT_MAPEDITOR_CLEAR_CONFIRM_BODY,Delete every object placed by the map editor? This cannot be undone.,Delete every object placed by the map editor? This cannot be undone.,Delete every object placed by the map editor? This cannot be undone.,Delete every object placed by the map editor? This cannot be undone.,Delete every object placed by the map editor? This cannot be undone.,Delete every object placed by the map editor? This cannot be undone.,Delete every object placed by the map editor? This cannot be undone.,Delete every object placed by the map editor? This cannot be undone.,Delete every object placed by the map editor? This cannot be undone.,Delete every object placed by the map editor? This cannot be undone.,Delete every object placed by the map editor? This cannot be undone.,Delete every object placed by the map editor? This cannot be undone.,Delete every object placed by the map editor? This cannot be undone.,Delete every object placed by the map editor? This cannot be undone.,
STR_COT_MAPEDITOR_MOVE_FORWARD,Freecam Forward (W),Freecam Forward (W),Freecam Forward (W),Freecam Forward (W),Freecam Forward (W),Freecam Forward (W),Freecam Forward (W),Freecam Forward (W),Freecam Forward (W),Freecam Forward (W),Freecam Forward (W),Freecam Forward (W),Freecam Forward (W),Freecam Forward (W),
STR_COT_MAPEDITOR_MOVE_BACKWARD,Freecam Backward (S),Freecam Backward (S),Freecam Backward (S),Freecam Backward (S),Freecam Backward (S),Freecam Backward (S),Freecam Backward (S),Freecam Backward (S),Freecam Backward (S),Freecam Backward (S),Freecam Backward (S),Freecam Backward (S),Freecam Backward (S),Freecam Backward (S),
STR_COT_MAPEDITOR_MOVE_LEFT,Freecam Strafe Left (A),Freecam Strafe Left (A),Freecam Strafe Left (A),Freecam Strafe Left (A),Freecam Strafe Left (A),Freecam Strafe Left (A),Freecam Strafe Left (A),Freecam Strafe Left (A),Freecam Strafe Left (A),Freecam Strafe Left (A),Freecam Strafe Left (A),Freecam Strafe Left (A),Freecam Strafe Left (A),Freecam Strafe Left (A),
STR_COT_MAPEDITOR_MOVE_RIGHT,Freecam Strafe Right (D),Freecam Strafe Right (D),Freecam Strafe Right (D),Freecam Strafe Right (D),Freecam Strafe Right (D),Freecam Strafe Right (D),Freecam Strafe Right (D),Freecam Strafe Right (D),Freecam Strafe Right (D),Freecam Strafe Right (D),Freecam Strafe Right (D),Freecam Strafe Right (D),Freecam Strafe Right (D),Freecam Strafe Right (D),
STR_COT_MAPEDITOR_MOVE_UP,Freecam Up (E),Freecam Up (E),Freecam Up (E),Freecam Up (E),Freecam Up (E),Freecam Up (E),Freecam Up (E),Freecam Up (E),Freecam Up (E),Freecam Up (E),Freecam Up (E),Freecam Up (E),Freecam Up (E),Freecam Up (E),
STR_COT_MAPEDITOR_MOVE_DOWN,Freecam Down (Q),Freecam Down (Q),Freecam Down (Q),Freecam Down (Q),Freecam Down (Q),Freecam Down (Q),Freecam Down (Q),Freecam Down (Q),Freecam Down (Q),Freecam Down (Q),Freecam Down (Q),Freecam Down (Q),Freecam Down (Q),Freecam Down (Q),
STR_COT_MAPEDITOR_BOOST,Freecam Boost (Shift),Freecam Boost (Shift),Freecam Boost (Shift),Freecam Boost (Shift),Freecam Boost (Shift),Freecam Boost (Shift),Freecam Boost (Shift),Freecam Boost (Shift),Freecam Boost (Shift),Freecam Boost (Shift),Freecam Boost (Shift),Freecam Boost (Shift),Freecam Boost (Shift),Freecam Boost (Shift),
STR_COT_MAPEDITOR_SLOW,Freecam Slow (Ctrl),Freecam Slow (Ctrl),Freecam Slow (Ctrl),Freecam Slow (Ctrl),Freecam Slow (Ctrl),Freecam Slow (Ctrl),Freecam Slow (Ctrl),Freecam Slow (Ctrl),Freecam Slow (Ctrl),Freecam Slow (Ctrl),Freecam Slow (Ctrl),Freecam Slow (Ctrl),Freecam Slow (Ctrl),Freecam Slow (Ctrl),
STR_COT_MAPEDITOR_LOOK,Freecam Look (RMB),Freecam Look (RMB),Freecam Look (RMB),Freecam Look (RMB),Freecam Look (RMB),Freecam Look (RMB),Freecam Look (RMB),Freecam Look (RMB),Freecam Look (RMB),Freecam Look (RMB),Freecam Look (RMB),Freecam Look (RMB),Freecam Look (RMB),Freecam Look (RMB),
STR_COT_ANTICHEAT_MODULE_NAME,Anti-Cheat,Anti-Cheat,Anti-Cheat,Anti-Cheat,Anti-Cheat,Anti-Cheat,Anti-Cheat,Anti-Cheat,Anti-Cheat,Anti-Cheat,Anti-Cheat,Anti-Cheat,Anti-Cheat,Anti-Cheat,
STR_COT_PLAYER_MODULE_RIGHT_PLAYER_VARIABLES_BLOOD,Blood:,Blood:,Krev:,Blut:,Кровь:,Krew:,Vér:,Sangue:,Sangre:,Sang:,血液：,血液:,Sangue:,血液：,
STR_COT_PLAYER_MODULE_RIGHT_PLAYER_VARIABLES_BLOODY_HANDS,Bloody Hands,Bloody Hands,Krvavé ruce,Blutige Hände,Кровавые Руки,Krwawe Ręce,Véres kezek,Mani Insanguinate,Manos Ensangrentadas,Mains ensanglantées,血手,血まみれの腕,Mãos Ensanguentadas,血手,
STR_COT_PLAYER_MODULE_RIGHT_PLAYER_VARIABLES_BROKEN_LEGS,Broken Legs,Broken Legs,Zlomené nohy,Gebrochene Beine,Сломанные Ноги,Złamane Nogi,Tört lábak,Gambe Rotte,Piernas Rotas,Jambe cassée,斷腿,骨折,Pernas Quebradas,断腿,
STR_COT_PLAYER_MODULE_RIGHT_PLAYER_VARIABLES_FOOD,Food:,Food:,Jídlo:,Nahrung:,Еда:,Jedzenie:,Étel:,Cibo:,Comida:,Nourriture:,食物：,食料:,Comida:,食物：,
STR_COT_PLAYER_MODULE_RIGHT_PLAYER_VARIABLES_FREEZE,Freeze,Freeze,Zmrazit,Einfrieren,Заморозить,Zamroź,Fagyasztás,Congela,Congelar,Geler,凍結,凍結,Congelar,冻结,
STR_COT_PLAYER_MODULE_RIGHT_PLAYER_VARIABLES_GODMODE,Godmode,Godmode,Nesmrtelnost,Gott-Modus,Режим Бога,Tryb Boga,Isten mód,Godmode,Modo Dios,Godmode,上帝模式,ゴッドモード,Modo Deus,上帝模式,
STR_COT_PLAYER_MODULE_RIGHT_PLAYER_VARIABLES_HEADER,Player Variables:,Player Variables:,Proměnné hráče:,Spieler-Variablen:,Переменные Игрока:,Zmienne Gracza:,Játékos változók:,Variabili Giocatore:,Variables del Jugador:,Variables du Joueurs:,玩家變數：,プレイヤー変数:,Variáveis do Jogador:,玩家变量：,
STR_COT_PLAYER_MODULE_RIGHT_PLAYER_VARIABLES_HEALTH,Health:,Health:,Zdraví:,Leben:,Здоровье:,Zdrowie:,Élet:,Salute:,Salud:,Santé:,生命值：,体力:,Saúde:,生命值：,
STR_COT_PLAYER_MODULE_RIGHT_PLAYER_VARIABLES_IGNORED_BY_AI,Ignored by Creatures,Ignored by Creatures,Ignorován stvořeními,Ignoriert von Kreaturen,Игнорируется Существами,Ignorowany Przez Stworzenia,Lények figyelmen kívül hagyják,Ignorato dalle Creature,Ignorado por Criaturas,Ignoré par les créatures,生物忽略,クリーチャーに無視される,Ignorado por Criaturas,生物忽略,
STR_COT_PLAYER_MODULE_RIGHT_PLAYER_VARIABLES_INVISIBLE,Invisible,Invisible,Neviditelný,Unsichtbar,Невидимость,Niewidzialny,Láthatatlan,Invisibile,Invisible,Invisible,隱形,不可視,Invisível,隐形,
STR_COT_PLAYER_MODULE_RIGHT_PLAYER_VARIABLES_RECEIVE_DAMAGE_DEALT,Receive Damage Dealt,Receive Damage Dealt,Přijímat způsobené poškození,Ausgeteilten Schaden erhalten,Получать Нанесённый Урон,Otrzymuj Zadane Obrażenia,Kapott sebzés fogadása,Ricevi Danni Inflitti,Recibir Daño Causado,Renvoyer les dégâts,接收造成的傷害,受けたダメージ,Receber Dano Causado,接收造成的伤害,
STR_COT_PLAYER_MODULE_RIGHT_PLAYER_VARIABLES_REFRESH,Refresh,Refresh,Obnovit,Aktualisieren,Обновить,Odśwież,Frissítés,Aggiorna,Actualizar,Rafraîchir,重新整理,更新,Atualizar,刷新,
STR_COT_PLAYER_MODULE_RIGHT_PLAYER_VARIABLES_REMOVE_COLLISION,Remove Collision,Remove Collision,Odstranit kolizi,Keine Kollision,Отключить Коллизию,Usuń Kolizję,Ütközés eltávolítása,Rimuovi Collisione,Eliminar Colisión,Retirer Collision,移除碰撞,衝突を削除,Remover Colisão,移除碰撞,
STR_COT_PLAYER_MODULE_RIGHT_PLAYER_VARIABLES_SHOCK,Shock:,Shock:,Šok:,Schock:,Шок:,Szok:,Sokk:,Shock:,Shock:,Shock:,震盪：,衝撃:,Choque:,震荡：,
STR_COT_PLAYER_MODULE_RIGHT_PLAYER_VARIABLES_STAMINA,Stamina:,Stamina:,Výdrž:,Ausdauer:,Выносливость:,Wytrzymałość:,Állóképesség:,Stamina:,Aguante:,Energie:,耐力：,スタミナ:,Vigor:,耐力：,
STR_COT_PLAYER_MODULE_RIGHT_PLAYER_VARIABLES_HEATCOMFORT,Comfort:,Comfort:,Pohodlí:,Wohlbefinden:,Комфорт:,Komfort:,Kényelem:,Comfort:,Confort:,Comfort:,舒適度：,快適さ:,Conforto:,舒适度：,
STR_COT_PLAYER_MODULE_RIGHT_PLAYER_VARIABLES_HEATBUFFER,Buffer:,Buffer:,Vyrovnávací paměť:,Puffer:,Буфер:,Bufor:,Puffer:,Buffer:,Búfer:,Buffer:,緩衝：,バッファ:,Buffer:,缓冲：,
STR_COT_PLAYER_MODULE_RIGHT_PLAYER_VARIABLES_UNLIMITED_AMMO,Unlimited Ammo,Unlimited Ammo,Neomezeně munice,Unbegrenzte Munition,Бесконечные Патроны,Nieograniczona Amunicja,Korlátlan lőszer,Munizioni Illimitate,Munición Ilimitada,Munitions illimitées,無限彈藥,無限弾薬,Munição Ilimitada,无限弹药,
STR_COT_PLAYER_MODULE_RIGHT_PLAYER_VARIABLES_UNLIMITED_STAMINA,Unlimited Stamina,Unlimited Stamina,Neomezená výdrž,Unbegrenzte Ausdauer,Бесконечная Выносливость,Nieograniczona Wytrzymałość,Korlátlan állóképesség,Stamina Illimitata,Aguante Ilimitado,Endurance illimitée,無限耐力,無限スタミナ,Vigor Ilimitado,无限耐力,
STR_COT_PLAYER_MODULE_RIGHT_PLAYER_VARIABLES_WATER,Water:,Water:,Voda:,Wasser:,Вода:,Woda:,Víz:,Acqua:,Agua:,Eau:,水：,水:,Água:,水：,
STR_COT_PLAYER_MODULE_RIGHT_PLAYER_VARIABLES_NVG,Night Vision,Night Vision,Night Vision,Nachtsicht,ПНВ,Night Vision,Éjjellátó,Night Vision,Night Vision,JVN,夜視鏡,Night Vision,Night Vision,夜视镜,
STR_COT_PLAYER_MODULE_RIGHT_PLAYER_TEMPERATURES,Player Temperatures:,Player Temperatures:,Teploty hráče:,Spieler Temperaturen:,Температура Игрока:,Temperatury Gracza:,Játékos hőmérsékletek:,Temperature Giocatore:,Temperaturas del Jugador:,Température du joueur:,玩家溫度：,プレイヤーの体温:,Temperaturas do Jogador:,玩家温度：,
STR_COT_PLAYER_MODULE_HEALSELF_NOTIF_DESC,You healed yourself,You healed yourself,Vyléčil/a jsi se,Du hast dich geheilt,Вы вылечили себя,Uleczyłeś/Uleczyłaś się,Meggyógyítottad magad,Ti sei curato,Te has curado,You healed yourself,您已治癒自己,あなたは自分自身を癒しました,Você se curou,您已治愈自己,
STR_COT_GENERIC_SAVE,SAVE,SAVE,ULOŽIT,SPEICHERN,СОХРАНИТЬ,ZAPISZ,MENTÉS,SALVA,GUARDAR,SAVE,儲存,保存,SALVAR,保存,
STR_COT_GENERIC_LOAD,LOAD,LOAD,NAČÍST,LADEN,ЗАГРУЗИТЬ,ZAŁADUJ,BETÖLTÉS,CARICA,CARGAR,LOAD,載入,ロード,CARREGAR,加载,
STR_COT_GENERIC_ADD,Add,Add,Přidat,Hinzufügen,Добавить,Dodaj,Hozzáadás,Aggiungi,Añadir,Ajouter,新增,追加,Adicionar,添加,
STR_COT_GENERIC_POSITION,Position,Position,Position,Position,Position,Position,Position,Position,Position,Position,Position,Position,Position,Position,
STR_COT_GENERIC_NAME,Name,Name,Název,Name,Имя,Nazwa,Név,Nome,Nombre,Nom,名稱,名前,Nome,名称,
STR_COT_GENERIC_CATEGORY,Category,Category,Kategorie,Kategorie,Категория,Kategoria,Kategória,Categoria,Categoría,Catégorie,類別,カテゴリー,Categoria,类别,
STR_COT_TELEPORT_MODULE_FILTER,Filter:,Filter:,Filtr:,Filter:,Фильтр:,Filtr:,Szűrő:,Filtro:,Filtrar:,Filtre:,篩選器：,フィルター:,Filtro:,筛选器：,
STR_COT_TELEPORT_MODULE_NAME,Teleport,Teleport,Teleportovat,Teleport,Телепортировать,Teleportuj,Teleportálás,Teletrasporto,Teletransportar,Téléporter,傳送,テレポート,Teletransportar,传送,
STR_COT_TELEPORT_MODULE_NOTIFICATION_TOO_FAR,The distance for teleportation is too far,The distance for teleportation is too far,Vzdálenost pro teleportaci je příliš velká,Teleport-Distanz zu groß,Слишком большое расстояние для телепортации,Odległość do teleportacji jest zbyt duża,A teleportálás távolsága túl nagy,La distanza per il teletrasporto è troppo elevata,La distancia para la teletransportación es demasiado grande,La distance de téléportation est trop élevée,傳送距離太遠,テレポートの距離が遠すぎます,A distância para teletransportar é muito grande,传送距离太远,
STR_COT_TELEPORT_MODULE_TELEPORT_OFFLINE,Teleport,Teleport,Teleportovat,Teleport,Телепорт,Teleportuj,Teleportálás,Teletrasporto,Teletransportar,Téléporter,傳送,テレポート,Teletransportar,传送,
STR_COT_TELEPORT_MODULE_TELEPORT_ONLINE,Teleport Selected Player(s),Teleport Selected Player(s),Teleportovat vybraného/é hráče,Ausgewählte Spieler teleportieren,Телепортировать Выбранного Игрока(-ов),Teleportuj Wybranego/Wybranych Gracza/Graczy,Kijelölt játékos(ok) teleportálása,Teletrasporta Giocatore/i Selezionato/i,Teletransportar Jugador(es) Seleccionado(s),Téléporter les joueur(s) sélectionné(s),傳送選定的玩家,選択したプレイヤーをテレポート,Teletransportar Jogador(es) Selecionado(s),传送选定的玩家,
STR_COT_TELEPORT_MODULE_TELEPORT_ERROR_NONAME,No name given!,No name given!,Nebyl zadán žádný název!,Kein Name angegeben!,No name given!,Nie podano nazwy!,Nincs név megadva!,Nessun nome fornito!,¡No se ha dado ningún nombre!,Aucun nom n'est donné !,沒有給定名稱！,名前がありません！,Nenhum nome dado!,没有给出名称！,
STR_COT_VEHICLE_MODULE_NAME,Vehicle Spawner,Vehicle Spawner,Generátor vozidel,Fahrzeug-Spawner,Спавнер Транспорта,Spawner Pojazdów,Jármű Létrehozó,Generatore Veicoli,Generador de Vehículos,Spawneur de Véhicules,載具生成器,車両スポーナー,Gerador de Veículos,载具生成器,
STR_COT_WEATHER_MODULE_APPLY,Apply,Apply,Použít,Anwenden,Применить,Zastosuj,Alkalmaz,Applica,Aplicar,Appliquer,套用,適用,Aplicar,应用,
STR_COT_WEATHER_MODULE_REFRESH,Refresh,Refresh,Obnovit,Aktualisieren,Обновить,Odśwież,Frissítés,Aggiorna,Actualizar,Rafraîchir,重新整理,更新,Atualizar,刷新,
STR_COT_WEATHER_MODULE_EASYMODE,Easy Mode,Easy Mode,Lehký režim,Easy Mode,Лёгкий Режим,Łatwy Tryb,Könnyű mód,Modalità Facile,Modo Fácil,Easy Mode,簡易模式,イージーモード,Modo Fácil,简单模式,
STR_COT_WEATHER_MODULE_NAME,Weather,Weather,Počasí,Wetter,Погода,Pogoda,Időjárás,Meteo,Clima,Météo,天氣,天気,Clima,天气,
STR_COT_WEATHER_MODULE_START_DAY,Day:,Day:,Den:,Tag:,День:,Dzień:,Nap:,Giorno:,Día:,Jour:,日：,日:,Dia:,日：,
STR_COT_WEATHER_MODULE_START_TIME,Time:,Time:,Čas:,Zeit:,Время:,Czas:,Idő:,Ora:,Hora:,Temps:,時間：,時間:,Hora:,时间：,
STR_COT_WEATHER_MODULE_TEMPERATURE,Temperature:,Temperature:,Teplota:,Temperatur:,Температура:,Temperatura:,Hőmérséklet:,Temperatura:,Temperatura:,Température :,溫度：,温度:,Temperatura:,温度：,
STR_COT_WEATHER_MODULE_QUICKACTIONS,Quick Actions:,Quick Actions:,Rychlé akce:,Schnellaktionen:,Быстрые Действия:,Szybkie Akcje:,Gyors műveletek:,Azioni Rapide:,Acciones Rápidas:,Actions rapides :,快速動作：,クイックアクション:,Ações Rápidas:,快速操作：,
STR_COT_WEATHER_MODULE_QUICKACTIONS_DESC,Instantly change the Weather,Instantly change the Weather,Okamžitě změnit počasí,Wetter sofort ändern,Мгновенно изменить погоду,Natychmiast Zmień Pogodę,Időjárás azonnali megváltoztatása,Cambia Istantaneamente il Meteo,Cambiar el Clima Instantáneamente,Modifier instantanément la météo,即時改變天氣,天候を瞬時に変える,Mudar Instantaneamente o Clima,即时改变天气,
STR_COT_WEATHER_MODULE_TOGGLES,Toggles:,Toggles:,Přepínače:,Schalter:,Переключатели:,Przełączniki:,Kapcsolók:,Attiva/Disattiva:,Alternar:,Bascules :,切換：,切り替え:,Alternar:,切换：,
STR_COT_WEATHER_MODULE_TOGGLES_DESC,Show or Hide different elements,Show or Hide different elements,Zobrazit nebo skrýt různé prvky,Elemente anzeigen oder verstecken,Показать или Скрыть Различные Элементы,Pokaż Lub Ukryj Różne Elementy,Különböző elemek mutatása vagy elrejtése,Mostra o Nascondi diversi elementi,Mostrar u Ocultar diferentes elementos,Afficher ou masquer différents éléments,顯示或隱藏不同的元素,さまざまな要素の表示/非表示を切り替え,Mostrar ou Ocultar diferentes elementos,显示或隐藏不同的元素,
STR_COT_WEATHER_MODULE_QUICK,Quick,Quick,Rychlý,Schnell,Быстро,Szybki,Gyors,Veloce,Rápido,Quick,快速,クイック,Rápido,快速,
STR_COT_WEATHER_MODULE_DATE,Date,Date,Datum,Datum,Дата,Data,Dátum,Data,Fecha,Date,日期,日付,Data,日期,
STR_COT_WEATHER_MODULE_STORM,Storm,Storm,Bouře,Sturm,Шторм,Burza,Vihar,Tempesta,Tormenta,Orage,暴風雨,嵐,Tempestade,暴风雨,
STR_COT_WEATHER_MODULE_OVERCAST,Overcast,Overcast,Zataženo,Bewölkt,Облачно,Pochmurno,Felhős,Nuvoloso,Nublado,Couvert,陰天,曇り,Nublado,阴天,
STR_COT_WEATHER_MODULE_RAIN,Rain,Rain,Déšť,Regen,Дождь,Deszcz,Eső,Pioggia,Lluvia,Pluie,雨,雨,Chuva,雨,
STR_COT_WEATHER_MODULE_SNOW,Snow,Snow,Sníh,Schnee,Снег,Śnieg,Hó,Neve,Nieve,Neige,雪,雪,Neve,雪,
STR_COT_WEATHER_MODULE_FOG,Fog,Fog,Mlha,Nebel,Туман,Mgła,Köd,Nebbia,Niebla,Brouillard,霧,霧,Névoa,雾,
STR_COT_WEATHER_MODULE_WIND,Wind,Wind,Vítr,Wind,Ветер,Wiatr,Szél,Vento,Viento,Vent,風,風,Vento,风,
STR_COT_WEATHER_MODULE_PRESET_USE,Use Presets,Use Presets,Použít předvolby,Vorlagen verwenden,Использовать Пресеты,Użyj Gotowych Ustawień,Előbeállítások használata,Usa Predefiniti,Usar Preajustes,Utiliser les Presets,使用預設,プリセットを使用,Usar Predefinições,使用预设,
STR_COT_WEATHER_MODULE_PRESET_DONTUSE,Don't Use Presets,Don't Use Presets,Nepoužívat předvolby,Keine Vorlagen verwenden,Не Использовать Пресеты,Nie Używaj Gotowych Ustawień,Előbeállítások mellőzése,Non Usare Predefiniti,No Usar Preajustes,Cacher les Presets,不使用預設,プリセットを使用しない,Não Usar Predefinições,不使用预设,
STR_COT_WEATHER_MODULE_PRESET_APPLY,Apply Preset,Apply Preset,Použít předvolbu,Vorlage anwenden,Применить Пресет,Zastosuj Gotowe Ustawienie,Előbeállítás alkalmazása,Applica Predefinito,Aplicar Preajuste,Appliquer le Preset,套用預設,プリセットを適用,Aplicar Predefinição,应用预设,
STR_COT_WEATHER_MODULE_PRESET_SAVE,Save Preset,Save Preset,Uložit předvolbu,Vorlage speichern,Сохранить Пресет,Zapisz Gotowe Ustawienie,Előbeállítás mentése,Salva Predefinito,Guardar Preajuste,Enregistrer le Preset,儲存預設,プリセットを保存,Salvar Predefinição,保存预设,
STR_COT_WEATHER_MODULE_PRESET_DELETE,Delete Preset,Delete Preset,Smazat předvolbu,Vorlage löschen,Удалить Пресет,Usuń Gotowe Ustawienie,Előbeállítás törlése,Elimina Predefinito,Eliminar Preajuste,Supprimer le Preset,刪除預設,プリセットを削除,Excluir Predefinição,删除预设,
STR_COT_WEATHER_MODULE_PRESET_CREATE,Create Preset,Create Preset,Vytvořit předvolbu,Vorlage anlegen,Создать Пресет,Utwórz Gotowe Ustawienie,Előbeállítás létrehozása,Crea Predefinito,Crear Preajuste,Créer un Preset,建立預設,プリセットを作成,Criar Predefinição,创建预设,
STR_COT_WEATHER_NIGHT,Night,Night,Noc,Nacht,Ночь,Noc,Éjszaka,Notte,Noche,Nuit,夜晚,夜,Noite,夜晚,
STR_COT_WEATHER_DUSK,Dusk,Dusk,Soumrak,Abend,Сумерки,Zmierzch,Alkonyat,Crepuscolo,Anochecer,Crépuscule,黃昏,夕暮れ,Crepúsculo,黄昏,
STR_COT_WEATHER_DAY,Day,Day,Den,Tag,День,Dzień,Nappal,Giorno,Día,Jour,白天,日,Dia,白天,
STR_COT_WEATHER_DAWN,Dawn,Dawn,Úsvit,Morgen,Рассвет,Świt,Hajnal,Alba,Amanecer,Aube,黎明,夜明け,Amanhecer,黎明,
STR_COT_WEATHER_CLEAR,Clear,Clear,Jasno,Klar,Ясно,Czysto,Tiszta,Sereno,Claro,Dégagé,晴朗,晴れ,Limpo,晴朗,
STR_COT_WEATHER_CLOUDY,Cloudy,Cloudy,Oblačno,Bewölkt,Облачно,Pochmurno,Felhős,Nuvoloso,Nuboso,Nuageux,多雲,曇り,Nublado,多云,
STR_COT_WEATHER_MODULE_STORM,Storm,Storm,Bouřlivo,Sturm,Шторм,Burza,Viharos,Tempesta,Tormenta,Orageux,暴風雨,嵐,Tempestade,暴风雨,
STR_COT_WEATHER_MODULE_RAINY,Rainy,Rainy,Deštivo,Regnerisch,Дождливо,Deszczowo,Esős,Piovoso,Lluvioso,Pluvieux,下雨,雨,Chuvoso,下雨,
STR_COT_WEATHER_MODULE_SNOWY,Snowy,Snowy,Sněživo,Schnee,Снежно,Śnieżnie,Havas,Nevoso,Nevado,Neigeux,下雪,雪,Nevando,下雪,
STR_COT_WEATHER_MODULE_WINDY,Windy,Windy,Větrno,Windig,Ветрено,Wietrznie,Szeles,Ventoso,Ventoso,Venteux,有風,風,Ventando,有风,
STR_COT_WEATHER_MODULE_FOGGY,Foggy,Foggy,Mlhavo,Neblig,Туманно,Mglisto,Ködös,Nebbios,Neblinoso,Brumeux,有霧,霧,Nebuloso,有雾,
STR_COT_WEATHER_MODULE_AUTOREFRESH,Auto Refresh,Auto Refresh,Automatická aktualizace,Autom. Aktualisierung,Авто-обновление,Automatyczne Odświeżanie,Automatikus frissítés,Aggiornamento Automatico,Actualización Automática,Actualisation Auto,自動重新整理,自動更新,Atualização Automática,自动刷新,
STR_COT_VEHICLE_MANAGEMENT_MODULE_NAME,Vehicle Management,Vehicle Management,Správa vozidel,Fahrzeug-Verwaltung,Управление Транспортом,Zarządzanie Pojazdami,Jármű Menedzsment,Gestione Veicoli,Administración de Vehículos,Gestion des véhicules,車輛管理,車両管理,Gerenciamento de Veículos,载具管理,
STR_COT_VEHICLE_LIST_TITLE,SERVER VEHICLES,SERVER VEHICLES,SERVEROVÁ VOZIDLA,SERVER-FAHRZEUGE,ТЕХНИКА НА СЕРВЕРЕ,POJAZDY SERWEROWE,SZERVER JÁRMŰVEK,VEICOLI DEL SERVER,VEHÍCULOS DEL SERVIDOR,VÉHICULES DU SERVEUR,伺服器車輛,サーバー車両,VEÍCULOS DO SERVIDOR,服务器车辆,
STR_COT_LIST_REFRESH,REFRESH LIST,REFRESH LIST,OBNOVIT SEZNAM,AKTUALISIEREN,ОБНОВИТЬ СПИСОК,ODŚWIEŻ LISTĘ,LISTA FRISSÍTÉSE,AGGIORNA LISTA,Actualizar lista,RAFRAÎCHIR LA LISTE,重新整理列表,リストを更新,ATUALIZAR LISTA,刷新列表,
STR_COT_VEHICLE_LIST_DELETE_ALL,DELETE ALL,DELETE ALL,SMAZAT VŠE,ALLE LÖSCHEN,УДАЛИТЬ ВСЁ,USUŃ WSZYSTKIE,ÖSSZES TÖRLÉSE,CANCELLA TUTTO,BORRAR TODO,TOUT SUPPRIMER,刪除所有,すべて削除,EXCLUIR TUDO,删除所有,
STR_COT_VEHICLE_LIST_DELETE_DESTROYED,DELETE DESTROYED,DELETE DESTROYED,SMAZAT ZNIČENÉ,LÖSCHE ALLE ZERSTÖRTEN,УДАЛИТЬ УНИЧТОЖЕННЫЕ,USUŃ ZNISZCZONE,MEGRONGÁLT JÁRMŰVEK TÖRLÉSE,CANCELLA DISTRUTTI,BORRAR OBJETOS DESTRUIDOS,SUPPRIMER DÉTRUIT,刪除已損毀,破壊されたものを削除,EXCLUIR DESTRUÍDOS,删除已销毁,
STR_COT_VEHICLE_LIST_DELETE_UNCLAIMED,DELETE UNCLAIMED,DELETE UNCLAIMED,SMAZAT NEVYŽÁDANÉ,LÖSCHE ALLE OHNE BESITZER,УДАЛИТЬ БЕСХОЗНЫЕ,USUŃ NIEZABEZPIECZONE,GAZDÁTLAN JÁRMŰVEK TÖRLÉSE,CANCELLA NON RECLAMATI,BORRAR OBJETOS SIN RECLAMAR,SUPPRIMER NON RÉCLAMÉ,刪除無人認領,未請求のものを削除,EXCLUIR NÃO REIVINDICADOS,删除未声明,
STR_COT_VEHICLE_INFORMATION_TITLE,VEHICLE INFORMATION,VEHICLE INFORMATION,INFORMACE O VOZIDLE,FAHRZEUG-INFORMATIONEN,ИНФОРМАЦИЯ О ТРАНСПОРТЕ,INFORMACJE O POJEŹDZIE,JÁRMŰ INFORMÁCIÓK,INFORMAZIONI VEICOLO,INFORMACION DE VEHÍCULO,INFORMATIONS VÉHICULE,車輛資訊,車両情報,INFORMAÇÕES DO VEÍCULO,车辆信息,
STR_COT_VEHICLE_ID,Vehicle ID:,Vehicle ID:,ID vozidla:,Fahrzeug-ID:,ID Транспортного Средства:,ID Pojazdu:,Jármű ID:,ID Veicolo:,ID del Vehículo,ID du Véhicule:,車輛 ID：,車両ID:,ID do Veículo:,车辆 ID:,
STR_COT_VEHICLE_NAME,Vehicle Name:,Vehicle Name:,Název vozidla:,Fahrzeugname:,Название Транспортного Средства:,Nazwa Pojazdu:,Jármű neve:,Nome Veicolo:,Nombre del Vehículo,Nom du Véhicule:,車輛名稱：,車両名:,Nome do Veículo:,车辆名称:,
STR_COT_VEHICLE_CLASSNAME,Vehicle Class Name:,Vehicle Class Name:,Název třídy vozidla:,Fahrzeugklasse:,Класс Транспортного Средства:,Nazwa Klasy Pojazdu:,Jármű osztályának neve:,Nome Classe Veicolo:,Nombre de la clase del vehículo,Classname du Véhicule:,車輛類別名稱：,車両クラス名:,Nome da Classe do Veículo:,车辆类别名称:,
STR_COT_VEHICLE_POSITION,Vehicle Position:,Vehicle Position:,Pozice vozidla:,Fahrzeugposition:,Позиция Транспортного Средства:,Pozycja Pojazdu:,Jármű pozíciója:,Posizione Veicolo:,Posición del vehículo,Position du Véhicule:,車輛位置：,車両位置:,Posição do Veículo:,车辆位置:,
STR_COT_VEHICLE_ORIENTATION,Vehicle Orientation:,Vehicle Orientation:,Orientace vozidla:,Fahrzeug-Orientierung:,Ориентация Транспортного Средства:,Orientacja Pojazdu:,Jármű tájolása:,Orientamento Veicolo:,Orientación del vehículo,Orientation du Véhicule:,車輛方向：,車両の向き:,Orientação do Veículo:,车辆方向:,
STR_COT_VEHICLE_TYPE,Vehicle Type:,Vehicle Type:,Typ vozidla:,Fahrzeugtyp:,Тип Транспортного Средства:,Typ Pojazdu:,Jármű típusa:,Tipo Veicolo:,Tipo de Vehículo:,Type de Véhicule:,車輛類型：,車両タイプ:,Tipo de Veículo:,车辆类型:,
STR_COT_VEHICLE_EXPLODED,Vehicle Exploded:,Vehicle Exploded:,Vozidlo vybuchlo:,Fahrzeug explodiert:,Транспорт Взорван:,Pojazd Wybuchł:,Jármű felrobbant:,Veicolo Esploso:,Vehículo explotado:,Véhicule Explosé:,車輛爆炸：,車両爆発:,Veículo Explodiu:,车辆爆炸:,
STR_COT_VEHICLE_DESTROYED,Vehicle Destroyed:,Vehicle Destroyed:,Vozidlo zničeno:,Fahrzeug zerstört:,Транспорт Уничтожен:,Pojazd Zniszczony:,Jármű megsemmisült:,Veicolo Distrutto:,Vehículo destruido:,Véhicule Détruit:,車輛已毀損：,車両破壊:,Veículo Destruído:,被摧毁的车辆:,
STR_COT_VEHICLE_KEYS,Vehicle Keys:,Vehicle Keys:,Klíče od vozidla:,Fahrzeugschlüssel:,Ключи от Транспорта:,Kluczyki Pojazdu:,Jármű kulcsai:,Chiavi Veicolo:,Llaves del Vehículo:,Clés du Véhicule:,車輛鑰匙：,車両キー:,Chaves do Veículo:,车辆钥匙:,
STR_COT_VEHICLE_COVER,Vehicle Covered:,Vehicle Covered:,Vozidlo zakryto:,Fahrzeug zugedeckt:,Транспорт Закрыт:,Pojazd Zakryty:,Jármű fedett:,Vehicle Covered:,Vehicle Covered:,Véhicule Couvert:,車輛已覆蓋：,車両カバー:,Veículo Coberto:,车辆已覆盖:,
STR_COT_VEHICLE_LASTDRIVER,Last Driver:,Last Driver:,Poslední řidič:,Letzter Fahrer:,Последний Водитель:,Ostatni Kierowca:,Utolsó sofőr:,Last Driver:,Last Driver:,Dernier Conducteur:,最後駕駛者：,最終ドライバー:,Último Motorista:,最后驾驶员:,
STR_COT_VEHICLE_OPTIONS,VEHICLE OPTIONS,VEHICLE OPTIONS,MOŽNOSTI VOZIDLA,FAHRZEUGOPTIONEN,НАСТРОЙКИ ТРАНСПОРТА,OPCJE POJAZDU,JÁRMŰ OPCIÓK,OPZIONI VEICOLO,OPCIONES DE VEHÍCULO,OPTIONS DU VÉHICULE,車輛選項,車両オプション,OPÇÕES DO VEÍCULO,车辆选项,
STR_COT_VEHICLE_OWNER,Owner:,Owner:,Vlastník:,Besitzer:,Владелец:,Właściciel:,Tulajdonos:,Owner:,Owner:,Propriétaire:,擁有者：,所有者:,Proprietário:,拥有者:,
STR_COT_VEHICLE_DELETE,Delete Vehicle,Delete Vehicle,Smazat vozidlo,Fahrzeug löschen,Удалить Транспорт,Usuń Pojazd,Jármű törlése,Cancella Veicolo,Borrar Vehículo,Supprimer,刪除載具,車両を削除,Excluir Veículo,删除载具,
STR_COT_VEHICLE_TELEPORTTO,Teleport to Vehicle,Teleport to Vehicle,Teleportovat k vozidlu,Teleportiere zu Fahrzeug,Телепортировать к Транспорту,Teleportuj Do Pojazdu,Teleportálj a járműhöz,Teletrasportati al veicolo,Teletransportar al vehículo,TP au véhicule,傳送到載具,車両へテレポート,Teletransportar para o Veículo,传送到载具,
STR_COT_VEHICLE_CANCEL_EDIT,Cancel Edit,Cancel Edit,Zrušit úpravy,Abbrechen,Закрыть Редактирование,Anuluj Edycję,Szerkesztés megszakítása,Annulla Modifiche,Cancelar edición,Retour,取消編輯,編集をキャンセル,Cancelar Edição,取消编辑,
STR_COT_WARNING_PLAYERS_MESSAGE_HEADER,ARE YOU SURE ?,ARE YOU SURE ?,JSTE SI JISTÝ/Á?,BIST DU SICHER?,ВЫ УВЕРЕНЫ?,CZY JESTEŚ PEWIEN/PEWNA?,BIZTOS VAGY?,SEI SICURO ?,ARE YOU SURE ?,ÊTES-VOUS SÛR ?,您確定嗎？,本当にいいですか？,VOCÊ TEM CERTEZA?,您确定吗？,
STR_COT_WARNING_PLAYERS_MESSAGE_BODY,%1 Player(s) will be affected,%1 Player(s) will be affected,%1 hráč/ů bude ovlivněn/o,Dies betrifft %1 Spieler,%1 Игрок(-ов) будет затронут,%1 Gracz/Graczy zostanie dotknięty/dotkniętych,%1 játékosra lesz hatással,%1 Giocatore/i sarà/saranno influenzato/i,%1 Jugador(es) will be affected,%1 Joueur(s) seront affectés,%1 位玩家將受到影響,%1 人のプレイヤーに影響が出ます,%1 Jogador(es) será(ão) afetado(s),%1 位玩家将受到影响,
STR_COT_WARNING_SELECTEDPLAYER_MESSAGE_BODY,You currently have %1 selected,You currently have %1 selected,Aktuálně máte vybráno %1,Du hast %1 ausgewählt,Вы сейчас выбрали %1,Aktualnie masz zaznaczone %1,Jelenleg %1 van kiválasztva,Attualmente hai %1 selezionato,You currently have %1 selected,Vous avez actuellement %1 sélectionné,您目前已選擇 %1,現在 %1 を選択しています,Você atualmente tem %1 selecionado,您目前已选择 %1,
STR_COT_WARNING_SELECTEDSELF_MESSAGE_BODY,You currently have yourself selected,You currently have yourself selected,Aktuálně máte vybráno sebe,Du selbst bist ausgewählt,Вы выбрали себя,Aktualnie masz zaznaczonego siebie,Jelenleg saját magad vagy kiválasztva,Attualmente hai te stesso selezionato,You currently have yourself selected,Vous êtes actuellement sélectionné,您目前已選擇自己,現在自分自身を選択しています,Você atualmente tem você mesmo selecionado,您目前已选择自己,
STR_COT_WARNING_OBJECTS_MESSAGE_HEADER,ARE YOU SURE ?,ARE YOU SURE ?,JSTE SI JISTÝ/Á?,BIST DU SICHER?,ВЫ УВЕРЕНЫ?,CZY JESTEŚ PEWIEN/PEWNA?,BIZTOS VAGY?,SEI SICURO ?,ARE YOU SURE ?,ÊTES-VOUS SÛR ?,您確定嗎？,本当にいいですか？,VOCÊ TEM CERTEZA?,您确定吗？,
STR_COT_WARNING_OBJECTS_MESSAGE_BODY,%1 Object(s) will be affected,%1 Object(s) will be affected,%1 objekt/ů bude ovlivněn/o,Dies betrifft %1 Objekt(e),%1 Объект(-ов) будет затронут,%1 Obiekt/Obiektów zostanie dotknięty/dotkniętych,%1 objektumra lesz hatással,%1 Oggetto/i sarà/saranno influenzato/i,%1 Objeto(s) will be affected,%1 Objet(s) seront affectés,%1 個物件將受到影響,%1 個のオブジェクトに影響が出ます,%1 Objeto(s) será(ão) afetado(s),%1 个对象将受到影响,
STR_COT_COPIED_CLIPBOARD,Copied to clipboard,Copied to clipboard,Copied to clipboard,In Zwischenablage kopiert,Copied to clipboard,Copied to clipboard,Copied to clipboard,Copied to clipboard,Copied to clipboard,Copied to clipboard,Copied to clipboard,Copied to clipboard,Copied to clipboard,Copied to clipboard,
STR_COT_COPIED,Copied!,Copied!,Zkopírováno!,Kopiert!,Copied!,Copied!,Copied!,Copiato!,¡Copiado!,Copié !,Copied!,Copied!,Copiado!,Copied!,
STR_COT_PLAYER_MODULE_LEFT_SORT_TOOLTIP,Sort by name,Sort by name,Seřadit podle jména,Nach Namen sortieren,Сортировать по имени,Sortuj według nazwy,Rendezés név szerint,Ordina per nome,Ordenar por nombre,Trier par nom,Sort by name,Sort by name,Ordenar por nome,Sort by name,
STR_COT_SAVE_AS,Save as,Save as,Save as,Speichern unter,Save as,Save as,Save as,Save as,Save as,Save as,Save as,Save as,Save as,Save as,
STR_COT_TO_CLIPBOARD,To Clipboard,To Clipboard,To Clipboard,In Zwischenablage,To Clipboard,To Clipboard,To Clipboard,To Clipboard,To Clipboard,To Clipboard,To Clipboard,To Clipboard,To Clipboard,To Clipboard,
STR_COT_EVERYTHING,Everything,Everything,Everything,Alles,Everything,Everything,Everything,Everything,Everything,Everything,Everything,Everything,Everything,Everything,
STR_COT_CARGO_ONLY,Cargo only,Cargo only,Cargo only,Nur Inhalt,Cargo only,Cargo only,Cargo only,Cargo only,Cargo only,Cargo only,Cargo only,Cargo only,Cargo only,Cargo only,
STR_COT_EVENTS_MODULE_NAME,Events,Events,Events,Ereignisse,Events,Events,Events,Events,Events,Events,Events,Events,Events,Events,
STR_COT_GARAGES_MODULE_NAME,Garages,Garages,Garages,Garagen,Garages,Garages,Garages,Garages,Garages,Garages,Garages,Garages,Garages,Garages,
STR_COT_TERRITORIES_MODULE_NAME,Territories,Territories,Territories,Territorien,Territories,Territories,Territories,Territories,Territories,Territories,Territories,Territories,Territories,Territories,
STR_COT_TERRITORIES_WEBHOOK_TITLE,Territories,Territories,Territories,Territorien,Territories,Territories,Territories,Territories,Territories,Territories,Territories,Territories,Territories,Territories,
STR_COT_TERRITORIES_LABEL_MEMBERS,Members,Members,Členové,Mitglieder,Участники,Członkowie,Tagok,Membri,Miembros,Membres,成員,メンバー,Membros,成员,
STR_COT_TERRITORIES_ACTION_TELEPORT_TO,Teleport To,Teleport To,Teleportovat,Teleportieren zu,Телепорт к,Teleportuj do,Teleportálás ide,Teletrasporta a,Teletransportar a,Téléporter vers,傳送至,テレポート,Teletransportar para,传送至,
STR_COT_TERRITORIES_ACTION_RAISE_FLAG,Raise Flag,Raise Flag,Vztyčit vlajku,Flagge hissen,Поднять флаг,Podnieś flagę,Zászló felhúzása,Issa bandiera,Izar bandera,Hisser le drapeau,升起旗幟,旗を上げる,Levantar bandeira,升起旗帜,
STR_COT_TERRITORIES_ACTION_LOWER_FLAG,Lower Flag,Lower Flag,Spustit vlajku,Flagge einholen,Опустить флаг,Opuść flagę,Zászló leengedése,Ammaina bandiera,Bajar bandera,Baisser le drapeau,降下旗幟,旗を下げる,Baixar bandeira,降下旗帜,
STR_COT_TERRITORIES_ACTION_DELETE,Delete,Delete,Smazat,Löschen,Удалить,Usuń,Törlés,Elimina,Eliminar,Supprimer,刪除,削除,Excluir,删除,
STR_COT_TERRITORIES_TOOLTIP_TELEPORT,Teleport to this territory's flag.,Teleport to this territory's flag.,Teleport to this territory's flag.,Teleport to this territory's flag.,Teleport to this territory's flag.,Teleport to this territory's flag.,Teleport to this territory's flag.,Teleport to this territory's flag.,Teleport to this territory's flag.,Teleport to this territory's flag.,Teleport to this territory's flag.,Teleport to this territory's flag.,Teleport to this territory's flag.,Teleport to this territory's flag.,
STR_COT_TERRITORIES_TOOLTIP_RAISE_FLAG,Raise the territory flag.,Raise the territory flag.,Raise the territory flag.,Raise the territory flag.,Raise the territory flag.,Raise the territory flag.,Raise the territory flag.,Raise the territory flag.,Raise the territory flag.,Raise the territory flag.,Raise the territory flag.,Raise the territory flag.,Raise the territory flag.,Raise the territory flag.,
STR_COT_TERRITORIES_TOOLTIP_LOWER_FLAG,Lower the territory flag.,Lower the territory flag.,Lower the territory flag.,Lower the territory flag.,Lower the territory flag.,Lower the territory flag.,Lower the territory flag.,Lower the territory flag.,Lower the territory flag.,Lower the territory flag.,Lower the territory flag.,Lower the territory flag.,Lower the territory flag.,Lower the territory flag.,
STR_COT_TERRITORIES_TOOLTIP_DELETE,Permanently delete this territory flag.,Permanently delete this territory flag.,Permanently delete this territory flag.,Permanently delete this territory flag.,Permanently delete this territory flag.,Permanently delete this territory flag.,Permanently delete this territory flag.,Permanently delete this territory flag.,Permanently delete this territory flag.,Permanently delete this territory flag.,Permanently delete this territory flag.,Permanently delete this territory flag.,Permanently delete this territory flag.,Permanently delete this territory flag.,
STR_COT_GENERIC_STATUS_ACTIVE,Active,Active,Aktivní,Aktiv,Активен,Aktywny,Aktív,Attivo,Activo,Actif,活躍,アクティブ,Ativo,活跃,
STR_COT_GENERIC_UNKNOWN,(unknown),(unknown),(neznámý),(unbekannt),(неизвестно),(nieznany),(ismeretlen),(sconosciuto),(desconocido),(inconnu),未知,不明,(desconhecido),未知,
STR_COT_GENERIC_COLUMN_CLASS,Class,Class,Třída,Klasse,Класс,Klasa,Osztály,Classe,Clase,Classe,類別,クラス,Classe,类,
STR_COT_GENERIC_COLUMN_OWNER_UID,Owner UID,Owner UID,UID vlastníka,Besitzer-UID,UID владельца,UID właściciela,Tulajdonos UID,UID Proprietario,UID Propietario,UID Propriétaire,擁有者UID,オーナーUID,UID do Proprietário,所有者UID,
STR_COT_GENERIC_COLUMN_NAME,Name,Name,Název,Name,Имя,Nazwa,Név,Nome,Nombre,Nom,名稱,名前,Nome,名称,
STR_COT_GENERIC_COLUMN_UID,UID,UID,UID,UID,UID,UID,UID,UID,UID,UID,UID,UID,UID,UID,
STR_COT_SIDEBAR_FOOTER_LOCAL,Local Session,Local Session,Místní relace,Lokale Sitzung,Локальная сессия,Sesja lokalna,Helyi munkamenet,Sessione locale,Sesión local,Session locale,本機工作階段,ローカルセッション,Sessão local,本地会话,
STR_COT_PLAYER_MODULE_TAB_GENERAL,General,General,General,General,General,General,General,General,General,General,General,General,General,General,
STR_COT_PLAYER_MODULE_TAB_POSITION,Position,Position,Position,Position,Position,Position,Position,Position,Position,Position,Position,Position,Position,Position,
STR_COT_PLAYER_MODULE_TAB_INVENTORY,Inventory,Inventory,Inventory,Inventory,Inventory,Inventory,Inventory,Inventory,Inventory,Inventory,Inventory,Inventory,Inventory,Inventory,
STR_COT_PLAYER_MODULE_TAB_STATISTICS,Stats,Stats,Stats,Stats,Stats,Stats,Stats,Stats,Stats,Stats,Stats,Stats,Stats,Stats,
STR_COT_PLAYER_MODULE_TAB_ACTIONS,Actions,Actions,Actions,Actions,Actions,Actions,Actions,Actions,Actions,Actions,Actions,Actions,Actions,Actions,
STR_COT_PLAYER_MODULE_SECTION_IDENTITY,Identity,Identity,Identity,Identity,Identity,Identity,Identity,Identity,Identity,Identity,Identity,Identity,Identity,Identity,
STR_COT_PLAYER_MODULE_SECTION_FLAGS,Toggles & Flags,Toggles & Flags,Toggles & Flags,Toggles & Flags,Toggles & Flags,Toggles & Flags,Toggles & Flags,Toggles & Flags,Toggles & Flags,Toggles & Flags,Toggles & Flags,Toggles & Flags,Toggles & Flags,Toggles & Flags,
STR_COT_PLAYER_MODULE_SECTION_POSITION,Position Control,Position Control,Position Control,Position Control,Position Control,Position Control,Position Control,Position Control,Position Control,Position Control,Position Control,Position Control,Position Control,Position Control,
STR_COT_PLAYER_MODULE_SECTION_MAP,Map,Map,Map,Map,Map,Map,Map,Map,Map,Map,Map,Map,Map,Map,
STR_COT_PLAYER_MODULE_SECTION_TELEPORT,Teleport,Teleport,Teleport,Teleport,Teleport,Teleport,Teleport,Teleport,Teleport,Teleport,Teleport,Teleport,Teleport,Teleport,
STR_COT_PLAYER_MODULE_SECTION_INVENTORY,Inventory,Inventory,Inventory,Inventory,Inventory,Inventory,Inventory,Inventory,Inventory,Inventory,Inventory,Inventory,Inventory,Inventory,
STR_COT_PLAYER_MODULE_SECTION_SESSION,Session,Session,Session,Session,Session,Session,Session,Session,Session,Session,Session,Session,Session,Session,
STR_COT_PLAYER_MODULE_SECTION_COMBAT,Combat,Combat,Combat,Combat,Combat,Combat,Combat,Combat,Combat,Combat,Combat,Combat,Combat,Combat,
STR_COT_PLAYER_MODULE_SECTION_BLEEDING,Bleeding,Bleeding,Bleeding,Bleeding,Bleeding,Bleeding,Bleeding,Bleeding,Bleeding,Bleeding,Bleeding,Bleeding,Bleeding,Bleeding,
STR_COT_PLAYER_MODULE_SECTION_DANGER,Danger Zone,Danger Zone,Danger Zone,Danger Zone,Danger Zone,Danger Zone,Danger Zone,Danger Zone,Danger Zone,Danger Zone,Danger Zone,Danger Zone,Danger Zone,Danger Zone,
STR_COT_PLAYER_MODULE_BADGE_GODMODE,GODMODE,GODMODE,GODMODE,GODMODE,GODMODE,GODMODE,GODMODE,GODMODE,GODMODE,GODMODE,GODMODE,GODMODE,GODMODE,GODMODE,
STR_COT_PLAYER_MODULE_BADGE_FROZEN,FROZEN,FROZEN,FROZEN,FROZEN,FROZEN,FROZEN,FROZEN,FROZEN,FROZEN,FROZEN,FROZEN,FROZEN,FROZEN,FROZEN,
STR_COT_PLAYER_MODULE_BADGE_INVISIBLE,INVISIBLE,INVISIBLE,INVISIBLE,INVISIBLE,INVISIBLE,INVISIBLE,INVISIBLE,INVISIBLE,INVISIBLE,INVISIBLE,INVISIBLE,INVISIBLE,INVISIBLE,INVISIBLE,
STR_COT_PLAYER_MODULE_BADGE_UNCONSCIOUS,UNCONSCIOUS,UNCONSCIOUS,UNCONSCIOUS,UNCONSCIOUS,UNCONSCIOUS,UNCONSCIOUS,UNCONSCIOUS,UNCONSCIOUS,UNCONSCIOUS,UNCONSCIOUS,UNCONSCIOUS,UNCONSCIOUS,UNCONSCIOUS,UNCONSCIOUS,
STR_COT_PLAYER_MODULE_BADGE_ON,ON,ON,ON,ON,ON,ON,ON,ON,ON,ON,ON,ON,ON,ON,
STR_COT_PLAYER_MODULE_RIGHT_PLAYER_IDENTITY_CFTOOLS,CFTools:,CFTools:,CFTools:,CFTools:,CFTools:,CFTools:,CFTools:,CFTools:,CFTools:,CFTools:,CFTools:,CFTools:,CFTools:,CFTools:,
STR_COT_PLAYER_MODULE_OPEN_PROFILE_WEB,Open Profile (Web),Open Profile (Web),Open Profile (Web),Open Profile (Web),Open Profile (Web),Open Profile (Web),Open Profile (Web),Open Profile (Web),Open Profile (Web),Open Profile (Web),Open Profile (Web),Open Profile (Web),Open Profile (Web),Open Profile (Web),
STR_COT_PLAYER_MODULE_APPLY,Apply,Apply,Apply,Apply,Apply,Apply,Apply,Apply,Apply,Apply,Apply,Apply,Apply,Apply,
STR_COT_PLAYER_MODULE_TELEPORT_TO_ME,Teleport To Me,Teleport To Me,Teleport To Me,Teleport To Me,Teleport To Me,Teleport To Me,Teleport To Me,Teleport To Me,Teleport To Me,Teleport To Me,Teleport To Me,Teleport To Me,Teleport To Me,Teleport To Me,
STR_COT_PLAYER_MODULE_TELEPORT_ME_TO,Teleport Me To,Teleport Me To,Teleport Me To,Teleport Me To,Teleport Me To,Teleport Me To,Teleport Me To,Teleport Me To,Teleport Me To,Teleport Me To,Teleport Me To,Teleport Me To,Teleport Me To,Teleport Me To,
STR_COT_PLAYER_MODULE_TELEPORT_PREVIOUS,Previous,Previous,Previous,Previous,Previous,Previous,Previous,Previous,Previous,Previous,Previous,Previous,Previous,Previous,
STR_COT_PLAYER_MODULE_DISEASE_ADD,Add,Add,Add,Add,Add,Add,Add,Add,Add,Add,Add,Add,Add,Add,
STR_COT_PLAYER_MODULE_DISEASE_REMOVE,Remove,Remove,Remove,Remove,Remove,Remove,Remove,Remove,Remove,Remove,Remove,Remove,Remove,Remove,
STR_COT_PLAYER_MODULE_DISEASE_CLEAR,Clear All,Clear All,Clear All,Clear All,Clear All,Clear All,Clear All,Clear All,Clear All,Clear All,Clear All,Clear All,Clear All,Clear All,
STR_COT_PLAYER_MODULE_BLEED_APPLY,Apply / Clear,Apply / Clear,Apply / Clear,Apply / Clear,Apply / Clear,Apply / Clear,Apply / Clear,Apply / Clear,Apply / Clear,Apply / Clear,Apply / Clear,Apply / Clear,Apply / Clear,Apply / Clear,
STR_COT_PLAYER_MODULE_ACTION_HEAL,Heal,Heal,Heal,Heal,Heal,Heal,Heal,Heal,Heal,Heal,Heal,Heal,Heal,Heal,
STR_COT_ESP_MODULE_MENU_HEAL_ALL,Heal All,Heal All,Heal All,Heal All,Heal All,Heal All,Heal All,Heal All,Heal All,Heal All,Heal All,Heal All,Heal All,Heal All,
STR_COT_PLAYER_MODULE_ACTION_REPAIR,Repair,Repair,Repair,Repair,Repair,Repair,Repair,Repair,Repair,Repair,Repair,Repair,Repair,Repair,
STR_COT_PLAYER_MODULE_ACTION_DRY,Dry,Dry,Dry,Dry,Dry,Dry,Dry,Dry,Dry,Dry,Dry,Dry,Dry,Dry,
STR_COT_PLAYER_MODULE_ACTION_SPECTATE,Spectate,Spectate,Spectate,Spectate,Spectate,Spectate,Spectate,Spectate,Spectate,Spectate,Spectate,Spectate,Spectate,Spectate,
STR_COT_PLAYER_MODULE_ACTION_UNFREEZE,Unfreeze,Unfreeze,Unfreeze,Unfreeze,Unfreeze,Unfreeze,Unfreeze,Unfreeze,Unfreeze,Unfreeze,Unfreeze,Unfreeze,Unfreeze,Unfreeze,
STR_COT_PLAYER_MODULE_ACTION_RAGDOLL,Ragdoll,Ragdoll,Ragdoll,Ragdoll,Ragdoll,Ragdoll,Ragdoll,Ragdoll,Ragdoll,Ragdoll,Ragdoll,Ragdoll,Ragdoll,Ragdoll,
STR_COT_PLAYER_MODULE_ACTION_UNRAGDOLL,Unragdoll,Unragdoll,Unragdoll,Unragdoll,Unragdoll,Unragdoll,Unragdoll,Unragdoll,Unragdoll,Unragdoll,Unragdoll,Unragdoll,Unragdoll,Unragdoll,
STR_COT_PLAYER_MODULE_ACTION_WAKE,Wake Up,Wake Up,Wake Up,Wake Up,Wake Up,Wake Up,Wake Up,Wake Up,Wake Up,Wake Up,Wake Up,Wake Up,Wake Up,Wake Up,
STR_COT_PLAYER_MODULE_ACTION_FIX_LEGS,Fix Broken Legs,Fix Broken Legs,Fix Broken Legs,Fix Broken Legs,Fix Broken Legs,Fix Broken Legs,Fix Broken Legs,Fix Broken Legs,Fix Broken Legs,Fix Broken Legs,Fix Broken Legs,Fix Broken Legs,Fix Broken Legs,Fix Broken Legs,
STR_COT_PLAYER_MODULE_ACTION_CURE,Cure Diseases,Cure Diseases,Cure Diseases,Cure Diseases,Cure Diseases,Cure Diseases,Cure Diseases,Cure Diseases,Cure Diseases,Cure Diseases,Cure Diseases,Cure Diseases,Cure Diseases,Cure Diseases,
STR_COT_PLAYER_MODULE_STATUS_DEAD,Dead,Dead,Dead,Dead,Dead,Dead,Dead,Dead,Dead,Dead,Dead,Dead,Dead,Dead,
STR_COT_PLAYER_MODULE_STATUS_UNCONSCIOUS,Unconscious,Unconscious,Unconscious,Unconscious,Unconscious,Unconscious,Unconscious,Unconscious,Unconscious,Unconscious,Unconscious,Unconscious,Unconscious,Unconscious,
STR_COT_PLAYER_MODULE_STATUS_BROKEN_LEGS,Broken Legs,Broken Legs,Broken Legs,Broken Legs,Broken Legs,Broken Legs,Broken Legs,Broken Legs,Broken Legs,Broken Legs,Broken Legs,Broken Legs,Broken Legs,Broken Legs,
STR_COT_PLAYER_MODULE_STATUS_BLEEDING,Bleeding,Bleeding,Bleeding,Bleeding,Bleeding,Bleeding,Bleeding,Bleeding,Bleeding,Bleeding,Bleeding,Bleeding,Bleeding,Bleeding,
STR_COT_PLAYER_MODULE_STATUS_SICK,Sick,Sick,Sick,Sick,Sick,Sick,Sick,Sick,Sick,Sick,Sick,Sick,Sick,Sick,
STR_COT_PLAYER_MODULE_STATUS_ADMIN,Admin Role,Admin Role,Admin Role,Admin Role,Admin Role,Admin Role,Admin Role,Admin Role,Admin Role,Admin Role,Admin Role,Admin Role,Admin Role,Admin Role,
STR_COT_PLAYER_MODULE_STATUS_FLAGGED,Flagged by Anti-Cheat,Flagged by Anti-Cheat,Flagged by Anti-Cheat,Flagged by Anti-Cheat,Flagged by Anti-Cheat,Flagged by Anti-Cheat,Flagged by Anti-Cheat,Flagged by Anti-Cheat,Flagged by Anti-Cheat,Flagged by Anti-Cheat,Flagged by Anti-Cheat,Flagged by Anti-Cheat,Flagged by Anti-Cheat,Flagged by Anti-Cheat,
STR_COT_PLAYER_MODULE_ACTION_MESSAGE,Message,Message,Message,Message,Message,Message,Message,Message,Message,Message,Message,Message,Message,Message,
STR_COT_PLAYER_MODULE_ACTION_VOMIT,Vomit,Vomit,Vomit,Vomit,Vomit,Vomit,Vomit,Vomit,Vomit,Vomit,Vomit,Vomit,Vomit,Vomit,
STR_COT_PLAYER_MODULE_ACTION_SCALE,Scale,Scale,Scale,Scale,Scale,Scale,Scale,Scale,Scale,Scale,Scale,Scale,Scale,Scale,
STR_COT_PLAYER_MODULE_ACTION_KILL,Kill,Kill,Kill,Kill,Kill,Kill,Kill,Kill,Kill,Kill,Kill,Kill,Kill,Kill,
STR_COT_PLAYER_MODULE_ACTION_STRIP,Strip,Strip,Strip,Strip,Strip,Strip,Strip,Strip,Strip,Strip,Strip,Strip,Strip,Strip,
STR_COT_PLAYER_MODULE_ACTION_KICK,Kick,Kick,Kick,Kick,Kick,Kick,Kick,Kick,Kick,Kick,Kick,Kick,Kick,Kick,
STR_COT_PLAYER_MODULE_ACTION_BAN,Ban,Ban,Ban,Ban,Ban,Ban,Ban,Ban,Ban,Ban,Ban,Ban,Ban,Ban,
STR_COT_PLAYER_MODULE_INV_EMPTY,No inventory data.,No inventory data.,No inventory data.,No inventory data.,No inventory data.,No inventory data.,No inventory data.,No inventory data.,No inventory data.,No inventory data.,No inventory data.,No inventory data.,No inventory data.,No inventory data.,
STR_COT_PLAYER_MODULE_STAT_EMPTY,No statistics available.,No statistics available.,No statistics available.,No statistics available.,No statistics available.,No statistics available.,No statistics available.,No statistics available.,No statistics available.,No statistics available.,No statistics available.,No statistics available.,No statistics available.,No statistics available.,
STR_COT_PLAYER_MODULE_MAP_YOU,You,You,You,You,You,You,You,You,You,You,You,You,You,You,
STR_COT_PLAYER_MODULE_TT_COPY_NAME,Copy the player name to the clipboard,Copy the player name to the clipboard,Copy the player name to the clipboard,Copy the player name to the clipboard,Copy the player name to the clipboard,Copy the player name to the clipboard,Copy the player name to the clipboard,Copy the player name to the clipboard,Copy the player name to the clipboard,Copy the player name to the clipboard,Copy the player name to the clipboard,Copy the player name to the clipboard,Copy the player name to the clipboard,Copy the player name to the clipboard,
STR_COT_PLAYER_MODULE_TT_COPY_GUID,Copy the player GUID to the clipboard,Copy the player GUID to the clipboard,Copy the player GUID to the clipboard,Copy the player GUID to the clipboard,Copy the player GUID to the clipboard,Copy the player GUID to the clipboard,Copy the player GUID to the clipboard,Copy the player GUID to the clipboard,Copy the player GUID to the clipboard,Copy the player GUID to the clipboard,Copy the player GUID to the clipboard,Copy the player GUID to the clipboard,Copy the player GUID to the clipboard,Copy the player GUID to the clipboard,
STR_COT_PLAYER_MODULE_TT_COPY_STEAMID,Copy the Steam64 ID to the clipboard,Copy the Steam64 ID to the clipboard,Copy the Steam64 ID to the clipboard,Copy the Steam64 ID to the clipboard,Copy the Steam64 ID to the clipboard,Copy the Steam64 ID to the clipboard,Copy the Steam64 ID to the clipboard,Copy the Steam64 ID to the clipboard,Copy the Steam64 ID to the clipboard,Copy the Steam64 ID to the clipboard,Copy the Steam64 ID to the clipboard,Copy the Steam64 ID to the clipboard,Copy the Steam64 ID to the clipboard,Copy the Steam64 ID to the clipboard,
STR_COT_PLAYER_MODULE_TT_OPEN_STEAM_PROFILE,Open the Steam community profile in a browser,Open the Steam community profile in a browser,Open the Steam community profile in a browser,Open the Steam community profile in a browser,Open the Steam community profile in a browser,Open the Steam community profile in a browser,Open the Steam community profile in a browser,Open the Steam community profile in a browser,Open the Steam community profile in a browser,Open the Steam community profile in a browser,Open the Steam community profile in a browser,Open the Steam community profile in a browser,Open the Steam community profile in a browser,Open the Steam community profile in a browser,
STR_COT_PLAYER_MODULE_TT_REFRESH_COORDS,Refresh coordinates and player stats,Refresh coordinates and player stats,Refresh coordinates and player stats,Refresh coordinates and player stats,Refresh coordinates and player stats,Refresh coordinates and player stats,Refresh coordinates and player stats,Refresh coordinates and player stats,Refresh coordinates and player stats,Refresh coordinates and player stats,Refresh coordinates and player stats,Refresh coordinates and player stats,Refresh coordinates and player stats,Refresh coordinates and player stats,
STR_COT_PLAYER_MODULE_TT_RECENTER_MAP,Recenter the map on the selected player,Recenter the map on the selected player,Recenter the map on the selected player,Recenter the map on the selected player,Recenter the map on the selected player,Recenter the map on the selected player,Recenter the map on the selected player,Recenter the map on the selected player,Recenter the map on the selected player,Recenter the map on the selected player,Recenter the map on the selected player,Recenter the map on the selected player,Recenter the map on the selected player,Recenter the map on the selected player,
STR_COT_PLAYER_MODULE_TT_TELEPORT_TO_ME,Bring the selected players to your position,Bring the selected players to your position,Bring the selected players to your position,Bring the selected players to your position,Bring the selected players to your position,Bring the selected players to your position,Bring the selected players to your position,Bring the selected players to your position,Bring the selected players to your position,Bring the selected players to your position,Bring the selected players to your position,Bring the selected players to your position,Bring the selected players to your position,Bring the selected players to your position,
STR_COT_PLAYER_MODULE_TT_TELEPORT_ME_TO,Teleport yourself to the selected player,Teleport yourself to the selected player,Teleport yourself to the selected player,Teleport yourself to the selected player,Teleport yourself to the selected player,Teleport yourself to the selected player,Teleport yourself to the selected player,Teleport yourself to the selected player,Teleport yourself to the selected player,Teleport yourself to the selected player,Teleport yourself to the selected player,Teleport yourself to the selected player,Teleport yourself to the selected player,Teleport yourself to the selected player,
STR_COT_PLAYER_MODULE_TT_TELEPORT_PREVIOUS,Teleport the selected player back to their previous location,Teleport the selected player back to their previous location,Teleport the selected player back to their previous location,Teleport the selected player back to their previous location,Teleport the selected player back to their previous location,Teleport the selected player back to their previous location,Teleport the selected player back to their previous location,Teleport the selected player back to their previous location,Teleport the selected player back to their previous location,Teleport the selected player back to their previous location,Teleport the selected player back to their previous location,Teleport the selected player back to their previous location,Teleport the selected player back to their previous location,Teleport the selected player back to their previous location,
STR_COT_PLAYER_MODULE_TT_REMOVE_COLLISION,Disable physics collision so the player can phase through objects,Disable physics collision so the player can phase through objects,Disable physics collision so the player can phase through objects,Disable physics collision so the player can phase through objects,Disable physics collision so the player can phase through objects,Disable physics collision so the player can phase through objects,Disable physics collision so the player can phase through objects,Disable physics collision so the player can phase through objects,Disable physics collision so the player can phase through objects,Disable physics collision so the player can phase through objects,Disable physics collision so the player can phase through objects,Disable physics collision so the player can phase through objects,Disable physics collision so the player can phase through objects,Disable physics collision so the player can phase through objects,
STR_COT_PLAYER_MODULE_TT_GODMODE,Player takes no damage from any source,Player takes no damage from any source,Player takes no damage from any source,Player takes no damage from any source,Player takes no damage from any source,Player takes no damage from any source,Player takes no damage from any source,Player takes no damage from any source,Player takes no damage from any source,Player takes no damage from any source,Player takes no damage from any source,Player takes no damage from any source,Player takes no damage from any source,Player takes no damage from any source,
STR_COT_PLAYER_MODULE_TT_FREEZE,Lock the player in place; they cannot move or use the inventory,Lock the player in place; they cannot move or use the inventory,Lock the player in place; they cannot move or use the inventory,Lock the player in place; they cannot move or use the inventory,Lock the player in place; they cannot move or use the inventory,Lock the player in place; they cannot move or use the inventory,Lock the player in place; they cannot move or use the inventory,Lock the player in place; they cannot move or use the inventory,Lock the player in place; they cannot move or use the inventory,Lock the player in place; they cannot move or use the inventory,Lock the player in place; they cannot move or use the inventory,Lock the player in place; they cannot move or use the inventory,Lock the player in place; they cannot move or use the inventory,Lock the player in place; they cannot move or use the inventory,
STR_COT_PLAYER_MODULE_TT_INVISIBLE,Hide the player model from other players and infected,Hide the player model from other players and infected,Hide the player model from other players and infected,Hide the player model from other players and infected,Hide the player model from other players and infected,Hide the player model from other players and infected,Hide the player model from other players and infected,Hide the player model from other players and infected,Hide the player model from other players and infected,Hide the player model from other players and infected,Hide the player model from other players and infected,Hide the player model from other players and infected,Hide the player model from other players and infected,Hide the player model from other players and infected,
STR_COT_PLAYER_MODULE_TT_BLOODY_HANDS,Toggle the blood-on-hands cosmetic state,Toggle the blood-on-hands cosmetic state,Toggle the blood-on-hands cosmetic state,Toggle the blood-on-hands cosmetic state,Toggle the blood-on-hands cosmetic state,Toggle the blood-on-hands cosmetic state,Toggle the blood-on-hands cosmetic state,Toggle the blood-on-hands cosmetic state,Toggle the blood-on-hands cosmetic state,Toggle the blood-on-hands cosmetic state,Toggle the blood-on-hands cosmetic state,Toggle the blood-on-hands cosmetic state,Toggle the blood-on-hands cosmetic state,Toggle the blood-on-hands cosmetic state,
STR_COT_PLAYER_MODULE_TT_IGNORED_BY_AI,Infected and AI will ignore this player,Infected and AI will ignore this player,Infected and AI will ignore this player,Infected and AI will ignore this player,Infected and AI will ignore this player,Infected and AI will ignore this player,Infected and AI will ignore this player,Infected and AI will ignore this player,Infected and AI will ignore this player,Infected and AI will ignore this player,Infected and AI will ignore this player,Infected and AI will ignore this player,Infected and AI will ignore this player,Infected and AI will ignore this player,
STR_COT_PLAYER_MODULE_TT_BROKEN_LEGS,Force the broken-legs state on the player,Force the broken-legs state on the player,Force the broken-legs state on the player,Force the broken-legs state on the player,Force the broken-legs state on the player,Force the broken-legs state on the player,Force the broken-legs state on the player,Force the broken-legs state on the player,Force the broken-legs state on the player,Force the broken-legs state on the player,Force the broken-legs state on the player,Force the broken-legs state on the player,Force the broken-legs state on the player,Force the broken-legs state on the player,
STR_COT_PLAYER_MODULE_TT_UNLIMITED_STAMINA,Player never tires when sprinting or holding breath,Player never tires when sprinting or holding breath,Player never tires when sprinting or holding breath,Player never tires when sprinting or holding breath,Player never tires when sprinting or holding breath,Player never tires when sprinting or holding breath,Player never tires when sprinting or holding breath,Player never tires when sprinting or holding breath,Player never tires when sprinting or holding breath,Player never tires when sprinting or holding breath,Player never tires when sprinting or holding breath,Player never tires when sprinting or holding breath,Player never tires when sprinting or holding breath,Player never tires when sprinting or holding breath,
STR_COT_PLAYER_MODULE_TT_RECEIVE_DAMAGE_DEALT,Mirror outgoing damage back onto this player (debug),Mirror outgoing damage back onto this player (debug),Mirror outgoing damage back onto this player (debug),Mirror outgoing damage back onto this player (debug),Mirror outgoing damage back onto this player (debug),Mirror outgoing damage back onto this player (debug),Mirror outgoing damage back onto this player (debug),Mirror outgoing damage back onto this player (debug),Mirror outgoing damage back onto this player (debug),Mirror outgoing damage back onto this player (debug),Mirror outgoing damage back onto this player (debug),Mirror outgoing damage back onto this player (debug),Mirror outgoing damage back onto this player (debug),Mirror outgoing damage back onto this player (debug),
STR_COT_PLAYER_MODULE_TT_UNLIMITED_AMMO,Magazines never deplete,Magazines never deplete,Magazines never deplete,Magazines never deplete,Magazines never deplete,Magazines never deplete,Magazines never deplete,Magazines never deplete,Magazines never deplete,Magazines never deplete,Magazines never deplete,Magazines never deplete,Magazines never deplete,Magazines never deplete,
STR_COT_PLAYER_MODULE_TT_NVG,Give the player a free admin night-vision overlay (no item required),Give the player a free admin night-vision overlay (no item required),Give the player a free admin night-vision overlay (no item required),Give the player a free admin night-vision overlay (no item required),Give the player a free admin night-vision overlay (no item required),Give the player a free admin night-vision overlay (no item required),Give the player a free admin night-vision overlay (no item required),Give the player a free admin night-vision overlay (no item required),Give the player a free admin night-vision overlay (no item required),Give the player a free admin night-vision overlay (no item required),Give the player a free admin night-vision overlay (no item required),Give the player a free admin night-vision overlay (no item required),Give the player a free admin night-vision overlay (no item required),Give the player a free admin night-vision overlay (no item required),
STR_COT_PLAYER_MODULE_TT_DISEASE_AGENT,Disease state - green means not infected and red means infected. Click then Add or Remove.,Disease state - green means not infected and red means infected. Click then Add or Remove.,Disease state - green means not infected and red means infected. Click then Add or Remove.,Disease state - green means not infected and red means infected. Click then Add or Remove.,Disease state - green means not infected and red means infected. Click then Add or Remove.,Disease state - green means not infected and red means infected. Click then Add or Remove.,Disease state - green means not infected and red means infected. Click then Add or Remove.,Disease state - green means not infected and red means infected. Click then Add or Remove.,Disease state - green means not infected and red means infected. Click then Add or Remove.,Disease state - green means not infected and red means infected. Click then Add or Remove.,Disease state - green means not infected and red means infected. Click then Add or Remove.,Disease state - green means not infected and red means infected. Click then Add or Remove.,Disease state - green means not infected and red means infected. Click then Add or Remove.,Disease state - green means not infected and red means infected. Click then Add or Remove.,
STR_COT_PLAYER_MODULE_TT_DISEASE_ADD,"Inject the selected agent into the player (single-shot, activates all thresholds)","Inject the selected agent into the player (single-shot, activates all thresholds)","Inject the selected agent into the player (single-shot, activates all thresholds)","Inject the selected agent into the player (single-shot, activates all thresholds)","Inject the selected agent into the player (single-shot, activates all thresholds)","Inject the selected agent into the player (single-shot, activates all thresholds)","Inject the selected agent into the player (single-shot, activates all thresholds)","Inject the selected agent into the player (single-shot, activates all thresholds)","Inject the selected agent into the player (single-shot, activates all thresholds)","Inject the selected agent into the player (single-shot, activates all thresholds)","Inject the selected agent into the player (single-shot, activates all thresholds)","Inject the selected agent into the player (single-shot, activates all thresholds)","Inject the selected agent into the player (single-shot, activates all thresholds)","Inject the selected agent into the player (single-shot, activates all thresholds)",
STR_COT_PLAYER_MODULE_TT_DISEASE_REMOVE,Remove the selected agent from the player,Remove the selected agent from the player,Remove the selected agent from the player,Remove the selected agent from the player,Remove the selected agent from the player,Remove the selected agent from the player,Remove the selected agent from the player,Remove the selected agent from the player,Remove the selected agent from the player,Remove the selected agent from the player,Remove the selected agent from the player,Remove the selected agent from the player,Remove the selected agent from the player,Remove the selected agent from the player,
STR_COT_PLAYER_MODULE_TT_DISEASE_CLEAR,Remove every active disease from the player,Remove every active disease from the player,Remove every active disease from the player,Remove every active disease from the player,Remove every active disease from the player,Remove every active disease from the player,Remove every active disease from the player,Remove every active disease from the player,Remove every active disease from the player,Remove every active disease from the player,Remove every active disease from the player,Remove every active disease from the player,Remove every active disease from the player,Remove every active disease from the player,
STR_COT_PLAYER_MODULE_TT_BLEEDING_PART,Pick a body part (or All) then click Apply. Icons show current bleed state.,Pick a body part (or All) then click Apply. Icons show current bleed state.,Pick a body part (or All) then click Apply. Icons show current bleed state.,Pick a body part (or All) then click Apply. Icons show current bleed state.,Pick a body part (or All) then click Apply. Icons show current bleed state.,Pick a body part (or All) then click Apply. Icons show current bleed state.,Pick a body part (or All) then click Apply. Icons show current bleed state.,Pick a body part (or All) then click Apply. Icons show current bleed state.,Pick a body part (or All) then click Apply. Icons show current bleed state.,Pick a body part (or All) then click Apply. Icons show current bleed state.,Pick a body part (or All) then click Apply. Icons show current bleed state.,Pick a body part (or All) then click Apply. Icons show current bleed state.,Pick a body part (or All) then click Apply. Icons show current bleed state.,Pick a body part (or All) then click Apply. Icons show current bleed state.,
STR_COT_PLAYER_MODULE_TT_BLEED_APPLY,"Apply bleed to the selected body part. If All is selected, clears every active bleed.","Apply bleed to the selected body part. If All is selected, clears every active bleed.","Apply bleed to the selected body part. If All is selected, clears every active bleed.","Apply bleed to the selected body part. If All is selected, clears every active bleed.","Apply bleed to the selected body part. If All is selected, clears every active bleed.","Apply bleed to the selected body part. If All is selected, clears every active bleed.","Apply bleed to the selected body part. If All is selected, clears every active bleed.","Apply bleed to the selected body part. If All is selected, clears every active bleed.","Apply bleed to the selected body part. If All is selected, clears every active bleed.","Apply bleed to the selected body part. If All is selected, clears every active bleed.","Apply bleed to the selected body part. If All is selected, clears every active bleed.","Apply bleed to the selected body part. If All is selected, clears every active bleed.","Apply bleed to the selected body part. If All is selected, clears every active bleed.","Apply bleed to the selected body part. If All is selected, clears every active bleed.",
STR_COT_PLAYER_MODULE_TT_HEAL,"Restore health, blood and energy to full","Restore health, blood and energy to full","Restore health, blood and energy to full","Restore health, blood and energy to full","Restore health, blood and energy to full","Restore health, blood and energy to full","Restore health, blood and energy to full","Restore health, blood and energy to full","Restore health, blood and energy to full","Restore health, blood and energy to full","Restore health, blood and energy to full","Restore health, blood and energy to full","Restore health, blood and energy to full","Restore health, blood and energy to full",
STR_COT_PLAYER_MODULE_TT_REPAIR,Repair the vehicle the player is currently in,Repair the vehicle the player is currently in,Repair the vehicle the player is currently in,Repair the vehicle the player is currently in,Repair the vehicle the player is currently in,Repair the vehicle the player is currently in,Repair the vehicle the player is currently in,Repair the vehicle the player is currently in,Repair the vehicle the player is currently in,Repair the vehicle the player is currently in,Repair the vehicle the player is currently in,Repair the vehicle the player is currently in,Repair the vehicle the player is currently in,Repair the vehicle the player is currently in,
STR_COT_PLAYER_MODULE_TT_DRY,Dry every wet clothing item on the player,Dry every wet clothing item on the player,Dry every wet clothing item on the player,Dry every wet clothing item on the player,Dry every wet clothing item on the player,Dry every wet clothing item on the player,Dry every wet clothing item on the player,Dry every wet clothing item on the player,Dry every wet clothing item on the player,Dry every wet clothing item on the player,Dry every wet clothing item on the player,Dry every wet clothing item on the player,Dry every wet clothing item on the player,Dry every wet clothing item on the player,
STR_COT_PLAYER_MODULE_TT_SPECTATE,Enter spectator camera following the selected player,Enter spectator camera following the selected player,Enter spectator camera following the selected player,Enter spectator camera following the selected player,Enter spectator camera following the selected player,Enter spectator camera following the selected player,Enter spectator camera following the selected player,Enter spectator camera following the selected player,Enter spectator camera following the selected player,Enter spectator camera following the selected player,Enter spectator camera following the selected player,Enter spectator camera following the selected player,Enter spectator camera following the selected player,Enter spectator camera following the selected player,
STR_COT_PLAYER_MODULE_TT_MESSAGE,Send an in-game notification to the selected player,Send an in-game notification to the selected player,Send an in-game notification to the selected player,Send an in-game notification to the selected player,Send an in-game notification to the selected player,Send an in-game notification to the selected player,Send an in-game notification to the selected player,Send an in-game notification to the selected player,Send an in-game notification to the selected player,Send an in-game notification to the selected player,Send an in-game notification to the selected player,Send an in-game notification to the selected player,Send an in-game notification to the selected player,Send an in-game notification to the selected player,
STR_COT_PLAYER_MODULE_TT_VOMIT,Force the player to vomit (debug),Force the player to vomit (debug),Force the player to vomit (debug),Force the player to vomit (debug),Force the player to vomit (debug),Force the player to vomit (debug),Force the player to vomit (debug),Force the player to vomit (debug),Force the player to vomit (debug),Force the player to vomit (debug),Force the player to vomit (debug),Force the player to vomit (debug),Force the player to vomit (debug),Force the player to vomit (debug),
STR_COT_PLAYER_MODULE_TT_SCALE,Adjust the player model size,Adjust the player model size,Adjust the player model size,Adjust the player model size,Adjust the player model size,Adjust the player model size,Adjust the player model size,Adjust the player model size,Adjust the player model size,Adjust the player model size,Adjust the player model size,Adjust the player model size,Adjust the player model size,Adjust the player model size,
STR_COT_PLAYER_MODULE_TT_KILL,Instantly kill the selected player,Instantly kill the selected player,Instantly kill the selected player,Instantly kill the selected player,Instantly kill the selected player,Instantly kill the selected player,Instantly kill the selected player,Instantly kill the selected player,Instantly kill the selected player,Instantly kill the selected player,Instantly kill the selected player,Instantly kill the selected player,Instantly kill the selected player,Instantly kill the selected player,
STR_COT_PLAYER_MODULE_TT_STRIP,Remove every item from the player inventory,Remove every item from the player inventory,Remove every item from the player inventory,Remove every item from the player inventory,Remove every item from the player inventory,Remove every item from the player inventory,Remove every item from the player inventory,Remove every item from the player inventory,Remove every item from the player inventory,Remove every item from the player inventory,Remove every item from the player inventory,Remove every item from the player inventory,Remove every item from the player inventory,Remove every item from the player inventory,
STR_COT_PLAYER_MODULE_TT_KICK,Disconnect the player from the server (no ban),Disconnect the player from the server (no ban),Disconnect the player from the server (no ban),Disconnect the player from the server (no ban),Disconnect the player from the server (no ban),Disconnect the player from the server (no ban),Disconnect the player from the server (no ban),Disconnect the player from the server (no ban),Disconnect the player from the server (no ban),Disconnect the player from the server (no ban),Disconnect the player from the server (no ban),Disconnect the player from the server (no ban),Disconnect the player from the server (no ban),Disconnect the player from the server (no ban),
STR_COT_PLAYER_MODULE_TT_BAN,Open the ban dialog to ban this player,Open the ban dialog to ban this player,Open the ban dialog to ban this player,Open the ban dialog to ban this player,Open the ban dialog to ban this player,Open the ban dialog to ban this player,Open the ban dialog to ban this player,Open the ban dialog to ban this player,Open the ban dialog to ban this player,Open the ban dialog to ban this player,Open the ban dialog to ban this player,Open the ban dialog to ban this player,Open the ban dialog to ban this player,Open the ban dialog to ban this player,
STR_COT_PLAYER_MODULE_INV_COL_ITEM,Item,Item,Item,Item,Item,Item,Item,Item,Item,Item,Item,Item,Item,Item,
STR_COT_PLAYER_MODULE_INV_COL_SLOT,Location,Location,Location,Location,Location,Location,Location,Location,Location,Location,Location,Location,Location,Location,
STR_COT_PLAYER_MODULE_INV_COL_HP,HP,HP,HP,HP,HP,HP,HP,HP,HP,HP,HP,HP,HP,HP,
STR_COT_PLAYER_MODULE_INV_COL_QTY,Qty,Qty,Qty,Qty,Qty,Qty,Qty,Qty,Qty,Qty,Qty,Qty,Qty,Qty,
STR_COT_PLAYER_MODULE_INV_LOC_CARGO,Cargo,Cargo,Cargo,Cargo,Cargo,Cargo,Cargo,Cargo,Cargo,Cargo,Cargo,Cargo,Cargo,Cargo,
STR_COT_PLAYER_MODULE_INV_LOC_HANDS,Hands,Hands,Hands,Hands,Hands,Hands,Hands,Hands,Hands,Hands,Hands,Hands,Hands,Hands,
STR_COT_PLAYER_MODULE_INV_TAKE,Take,Take,Take,Take,Take,Take,Take,Take,Take,Take,Take,Take,Take,Take,
STR_COT_PLAYER_MODULE_INV_SET_HEALTH,Set Health,Set Health,Set Health,Set Health,Set Health,Set Health,Set Health,Set Health,Set Health,Set Health,Set Health,Set Health,Set Health,Set Health,
STR_COT_PLAYER_MODULE_INV_DELETE,Delete,Delete,Delete,Delete,Delete,Delete,Delete,Delete,Delete,Delete,Delete,Delete,Delete,Delete,
STR_COT_PLAYER_MODULE_INV_CLEAR_CARGO,Clear Cargo,Clear Cargo,Clear Cargo,Clear Cargo,Clear Cargo,Clear Cargo,Clear Cargo,Clear Cargo,Clear Cargo,Clear Cargo,Clear Cargo,Clear Cargo,Clear Cargo,Clear Cargo,
STR_COT_PLAYER_MODULE_INV_COUNT,%1 items,%1 items,%1 items,%1 items,%1 items,%1 items,%1 items,%1 items,%1 items,%1 items,%1 items,%1 items,%1 items,%1 items,
STR_COT_PLAYER_MODULE_INV_TRUNCATED,%1 items (list truncated),%1 items (list truncated),%1 items (list truncated),%1 items (list truncated),%1 items (list truncated),%1 items (list truncated),%1 items (list truncated),%1 items (list truncated),%1 items (list truncated),%1 items (list truncated),%1 items (list truncated),%1 items (list truncated),%1 items (list truncated),%1 items (list truncated),
STR_COT_PLAYER_MODULE_INV_CLEAR_CARGO_BODY,Clear every container this player is carrying?,Clear every container this player is carrying?,Clear every container this player is carrying?,Clear every container this player is carrying?,Clear every container this player is carrying?,Clear every container this player is carrying?,Clear every container this player is carrying?,Clear every container this player is carrying?,Clear every container this player is carrying?,Clear every container this player is carrying?,Clear every container this player is carrying?,Clear every container this player is carrying?,Clear every container this player is carrying?,Clear every container this player is carrying?,
STR_COT_PLAYER_MODULE_INV_DELETE_CONFIRM_TITLE,Delete Item,Delete Item,Delete Item,Delete Item,Delete Item,Delete Item,Delete Item,Delete Item,Delete Item,Delete Item,Delete Item,Delete Item,Delete Item,Delete Item,
STR_COT_PLAYER_MODULE_INV_DELETE_CONFIRM_BODY,Permanently delete %1 from this player?,Permanently delete %1 from this player?,Permanently delete %1 from this player?,Permanently delete %1 from this player?,Permanently delete %1 from this player?,Permanently delete %1 from this player?,Permanently delete %1 from this player?,Permanently delete %1 from this player?,Permanently delete %1 from this player?,Permanently delete %1 from this player?,Permanently delete %1 from this player?,Permanently delete %1 from this player?,Permanently delete %1 from this player?,Permanently delete %1 from this player?,
STR_COT_PLAYER_MODULE_TT_INV_REFRESH,Request a fresh inventory listing from the server,Request a fresh inventory listing from the server,Request a fresh inventory listing from the server,Request a fresh inventory listing from the server,Request a fresh inventory listing from the server,Request a fresh inventory listing from the server,Request a fresh inventory listing from the server,Request a fresh inventory listing from the server,Request a fresh inventory listing from the server,Request a fresh inventory listing from the server,Request a fresh inventory listing from the server,Request a fresh inventory listing from the server,Request a fresh inventory listing from the server,Request a fresh inventory listing from the server,
STR_COT_PLAYER_MODULE_TT_INV_CLEAR_CARGO,"Delete everything stored in containers, leaving worn items alone","Delete everything stored in containers, leaving worn items alone","Delete everything stored in containers, leaving worn items alone","Delete everything stored in containers, leaving worn items alone","Delete everything stored in containers, leaving worn items alone","Delete everything stored in containers, leaving worn items alone","Delete everything stored in containers, leaving worn items alone","Delete everything stored in containers, leaving worn items alone","Delete everything stored in containers, leaving worn items alone","Delete everything stored in containers, leaving worn items alone","Delete everything stored in containers, leaving worn items alone","Delete everything stored in containers, leaving worn items alone","Delete everything stored in containers, leaving worn items alone","Delete everything stored in containers, leaving worn items alone",
STR_COT_PLAYER_MODULE_STAT_PLAYTIME,Playtime,Playtime,Playtime,Playtime,Playtime,Playtime,Playtime,Playtime,Playtime,Playtime,Playtime,Playtime,Playtime,Playtime,
STR_COT_PLAYER_MODULE_STAT_SESSIONS,Sessions,Sessions,Sessions,Sessions,Sessions,Sessions,Sessions,Sessions,Sessions,Sessions,Sessions,Sessions,Sessions,Sessions,
STR_COT_PLAYER_MODULE_STAT_FIRSTSEEN,First seen,First seen,First seen,First seen,First seen,First seen,First seen,First seen,First seen,First seen,First seen,First seen,First seen,First seen,
STR_COT_PLAYER_MODULE_STAT_LASTSEEN,Last seen,Last seen,Last seen,Last seen,Last seen,Last seen,Last seen,Last seen,Last seen,Last seen,Last seen,Last seen,Last seen,Last seen,
STR_COT_PLAYER_MODULE_STAT_DEATHS,Deaths,Deaths,Deaths,Deaths,Deaths,Deaths,Deaths,Deaths,Deaths,Deaths,Deaths,Deaths,Deaths,Deaths,
STR_COT_PLAYER_MODULE_STAT_LONGEST_LIFE,Longest life,Longest life,Longest life,Longest life,Longest life,Longest life,Longest life,Longest life,Longest life,Longest life,Longest life,Longest life,Longest life,Longest life,
STR_COT_PLAYER_MODULE_STAT_CURRENT_LIFE,Current life,Current life,Current life,Current life,Current life,Current life,Current life,Current life,Current life,Current life,Current life,Current life,Current life,Current life,
STR_COT_PLAYER_MODULE_STAT_KILLS,Kills,Kills,Kills,Kills,Kills,Kills,Kills,Kills,Kills,Kills,Kills,Kills,Kills,Kills,
STR_COT_PLAYER_MODULE_STAT_HITRATIO,Hit ratio,Hit ratio,Hit ratio,Hit ratio,Hit ratio,Hit ratio,Hit ratio,Hit ratio,Hit ratio,Hit ratio,Hit ratio,Hit ratio,Hit ratio,Hit ratio,
STR_COT_PLAYER_MODULE_STAT_HEADSHOTS,Head / Torso,Head / Torso,Head / Torso,Head / Torso,Head / Torso,Head / Torso,Head / Torso,Head / Torso,Head / Torso,Head / Torso,Head / Torso,Head / Torso,Head / Torso,Head / Torso,
STR_COT_PLAYER_MODULE_STAT_AVGDIST,Average distance,Average distance,Average distance,Average distance,Average distance,Average distance,Average distance,Average distance,Average distance,Average distance,Average distance,Average distance,Average distance,Average distance,
STR_COT_PLAYER_MODULE_STAT_MAXDIST,Longest kill,Longest kill,Longest kill,Longest kill,Longest kill,Longest kill,Longest kill,Longest kill,Longest kill,Longest kill,Longest kill,Longest kill,Longest kill,Longest kill,
STR_COT_PLAYER_MODULE_STAT_NO_PERMISSION,Combat statistics require the Admin.AntiCheat.View permission.,Combat statistics require the Admin.AntiCheat.View permission.,Combat statistics require the Admin.AntiCheat.View permission.,Combat statistics require the Admin.AntiCheat.View permission.,Combat statistics require the Admin.AntiCheat.View permission.,Combat statistics require the Admin.AntiCheat.View permission.,Combat statistics require the Admin.AntiCheat.View permission.,Combat statistics require the Admin.AntiCheat.View permission.,Combat statistics require the Admin.AntiCheat.View permission.,Combat statistics require the Admin.AntiCheat.View permission.,Combat statistics require the Admin.AntiCheat.View permission.,Combat statistics require the Admin.AntiCheat.View permission.,Combat statistics require the Admin.AntiCheat.View permission.,Combat statistics require the Admin.AntiCheat.View permission.,
STR_COT_PLAYER_MODULE_STAT_NO_COMBAT,No recorded engagements.,No recorded engagements.,No recorded engagements.,No recorded engagements.,No recorded engagements.,No recorded engagements.,No recorded engagements.,No recorded engagements.,No recorded engagements.,No recorded engagements.,No recorded engagements.,No recorded engagements.,No recorded engagements.,No recorded engagements.,
STR_COT_PLAYER_MODULE_REFRESH,Refresh,Refresh,Refresh,Refresh,Refresh,Refresh,Refresh,Refresh,Refresh,Refresh,Refresh,Refresh,Refresh,Refresh,
STR_COT_PLAYER_MODULE_TT_REFRESH_STATS,Re-read the player stats from the server,Re-read the player stats from the server,Re-read the player stats from the server,Re-read the player stats from the server,Re-read the player stats from the server,Re-read the player stats from the server,Re-read the player stats from the server,Re-read the player stats from the server,Re-read the player stats from the server,Re-read the player stats from the server,Re-read the player stats from the server,Re-read the player stats from the server,Re-read the player stats from the server,Re-read the player stats from the server,
STR_COT_GENERIC_OK,OK,OK,OK,OK,OK,OK,OK,OK,OK,OK,OK,OK,OK,OK,
STR_COT_PLAYER_MODULE_INV_INSPECT,Inspect,Inspect,Inspect,Inspect,Inspect,Inspect,Inspect,Inspect,Inspect,Inspect,Inspect,Inspect,Inspect,Inspect,
STR_COT_PLAYER_MODULE_INV_INSPECT_TITLE,Item Details,Item Details,Item Details,Item Details,Item Details,Item Details,Item Details,Item Details,Item Details,Item Details,Item Details,Item Details,Item Details,Item Details,
STR_COT_PLAYER_MODULE_INV_RUINED,Ruined,Ruined,Ruined,Ruined,Ruined,Ruined,Ruined,Ruined,Ruined,Ruined,Ruined,Ruined,Ruined,Ruined,
STR_COT_PLAYER_MODULE_STAT_HEADSHOT_RATIO,Headshot ratio,Headshot ratio,Headshot ratio,Headshot ratio,Headshot ratio,Headshot ratio,Headshot ratio,Headshot ratio,Headshot ratio,Headshot ratio,Headshot ratio,Headshot ratio,Headshot ratio,Headshot ratio,
STR_COT_PLAYER_MODULE_BADGE_OFF,OFF,OFF,OFF,OFF,OFF,OFF,OFF,OFF,OFF,OFF,OFF,OFF,OFF,OFF,
STR_COT_PLAYER_MODULE_IDENTITY_ROLE,Role:,Role:,Role:,Role:,Role:,Role:,Role:,Role:,Role:,Role:,Role:,Role:,Role:,Role:,
STR_COT_PLAYER_MODULE_TT_REFRESH_STATISTICS,Fetch the latest session and combat statistics from the server,Fetch the latest session and combat statistics from the server,Fetch the latest session and combat statistics from the server,Fetch the latest session and combat statistics from the server,Fetch the latest session and combat statistics from the server,Fetch the latest session and combat statistics from the server,Fetch the latest session and combat statistics from the server,Fetch the latest session and combat statistics from the server,Fetch the latest session and combat statistics from the server,Fetch the latest session and combat statistics from the server,Fetch the latest session and combat statistics from the server,Fetch the latest session and combat statistics from the server,Fetch the latest session and combat statistics from the server,Fetch the latest session and combat statistics from the server,
STR_COT_PLAYER_MODULE_INV_UNJAM,Unjam,Unjam,Unjam,Unjam,Unjam,Unjam,Unjam,Unjam,Unjam,Unjam,Unjam,Unjam,Unjam,Unjam,
STR_COT_PLAYER_MODULE_INV_SET_QUANTITY,Set Quantity,Set Quantity,Set Quantity,Set Quantity,Set Quantity,Set Quantity,Set Quantity,Set Quantity,Set Quantity,Set Quantity,Set Quantity,Set Quantity,Set Quantity,Set Quantity,
STR_COT_PLAYER_MODULE_INV_SET_TEMPERATURE,Set Temperature,Set Temperature,Set Temperature,Set Temperature,Set Temperature,Set Temperature,Set Temperature,Set Temperature,Set Temperature,Set Temperature,Set Temperature,Set Temperature,Set Temperature,Set Temperature,
STR_COT_PLAYER_MODULE_INV_SET_STATE,Set State,Set State,Set State,Set State,Set State,Set State,Set State,Set State,Set State,Set State,Set State,Set State,Set State,Set State,
STR_COT_PLAYER_MODULE_INV_SET_LIQUID,Set Liquid,Set Liquid,Set Liquid,Set Liquid,Set Liquid,Set Liquid,Set Liquid,Set Liquid,Set Liquid,Set Liquid,Set Liquid,Set Liquid,Set Liquid,Set Liquid,
STR_COT_PLAYER_MODULE_INV_STAGE_RAW,Raw,Raw,Raw,Raw,Raw,Raw,Raw,Raw,Raw,Raw,Raw,Raw,Raw,Raw,
STR_COT_PLAYER_MODULE_INV_STAGE_BAKED,Baked,Baked,Baked,Baked,Baked,Baked,Baked,Baked,Baked,Baked,Baked,Baked,Baked,Baked,
STR_COT_PLAYER_MODULE_INV_STAGE_BOILED,Boiled,Boiled,Boiled,Boiled,Boiled,Boiled,Boiled,Boiled,Boiled,Boiled,Boiled,Boiled,Boiled,Boiled,
STR_COT_PLAYER_MODULE_INV_STAGE_DRIED,Dried,Dried,Dried,Dried,Dried,Dried,Dried,Dried,Dried,Dried,Dried,Dried,Dried,Dried,
STR_COT_PLAYER_MODULE_INV_STAGE_BURNED,Burned,Burned,Burned,Burned,Burned,Burned,Burned,Burned,Burned,Burned,Burned,Burned,Burned,Burned,
STR_COT_PLAYER_MODULE_INV_STAGE_ROTTEN,Rotten,Rotten,Rotten,Rotten,Rotten,Rotten,Rotten,Rotten,Rotten,Rotten,Rotten,Rotten,Rotten,Rotten,
STR_COT_GENERIC_REFRESH,Refresh,Refresh,Obnovit,Aktualisieren,Обновить,Odśwież,Frissítés,Aggiorna,Actualizar,Actualiser,重新整理,更新,Atualizar,刷新,
STR_COT_GENERIC_DELETE,Delete,Delete,Smazat,Löschen,Удалить,Usuń,Törlés,Elimina,Eliminar,Supprimer,刪除,削除,Excluir,删除,
STR_COT_GENERIC_APPLY,Apply,Apply,Použít,Anwenden,Применить,Zastosuj,Alkalmaz,Applica,Aplicar,Appliquer,套用,適用,Aplicar,应用,
STR_COT_GENERIC_COPY,Copy,Copy,Kopírovat,Kopieren,Копировать,Kopiuj,Másolás,Copia,Copiar,Copier,複製,コピー,Copiar,复制,
STR_COT_GENERIC_PASTE,Paste,Paste,Vložit,Einfügen,Вставить,Wklej,Beillesztés,Incolla,Pegar,Coller,貼上,貼り付け,Colar,粘贴,
STR_COT_GENERIC_EDIT,Edit,Edit,Upravit,Bearbeiten,Изменить,Edytuj,Szerkesztés,Modifica,Editar,Modifier,編輯,編集,Editar,编辑,
STR_COT_GENERIC_LOCK,Lock,Lock,Zamknout,Sperren,Заблокировать,Zablokuj,Zárolás,Blocca,Bloquear,Verrouiller,鎖定,ロック,Bloquear,锁定,
STR_COT_GENERIC_VIEW,View,View,Zobrazit,Ansehen,Показать,Pokaż,Megtekintés,Visualizza,Ver,Afficher,檢視,表示,Ver,查看,
STR_COT_VEHICLE_TAB_MAP,Map,Map,Mapa,Karte,Карта,Mapa,Térkép,Mappa,Mapa,Carte,地圖,マップ,Mapa,地图,
STR_COT_VEHICLE_TAB_ACTIONS,Actions,Actions,Akce,Aktionen,Действия,Akcje,Műveletek,Azioni,Acciones,Actions,操作,アクション,Ações,操作,
STR_COT_VEHICLE_TAB_INFO,Info,Info,Info,Info,Инфо,Info,Infó,Info,Info,Info,資訊,情報,Info,信息,
STR_COT_TERRITORY_SECTION_LIST,TERRITORIES,TERRITORIES,ÚZEMÍ,TERRITORIEN,ТЕРРИТОРИИ,TERYTORIA,TERÜLETEK,TERRITORI,TERRITORIOS,TERRITOIRES,領地,テリトリー,TERRITÓRIOS,领地,
STR_COT_TERRITORY_NONE_FOUND,No territories found,No territories found,Nebyla nalezena žádná území,Keine Territorien gefunden,Территории не найдены,Nie znaleziono terytoriów,Nem található terület,Nessun territorio trovato,No se encontraron territorios,Aucun territoire trouvé,找不到領地,テリトリーが見つかりません,Nenhum território encontrado,未找到领地,
STR_COT_TERRITORY_TT_REFRESH,Reload the territory list from the server,Reload the territory list from the server,Znovu načíst seznam území ze serveru,Territorienliste vom Server neu laden,Обновить список территорий с сервера,Odśwież listę terytoriów z serwera,Területlista újratöltése a szerverről,Ricarica l'elenco dei territori dal server,Recargar la lista de territorios del servidor,Recharger la liste des territoires depuis le serveur,從伺服器重新載入領地列表,サーバーからテリトリー一覧を再読み込み,Recarregar a lista de territórios do servidor,从服务器重新加载领地列表,
STR_COT_TERRITORY_TT_UPGRADE,Upgrade territory level,Upgrade territory level,Zvýšit úroveň území,Territoriumsstufe erhöhen,Повысить уровень территории,Podnieś poziom terytorium,Terület szintjének növelése,Aumenta il livello del territorio,Subir el nivel del territorio,Augmenter le niveau du territoire,提升領地等級,テリトリーレベルを上げる,Aumentar o nível do território,提升领地等级,
STR_COT_TERRITORY_TT_DOWNGRADE,Downgrade territory level,Downgrade territory level,Snížit úroveň území,Territoriumsstufe verringern,Понизить уровень территории,Obniż poziom terytorium,Terület szintjének csökkentése,Riduci il livello del territorio,Bajar el nivel del territorio,Diminuer le niveau du territoire,降低領地等級,テリトリーレベルを下げる,Reduzir o nível do território,降低领地等级,
STR_COT_ESP_TAB_FILTERS,Filters,Filters,Filtry,Filter,Фильтры,Filtry,Szűrők,Filtri,Filtros,Filtres,篩選,フィルター,Filtros,筛选,
STR_COT_ESP_TAB_VISIBLE,Visible,Visible,Viditelné,Sichtbar,Видимые,Widoczne,Látható,Visibili,Visibles,Visibles,可見,表示中,Visíveis,可见,
STR_COT_ITEMSTATS_SECTION_EXPORT,ITEM STATS EXPORT,ITEM STATS EXPORT,EXPORT STATISTIK PŘEDMĚTŮ,ITEM-STATISTIK-EXPORT,ЭКСПОРТ СТАТИСТИКИ ПРЕДМЕТОВ,EKSPORT STATYSTYK PRZEDMIOTÓW,TÁRGYSTATISZTIKA EXPORT,ESPORTAZIONE STATISTICHE OGGETTI,EXPORTAR ESTADÍSTICAS DE OBJETOS,EXPORT DES STATISTIQUES D'OBJETS,物品數據匯出,アイテム統計エクスポート,EXPORTAR ESTATÍSTICAS DE ITENS,物品数据导出,
STR_COT_ITEMSTATS_TT_CATEGORY,Choose which item category to export,Choose which item category to export,Vyberte kategorii předmětů k exportu,Wählen Sie die zu exportierende Item-Kategorie,Выберите категорию предметов для экспорта,Wybierz kategorię przedmiotów do eksportu,Válassza ki az exportálandó tárgykategóriát,Scegli quale categoria di oggetti esportare,Elige qué categoría de objetos exportar,Choisissez la catégorie d'objets à exporter,選擇要匯出的物品類別,エクスポートするアイテムカテゴリーを選択,Escolha qual categoria de itens exportar,选择要导出的物品类别,
STR_COT_ITEMSTATS_TT_GENERATE,Write the selected category to ItemStatsExported.csv,Write the selected category to ItemStatsExported.csv,Zapsat vybranou kategorii do ItemStatsExported.csv,Die gewählte Kategorie in ItemStatsExported.csv schreiben,Записать выбранную категорию в ItemStatsExported.csv,Zapisz wybraną kategorię do ItemStatsExported.csv,A kiválasztott kategória írása az ItemStatsExported.csv fájlba,Scrivi la categoria selezionata in ItemStatsExported.csv,Escribir la categoría seleccionada en ItemStatsExported.csv,Écrire la catégorie sélectionnée dans ItemStatsExported.csv,將所選類別寫入 ItemStatsExported.csv,選択したカテゴリーを ItemStatsExported.csv に書き出す,Gravar a categoria selecionada em ItemStatsExported.csv,将所选类别写入 ItemStatsExported.csv,
STR_COT_LOOT_TAB_ITEM_SCAN,Item Scan,Item Scan,Sken předmětů,Item-Scan,Сканирование предметов,Skan przedmiotów,Tárgyszkennelés,Scansione oggetti,Escaneo de objetos,Analyse d'objets,物品掃描,アイテムスキャン,Varredura de itens,物品扫描,
STR_COT_LOOT_TAB_DISTRIBUTION,Distribution,Distribution,Rozložení,Verteilung,Распределение,Rozmieszczenie,Eloszlás,Distribuzione,Distribución,Répartition,分佈,分布,Distribuição,分布,
STR_COT_LOOT_TIER_WARNING,"Note: CE spawn locations are matched by usage (e.g. Military, Farm) — Tier filters are not supported.","Note: CE spawn locations are matched by usage (e.g. Military, Farm) — Tier filters are not supported.","Poznámka: Místa spawnu CE se porovnávají podle usage (např. Military, Farm) — filtry Tier nejsou podporovány.","Hinweis: CE-Spawnorte werden nach Usage abgeglichen (z. B. Military, Farm) — Tier-Filter werden nicht unterstützt.","Примечание: точки спавна CE сопоставляются по usage (например, Military, Farm) — фильтры Tier не поддерживаются.","Uwaga: lokalizacje spawnu CE są dopasowywane wg usage (np. Military, Farm) — filtry Tier nie są obsługiwane.","Megjegyzés: a CE spawnhelyek usage szerint illeszkednek (pl. Military, Farm) — a Tier szűrők nem támogatottak.","Nota: le posizioni di spawn CE sono abbinate per usage (es. Military, Farm) — i filtri Tier non sono supportati.","Nota: las ubicaciones de aparición de CE se emparejan por usage (p. ej. Military, Farm) — los filtros Tier no son compatibles.","Remarque : les zones de spawn CE sont associées par usage (p. ex. Military, Farm) — les filtres Tier ne sont pas pris en charge.",注意：CE 生成位置依 usage 比對（例如 Military、Farm）—不支援 Tier 篩選。,"注意: CE スポーン位置は usage で照合されます (例: Military, Farm)—Tier フィルターは非対応です。","Nota: os locais de spawn do CE são combinados por usage (ex.: Military, Farm) — filtros de Tier não são suportados.",注意：CE 生成位置按 usage 匹配（例如 Military、Farm）—不支持 Tier 筛选。,
STR_COT_PLAYER_MODULE_TT_EDIT_ROLES,Edit this player's roles in the Role Manager,Edit this player's roles in the Role Manager,Edit this player's roles in the Role Manager,Edit this player's roles in the Role Manager,Edit this player's roles in the Role Manager,Edit this player's roles in the Role Manager,Edit this player's roles in the Role Manager,Edit this player's roles in the Role Manager,Edit this player's roles in the Role Manager,Edit this player's roles in the Role Manager,Edit this player's roles in the Role Manager,Edit this player's roles in the Role Manager,Edit this player's roles in the Role Manager,Edit this player's roles in the Role Manager,
STR_COT_PLAYER_MODULE_INV_GROUP_DELETE_TITLE,Delete container contents,Delete container contents,Delete container contents,Delete container contents,Delete container contents,Delete container contents,Delete container contents,Delete container contents,Delete container contents,Delete container contents,Delete container contents,Delete container contents,Delete container contents,Delete container contents,
STR_COT_PLAYER_MODULE_INV_GROUP_DELETE_BODY,Delete all %1 items inside %2? This cannot be undone.,Delete all %1 items inside %2? This cannot be undone.,Delete all %1 items inside %2? This cannot be undone.,Delete all %1 items inside %2? This cannot be undone.,Delete all %1 items inside %2? This cannot be undone.,Delete all %1 items inside %2? This cannot be undone.,Delete all %1 items inside %2? This cannot be undone.,Delete all %1 items inside %2? This cannot be undone.,Delete all %1 items inside %2? This cannot be undone.,Delete all %1 items inside %2? This cannot be undone.,Delete all %1 items inside %2? This cannot be undone.,Delete all %1 items inside %2? This cannot be undone.,Delete all %1 items inside %2? This cannot be undone.,Delete all %1 items inside %2? This cannot be undone.,
STR_COT_PLAYER_MODULE_SECTION_EXPANSION,Expansion,Expansion,Expansion,Expansion,Expansion,Expansion,Expansion,Expansion,Expansion,Expansion,Expansion,Expansion,Expansion,Expansion,
STR_COT_PLAYER_MODULE_STAT_EXP_MONEY,ATM balance,ATM balance,ATM balance,ATM balance,ATM balance,ATM balance,ATM balance,ATM balance,ATM balance,ATM balance,ATM balance,ATM balance,ATM balance,ATM balance,
STR_COT_PLAYER_MODULE_STAT_EXP_FACTION,Faction,Faction,Faction,Faction,Faction,Faction,Faction,Faction,Faction,Faction,Faction,Faction,Faction,Faction,
STR_COT_PLAYER_MODULE_STAT_EXP_REPUTATION,Reputation,Reputation,Reputation,Reputation,Reputation,Reputation,Reputation,Reputation,Reputation,Reputation,Reputation,Reputation,Reputation,Reputation,
STR_COT_PLAYER_MODULE_STAT_EXP_GROUP,Group,Group,Group,Group,Group,Group,Group,Group,Group,Group,Group,Group,Group,Group,
STR_COT_PLAYER_MODULE_TT_INV_GROUP_TAKE,Take everything inside this container,Take everything inside this container,Take everything inside this container,Take everything inside this container,Take everything inside this container,Take everything inside this container,Take everything inside this container,Take everything inside this container,Take everything inside this container,Take everything inside this container,Take everything inside this container,Take everything inside this container,Take everything inside this container,Take everything inside this container,
STR_COT_PLAYER_MODULE_TT_INV_GROUP_REPAIR,Repair everything inside this container,Repair everything inside this container,Repair everything inside this container,Repair everything inside this container,Repair everything inside this container,Repair everything inside this container,Repair everything inside this container,Repair everything inside this container,Repair everything inside this container,Repair everything inside this container,Repair everything inside this container,Repair everything inside this container,Repair everything inside this container,Repair everything inside this container,
STR_COT_PLAYER_MODULE_TT_INV_GROUP_DELETE,Delete everything inside this container,Delete everything inside this container,Delete everything inside this container,Delete everything inside this container,Delete everything inside this container,Delete everything inside this container,Delete everything inside this container,Delete everything inside this container,Delete everything inside this container,Delete everything inside this container,Delete everything inside this container,Delete everything inside this container,Delete everything inside this container,Delete everything inside this container,
STR_COT_PLAYER_MODULE_TT_BLEED_CLEAR,Stop every bleed on the player,Stop every bleed on the player,Stop every bleed on the player,Stop every bleed on the player,Stop every bleed on the player,Stop every bleed on the player,Stop every bleed on the player,Stop every bleed on the player,Stop every bleed on the player,Stop every bleed on the player,Stop every bleed on the player,Stop every bleed on the player,Stop every bleed on the player,Stop every bleed on the player,
STR_COT_WEATHER_TAB_OVERVIEW,Overview,Overview,Overview,Overview,Overview,Overview,Overview,Overview,Overview,Overview,Overview,Overview,Overview,Overview,
STR_COT_WEATHER_TAB_SKY,Sky,Sky,Sky,Sky,Sky,Sky,Sky,Sky,Sky,Sky,Sky,Sky,Sky,Sky,
STR_COT_WEATHER_TAB_PRECIPITATION,Precipitation,Precipitation,Precipitation,Precipitation,Precipitation,Precipitation,Precipitation,Precipitation,Precipitation,Precipitation,Precipitation,Precipitation,Precipitation,Precipitation,
STR_COT_WEATHER_TAB_TIME,Time,Time,Time,Time,Time,Time,Time,Time,Time,Time,Time,Time,Time,Time,
STR_COT_WEATHER_TAB_PRESETS,Presets,Presets,Presets,Presets,Presets,Presets,Presets,Presets,Presets,Presets,Presets,Presets,Presets,Presets,
STR_COT_WEATHER_STATE,Current Conditions,Current Conditions,Current Conditions,Current Conditions,Current Conditions,Current Conditions,Current Conditions,Current Conditions,Current Conditions,Current Conditions,Current Conditions,Current Conditions,Current Conditions,Current Conditions,
STR_COT_WEATHER_SANDSTORM_ACTIVE,Sandstorm Active,Sandstorm Active,Sandstorm Active,Sandstorm Active,Sandstorm Active,Sandstorm Active,Sandstorm Active,Sandstorm Active,Sandstorm Active,Sandstorm Active,Sandstorm Active,Sandstorm Active,Sandstorm Active,Sandstorm Active,
STR_COT_WEATHER_EVR_ACTIVE,EVR Storm Active,EVR Storm Active,EVR Storm Active,EVR Storm Active,EVR Storm Active,EVR Storm Active,EVR Storm Active,EVR Storm Active,EVR Storm Active,EVR Storm Active,EVR Storm Active,EVR Storm Active,EVR Storm Active,EVR Storm Active,
STR_COT_WEATHER_NOW,Now,Now,Now,Now,Now,Now,Now,Now,Now,Now,Now,Now,Now,Now,
STR_COT_WEATHER_NEXT,Next,Next,Next,Next,Next,Next,Next,Next,Next,Next,Next,Next,Next,Next,
STR_COT_WEATHER_TIMING,Transition & Duration,Transition & Duration,Transition & Duration,Transition & Duration,Transition & Duration,Transition & Duration,Transition & Duration,Transition & Duration,Transition & Duration,Transition & Duration,Transition & Duration,Transition & Duration,Transition & Duration,Transition & Duration,
STR_COT_WEATHER_TIMING_TRANSITION_DESC,Seconds taken to fade to the new value,Seconds taken to fade to the new value,Seconds taken to fade to the new value,Seconds taken to fade to the new value,Seconds taken to fade to the new value,Seconds taken to fade to the new value,Seconds taken to fade to the new value,Seconds taken to fade to the new value,Seconds taken to fade to the new value,Seconds taken to fade to the new value,Seconds taken to fade to the new value,Seconds taken to fade to the new value,Seconds taken to fade to the new value,Seconds taken to fade to the new value,
STR_COT_WEATHER_WARN_TRANSITION,"Transition is 0 - every player sees the sky change in a single frame instead of fading, which reads as a glitch rather than as weather. Fine for testing; set a few seconds for a change that looks natural in play.","Transition is 0 - every player sees the sky change in a single frame instead of fading, which reads as a glitch rather than as weather. Fine for testing; set a few seconds for a change that looks natural in play.","Transition is 0 - every player sees the sky change in a single frame instead of fading, which reads as a glitch rather than as weather. Fine for testing; set a few seconds for a change that looks natural in play.","Transition is 0 - every player sees the sky change in a single frame instead of fading, which reads as a glitch rather than as weather. Fine for testing; set a few seconds for a change that looks natural in play.","Transition is 0 - every player sees the sky change in a single frame instead of fading, which reads as a glitch rather than as weather. Fine for testing; set a few seconds for a change that looks natural in play.","Transition is 0 - every player sees the sky change in a single frame instead of fading, which reads as a glitch rather than as weather. Fine for testing; set a few seconds for a change that looks natural in play.","Transition is 0 - every player sees the sky change in a single frame instead of fading, which reads as a glitch rather than as weather. Fine for testing; set a few seconds for a change that looks natural in play.","Transition is 0 - every player sees the sky change in a single frame instead of fading, which reads as a glitch rather than as weather. Fine for testing; set a few seconds for a change that looks natural in play.","Transition is 0 - every player sees the sky change in a single frame instead of fading, which reads as a glitch rather than as weather. Fine for testing; set a few seconds for a change that looks natural in play.","Transition is 0 - every player sees the sky change in a single frame instead of fading, which reads as a glitch rather than as weather. Fine for testing; set a few seconds for a change that looks natural in play.","Transition is 0 - every player sees the sky change in a single frame instead of fading, which reads as a glitch rather than as weather. Fine for testing; set a few seconds for a change that looks natural in play.","Transition is 0 - every player sees the sky change in a single frame instead of fading, which reads as a glitch rather than as weather. Fine for testing; set a few seconds for a change that looks natural in play.","Transition is 0 - every player sees the sky change in a single frame instead of fading, which reads as a glitch rather than as weather. Fine for testing; set a few seconds for a change that looks natural in play.","Transition is 0 - every player sees the sky change in a single frame instead of fading, which reads as a glitch rather than as weather. Fine for testing; set a few seconds for a change that looks natural in play.",
STR_COT_WEATHER_WARN_DURATION,Duration is 0 - this state is not held at all and the weather controller may change it again almost immediately.,Duration is 0 - this state is not held at all and the weather controller may change it again almost immediately.,Duration is 0 - this state is not held at all and the weather controller may change it again almost immediately.,Duration is 0 - this state is not held at all and the weather controller may change it again almost immediately.,Duration is 0 - this state is not held at all and the weather controller may change it again almost immediately.,Duration is 0 - this state is not held at all and the weather controller may change it again almost immediately.,Duration is 0 - this state is not held at all and the weather controller may change it again almost immediately.,Duration is 0 - this state is not held at all and the weather controller may change it again almost immediately.,Duration is 0 - this state is not held at all and the weather controller may change it again almost immediately.,Duration is 0 - this state is not held at all and the weather controller may change it again almost immediately.,Duration is 0 - this state is not held at all and the weather controller may change it again almost immediately.,Duration is 0 - this state is not held at all and the weather controller may change it again almost immediately.,Duration is 0 - this state is not held at all and the weather controller may change it again almost immediately.,Duration is 0 - this state is not held at all and the weather controller may change it again almost immediately.,
STR_COT_WEATHER_TIMING_DURATION_DESC,Seconds the new value is held before the server's own weather config may change it again,Seconds the new value is held before the server's own weather config may change it again,Seconds the new value is held before the server's own weather config may change it again,Seconds the new value is held before the server's own weather config may change it again,Seconds the new value is held before the server's own weather config may change it again,Seconds the new value is held before the server's own weather config may change it again,Seconds the new value is held before the server's own weather config may change it again,Seconds the new value is held before the server's own weather config may change it again,Seconds the new value is held before the server's own weather config may change it again,Seconds the new value is held before the server's own weather config may change it again,Seconds the new value is held before the server's own weather config may change it again,Seconds the new value is held before the server's own weather config may change it again,Seconds the new value is held before the server's own weather config may change it again,Seconds the new value is held before the server's own weather config may change it again,
STR_COT_WEATHER_FREEZETIME,Freeze Time,Freeze Time,Freeze Time,Freeze Time,Freeze Time,Freeze Time,Freeze Time,Freeze Time,Freeze Time,Freeze Time,Freeze Time,Freeze Time,Freeze Time,Freeze Time,
STR_COT_WEATHER_FREEZETIME_DESC,Hold the in-game clock at the current time of day. Weather keeps running.,Hold the in-game clock at the current time of day. Weather keeps running.,Hold the in-game clock at the current time of day. Weather keeps running.,Hold the in-game clock at the current time of day. Weather keeps running.,Hold the in-game clock at the current time of day. Weather keeps running.,Hold the in-game clock at the current time of day. Weather keeps running.,Hold the in-game clock at the current time of day. Weather keeps running.,Hold the in-game clock at the current time of day. Weather keeps running.,Hold the in-game clock at the current time of day. Weather keeps running.,Hold the in-game clock at the current time of day. Weather keeps running.,Hold the in-game clock at the current time of day. Weather keeps running.,Hold the in-game clock at the current time of day. Weather keeps running.,Hold the in-game clock at the current time of day. Weather keeps running.,Hold the in-game clock at the current time of day. Weather keeps running.,
STR_COT_WEATHER_AUTOREFRESH_DESC,Continuously pull live values from the server. Sections you have edited are left alone.,Continuously pull live values from the server. Sections you have edited are left alone.,Continuously pull live values from the server. Sections you have edited are left alone.,Continuously pull live values from the server. Sections you have edited are left alone.,Continuously pull live values from the server. Sections you have edited are left alone.,Continuously pull live values from the server. Sections you have edited are left alone.,Continuously pull live values from the server. Sections you have edited are left alone.,Continuously pull live values from the server. Sections you have edited are left alone.,Continuously pull live values from the server. Sections you have edited are left alone.,Continuously pull live values from the server. Sections you have edited are left alone.,Continuously pull live values from the server. Sections you have edited are left alone.,Continuously pull live values from the server. Sections you have edited are left alone.,Continuously pull live values from the server. Sections you have edited are left alone.,Continuously pull live values from the server. Sections you have edited are left alone.,
STR_COT_WEATHER_APPLY_ALL,Apply Changes,Apply Changes,Apply Changes,Apply Changes,Apply Changes,Apply Changes,Apply Changes,Apply Changes,Apply Changes,Apply Changes,Apply Changes,Apply Changes,Apply Changes,Apply Changes,
STR_COT_WEATHER_APPLY_ALL_DESC,Write every section you have edited. Untouched sections are left to the server.,Write every section you have edited. Untouched sections are left to the server.,Write every section you have edited. Untouched sections are left to the server.,Write every section you have edited. Untouched sections are left to the server.,Write every section you have edited. Untouched sections are left to the server.,Write every section you have edited. Untouched sections are left to the server.,Write every section you have edited. Untouched sections are left to the server.,Write every section you have edited. Untouched sections are left to the server.,Write every section you have edited. Untouched sections are left to the server.,Write every section you have edited. Untouched sections are left to the server.,Write every section you have edited. Untouched sections are left to the server.,Write every section you have edited. Untouched sections are left to the server.,Write every section you have edited. Untouched sections are left to the server.,Write every section you have edited. Untouched sections are left to the server.,
STR_COT_WEATHER_DENSITY,Density,Density,Density,Density,Density,Density,Density,Density,Density,Density,Density,Density,Density,Density,
STR_COT_WEATHER_DENSITY_DESC,How often thunderstorms occur once it is cloudy enough,How often thunderstorms occur once it is cloudy enough,How often thunderstorms occur once it is cloudy enough,How often thunderstorms occur once it is cloudy enough,How often thunderstorms occur once it is cloudy enough,How often thunderstorms occur once it is cloudy enough,How often thunderstorms occur once it is cloudy enough,How often thunderstorms occur once it is cloudy enough,How often thunderstorms occur once it is cloudy enough,How often thunderstorms occur once it is cloudy enough,How often thunderstorms occur once it is cloudy enough,How often thunderstorms occur once it is cloudy enough,How often thunderstorms occur once it is cloudy enough,How often thunderstorms occur once it is cloudy enough,
STR_COT_WEATHER_THRESHOLD,Threshold,Threshold,Threshold,Threshold,Threshold,Threshold,Threshold,Threshold,Threshold,Threshold,Threshold,Threshold,Threshold,Threshold,
STR_COT_WEATHER_STORM_THRESHOLD_DESC,Overcast level that must be exceeded before lightning can appear,Overcast level that must be exceeded before lightning can appear,Overcast level that must be exceeded before lightning can appear,Overcast level that must be exceeded before lightning can appear,Overcast level that must be exceeded before lightning can appear,Overcast level that must be exceeded before lightning can appear,Overcast level that must be exceeded before lightning can appear,Overcast level that must be exceeded before lightning can appear,Overcast level that must be exceeded before lightning can appear,Overcast level that must be exceeded before lightning can appear,Overcast level that must be exceeded before lightning can appear,Overcast level that must be exceeded before lightning can appear,Overcast level that must be exceeded before lightning can appear,Overcast level that must be exceeded before lightning can appear,
STR_COT_WEATHER_LIGHTNING,Lightning Interval,Lightning Interval,Lightning Interval,Lightning Interval,Lightning Interval,Lightning Interval,Lightning Interval,Lightning Interval,Lightning Interval,Lightning Interval,Lightning Interval,Lightning Interval,Lightning Interval,Lightning Interval,
STR_COT_WEATHER_LIGHTNING_DESC,Minimum time between lightning strikes during a thunderstorm,Minimum time between lightning strikes during a thunderstorm,Minimum time between lightning strikes during a thunderstorm,Minimum time between lightning strikes during a thunderstorm,Minimum time between lightning strikes during a thunderstorm,Minimum time between lightning strikes during a thunderstorm,Minimum time between lightning strikes during a thunderstorm,Minimum time between lightning strikes during a thunderstorm,Minimum time between lightning strikes during a thunderstorm,Minimum time between lightning strikes during a thunderstorm,Minimum time between lightning strikes during a thunderstorm,Minimum time between lightning strikes during a thunderstorm,Minimum time between lightning strikes during a thunderstorm,Minimum time between lightning strikes during a thunderstorm,
STR_COT_WEATHER_MODULE_SANDSTORM,Sandstorm,Sandstorm,Sandstorm,Sandstorm,Sandstorm,Sandstorm,Sandstorm,Sandstorm,Sandstorm,Sandstorm,Sandstorm,Sandstorm,Sandstorm,Sandstorm,
STR_COT_WEATHER_SANDSTORM_ENABLED,Enabled,Enabled,Enabled,Enabled,Enabled,Enabled,Enabled,Enabled,Enabled,Enabled,Enabled,Enabled,Enabled,Enabled,
STR_COT_WEATHER_SANDSTORM_ENABLED_DESC,Start or stop the sandstorm. Only takes effect on a map that supports it.,Start or stop the sandstorm. Only takes effect on a map that supports it.,Start or stop the sandstorm. Only takes effect on a map that supports it.,Start or stop the sandstorm. Only takes effect on a map that supports it.,Start or stop the sandstorm. Only takes effect on a map that supports it.,Start or stop the sandstorm. Only takes effect on a map that supports it.,Start or stop the sandstorm. Only takes effect on a map that supports it.,Start or stop the sandstorm. Only takes effect on a map that supports it.,Start or stop the sandstorm. Only takes effect on a map that supports it.,Start or stop the sandstorm. Only takes effect on a map that supports it.,Start or stop the sandstorm. Only takes effect on a map that supports it.,Start or stop the sandstorm. Only takes effect on a map that supports it.,Start or stop the sandstorm. Only takes effect on a map that supports it.,Start or stop the sandstorm. Only takes effect on a map that supports it.,
STR_COT_WEATHER_SANDSTORM_DURATION,Fade Duration,Fade Duration,Fade Duration,Fade Duration,Fade Duration,Fade Duration,Fade Duration,Fade Duration,Fade Duration,Fade Duration,Fade Duration,Fade Duration,Fade Duration,Fade Duration,
STR_COT_WEATHER_SANDSTORM_DURATION_DESC,Seconds the sandstorm takes to fade in on start or fade out on stop,Seconds the sandstorm takes to fade in on start or fade out on stop,Seconds the sandstorm takes to fade in on start or fade out on stop,Seconds the sandstorm takes to fade in on start or fade out on stop,Seconds the sandstorm takes to fade in on start or fade out on stop,Seconds the sandstorm takes to fade in on start or fade out on stop,Seconds the sandstorm takes to fade in on start or fade out on stop,Seconds the sandstorm takes to fade in on start or fade out on stop,Seconds the sandstorm takes to fade in on start or fade out on stop,Seconds the sandstorm takes to fade in on start or fade out on stop,Seconds the sandstorm takes to fade in on start or fade out on stop,Seconds the sandstorm takes to fade in on start or fade out on stop,Seconds the sandstorm takes to fade in on start or fade out on stop,Seconds the sandstorm takes to fade in on start or fade out on stop,
STR_COT_WEATHER_SANDSTORM_FADEIN,Fade In,Fade In,Fade In,Fade In,Fade In,Fade In,Fade In,Fade In,Fade In,Fade In,Fade In,Fade In,Fade In,Fade In,
STR_COT_WEATHER_SANDSTORM_FADEIN_DESC,Seconds the wind/overcast/rain shift takes on start,Seconds the wind/overcast/rain shift takes on start,Seconds the wind/overcast/rain shift takes on start,Seconds the wind/overcast/rain shift takes on start,Seconds the wind/overcast/rain shift takes on start,Seconds the wind/overcast/rain shift takes on start,Seconds the wind/overcast/rain shift takes on start,Seconds the wind/overcast/rain shift takes on start,Seconds the wind/overcast/rain shift takes on start,Seconds the wind/overcast/rain shift takes on start,Seconds the wind/overcast/rain shift takes on start,Seconds the wind/overcast/rain shift takes on start,Seconds the wind/overcast/rain shift takes on start,Seconds the wind/overcast/rain shift takes on start,
STR_COT_WEATHER_SANDSTORM_OVERCAST,Overcast,Overcast,Overcast,Overcast,Overcast,Overcast,Overcast,Overcast,Overcast,Overcast,Overcast,Overcast,Overcast,Overcast,
STR_COT_WEATHER_SANDSTORM_OVERCAST_DESC,Overcast forced while the sandstorm is active - clamped to a minimum of 80%,Overcast forced while the sandstorm is active - clamped to a minimum of 80%,Overcast forced while the sandstorm is active - clamped to a minimum of 80%,Overcast forced while the sandstorm is active - clamped to a minimum of 80%,Overcast forced while the sandstorm is active - clamped to a minimum of 80%,Overcast forced while the sandstorm is active - clamped to a minimum of 80%,Overcast forced while the sandstorm is active - clamped to a minimum of 80%,Overcast forced while the sandstorm is active - clamped to a minimum of 80%,Overcast forced while the sandstorm is active - clamped to a minimum of 80%,Overcast forced while the sandstorm is active - clamped to a minimum of 80%,Overcast forced while the sandstorm is active - clamped to a minimum of 80%,Overcast forced while the sandstorm is active - clamped to a minimum of 80%,Overcast forced while the sandstorm is active - clamped to a minimum of 80%,Overcast forced while the sandstorm is active - clamped to a minimum of 80%,
STR_COT_WEATHER_SANDSTORM_WINDMAGNITUDE,Wind Magnitude,Wind Magnitude,Wind Magnitude,Wind Magnitude,Wind Magnitude,Wind Magnitude,Wind Magnitude,Wind Magnitude,Wind Magnitude,Wind Magnitude,Wind Magnitude,Wind Magnitude,Wind Magnitude,Wind Magnitude,
STR_COT_WEATHER_SANDSTORM_WINDMAGNITUDE_DESC,Wind speed forced while the sandstorm is active - clamped to a minimum of 18 m/s,Wind speed forced while the sandstorm is active - clamped to a minimum of 18 m/s,Wind speed forced while the sandstorm is active - clamped to a minimum of 18 m/s,Wind speed forced while the sandstorm is active - clamped to a minimum of 18 m/s,Wind speed forced while the sandstorm is active - clamped to a minimum of 18 m/s,Wind speed forced while the sandstorm is active - clamped to a minimum of 18 m/s,Wind speed forced while the sandstorm is active - clamped to a minimum of 18 m/s,Wind speed forced while the sandstorm is active - clamped to a minimum of 18 m/s,Wind speed forced while the sandstorm is active - clamped to a minimum of 18 m/s,Wind speed forced while the sandstorm is active - clamped to a minimum of 18 m/s,Wind speed forced while the sandstorm is active - clamped to a minimum of 18 m/s,Wind speed forced while the sandstorm is active - clamped to a minimum of 18 m/s,Wind speed forced while the sandstorm is active - clamped to a minimum of 18 m/s,Wind speed forced while the sandstorm is active - clamped to a minimum of 18 m/s,
STR_COT_WEATHER_THRESHOLDS,Overcast Range,Overcast Range,Overcast Range,Overcast Range,Overcast Range,Overcast Range,Overcast Range,Overcast Range,Overcast Range,Overcast Range,Overcast Range,Overcast Range,Overcast Range,Overcast Range,
STR_COT_WEATHER_THRESHOLDS_DESC,Overcast levels between which this precipitation is possible,Overcast levels between which this precipitation is possible,Overcast levels between which this precipitation is possible,Overcast levels between which this precipitation is possible,Overcast levels between which this precipitation is possible,Overcast levels between which this precipitation is possible,Overcast levels between which this precipitation is possible,Overcast levels between which this precipitation is possible,Overcast levels between which this precipitation is possible,Overcast levels between which this precipitation is possible,Overcast levels between which this precipitation is possible,Overcast levels between which this precipitation is possible,Overcast levels between which this precipitation is possible,Overcast levels between which this precipitation is possible,
STR_COT_WEATHER_MAGNITUDE,Speed,Speed,Speed,Speed,Speed,Speed,Speed,Speed,Speed,Speed,Speed,Speed,Speed,Speed,
STR_COT_WEATHER_MAGNITUDE_DESC,Absolute wind speed in metres per second,Absolute wind speed in metres per second,Absolute wind speed in metres per second,Absolute wind speed in metres per second,Absolute wind speed in metres per second,Absolute wind speed in metres per second,Absolute wind speed in metres per second,Absolute wind speed in metres per second,Absolute wind speed in metres per second,Absolute wind speed in metres per second,Absolute wind speed in metres per second,Absolute wind speed in metres per second,Absolute wind speed in metres per second,Absolute wind speed in metres per second,
STR_COT_WEATHER_DIRECTION_DESC,Compass direction the wind blows towards,Compass direction the wind blows towards,Compass direction the wind blows towards,Compass direction the wind blows towards,Compass direction the wind blows towards,Compass direction the wind blows towards,Compass direction the wind blows towards,Compass direction the wind blows towards,Compass direction the wind blows towards,Compass direction the wind blows towards,Compass direction the wind blows towards,Compass direction the wind blows towards,Compass direction the wind blows towards,Compass direction the wind blows towards,
STR_COT_WEATHER_FUNCTION,Wind Variation,Wind Variation,Wind Variation,Wind Variation,Wind Variation,Wind Variation,Wind Variation,Wind Variation,Wind Variation,Wind Variation,Wind Variation,Wind Variation,Wind Variation,Wind Variation,
STR_COT_WEATHER_FUNCTION_DESC,How far and how often wind speed drifts between gusts,How far and how often wind speed drifts between gusts,How far and how often wind speed drifts between gusts,How far and how often wind speed drifts between gusts,How far and how often wind speed drifts between gusts,How far and how often wind speed drifts between gusts,How far and how often wind speed drifts between gusts,How far and how often wind speed drifts between gusts,How far and how often wind speed drifts between gusts,How far and how often wind speed drifts between gusts,How far and how often wind speed drifts between gusts,How far and how often wind speed drifts between gusts,How far and how often wind speed drifts between gusts,How far and how often wind speed drifts between gusts,
STR_COT_WEATHER_DYNFOG_DESC,Volumetric ground fog. Separate from the fog phenomenon above.,Volumetric ground fog. Separate from the fog phenomenon above.,Volumetric ground fog. Separate from the fog phenomenon above.,Volumetric ground fog. Separate from the fog phenomenon above.,Volumetric ground fog. Separate from the fog phenomenon above.,Volumetric ground fog. Separate from the fog phenomenon above.,Volumetric ground fog. Separate from the fog phenomenon above.,Volumetric ground fog. Separate from the fog phenomenon above.,Volumetric ground fog. Separate from the fog phenomenon above.,Volumetric ground fog. Separate from the fog phenomenon above.,Volumetric ground fog. Separate from the fog phenomenon above.,Volumetric ground fog. Separate from the fog phenomenon above.,Volumetric ground fog. Separate from the fog phenomenon above.,Volumetric ground fog. Separate from the fog phenomenon above.,
STR_COT_WEATHER_STARTUP_PRESET,Apply On Startup,Apply On Startup,Apply On Startup,Apply On Startup,Apply On Startup,Apply On Startup,Apply On Startup,Apply On Startup,Apply On Startup,Apply On Startup,Apply On Startup,Apply On Startup,Apply On Startup,Apply On Startup,
STR_COT_WEATHER_STARTUP_PRESET_DESC,Preset applied automatically every time the server starts,Preset applied automatically every time the server starts,Preset applied automatically every time the server starts,Preset applied automatically every time the server starts,Preset applied automatically every time the server starts,Preset applied automatically every time the server starts,Preset applied automatically every time the server starts,Preset applied automatically every time the server starts,Preset applied automatically every time the server starts,Preset applied automatically every time the server starts,Preset applied automatically every time the server starts,Preset applied automatically every time the server starts,Preset applied automatically every time the server starts,Preset applied automatically every time the server starts,
STR_COT_WEATHER_PRESET_LIST,Saved Presets,Saved Presets,Saved Presets,Saved Presets,Saved Presets,Saved Presets,Saved Presets,Saved Presets,Saved Presets,Saved Presets,Saved Presets,Saved Presets,Saved Presets,Saved Presets,
STR_COT_WEATHER_PRESET_COUNT,Total,Total,Total,Total,Total,Total,Total,Total,Total,Total,Total,Total,Total,Total,
STR_COT_WEATHER_PRESET_REMOVE_CONFIRM,Remove this preset?,Remove this preset?,Remove this preset?,Remove this preset?,Remove this preset?,Remove this preset?,Remove this preset?,Remove this preset?,Remove this preset?,Remove this preset?,Remove this preset?,Remove this preset?,Remove this preset?,Remove this preset?,
STR_COT_FORMAT_MPS,%1 m/s,%1 m/s,%1 m/s,%1 m/s,%1 m/s,%1 m/s,%1 m/s,%1 m/s,%1 m/s,%1 m/s,%1 m/s,%1 m/s,%1 m/s,%1 m/s,
STR_COT_WEATHER_NEXT_CHANGE,Next Change,Next Change,Next Change,Next Change,Next Change,Next Change,Next Change,Next Change,Next Change,Next Change,Next Change,Next Change,Next Change,Next Change,
STR_COT_WEATHER_NEXT_CHANGE_DESC,Time until the server recomputes its weather forecast,Time until the server recomputes its weather forecast,Time until the server recomputes its weather forecast,Time until the server recomputes its weather forecast,Time until the server recomputes its weather forecast,Time until the server recomputes its weather forecast,Time until the server recomputes its weather forecast,Time until the server recomputes its weather forecast,Time until the server recomputes its weather forecast,Time until the server recomputes its weather forecast,Time until the server recomputes its weather forecast,Time until the server recomputes its weather forecast,Time until the server recomputes its weather forecast,Time until the server recomputes its weather forecast,
STR_COT_WEATHER_IN,in %1,in %1,in %1,in %1,in %1,in %1,in %1,in %1,in %1,in %1,in %1,in %1,in %1,in %1,
STR_COT_WEATHER_STATE_HOLD,Current conditions hold until then,Current conditions hold until then,Current conditions hold until then,Current conditions hold until then,Current conditions hold until then,Current conditions hold until then,Current conditions hold until then,Current conditions hold until then,Current conditions hold until then,Current conditions hold until then,Current conditions hold until then,Current conditions hold until then,Current conditions hold until then,Current conditions hold until then,
STR_COT_WEATHER_STATE_NOCHANGE,No forecast change queued,No forecast change queued,No forecast change queued,No forecast change queued,No forecast change queued,No forecast change queued,No forecast change queued,No forecast change queued,No forecast change queued,No forecast change queued,No forecast change queued,No forecast change queued,No forecast change queued,No forecast change queued,
STR_COT_WEATHER_PRESET_NEW,< Create New >,< Create New >,< Create New >,< Create New >,< Create New >,< Create New >,< Create New >,< Create New >,< Create New >,< Create New >,< Create New >,< Create New >,< Create New >,< Create New >,
STR_COT_WEATHER_PRESET_SELECT_DESC,Pick a saved preset to apply rename or delete. Create New saves the values on the other tabs as a new preset.,Pick a saved preset to apply rename or delete. Create New saves the values on the other tabs as a new preset.,Pick a saved preset to apply rename or delete. Create New saves the values on the other tabs as a new preset.,Pick a saved preset to apply rename or delete. Create New saves the values on the other tabs as a new preset.,Pick a saved preset to apply rename or delete. Create New saves the values on the other tabs as a new preset.,Pick a saved preset to apply rename or delete. Create New saves the values on the other tabs as a new preset.,Pick a saved preset to apply rename or delete. Create New saves the values on the other tabs as a new preset.,Pick a saved preset to apply rename or delete. Create New saves the values on the other tabs as a new preset.,Pick a saved preset to apply rename or delete. Create New saves the values on the other tabs as a new preset.,Pick a saved preset to apply rename or delete. Create New saves the values on the other tabs as a new preset.,Pick a saved preset to apply rename or delete. Create New saves the values on the other tabs as a new preset.,Pick a saved preset to apply rename or delete. Create New saves the values on the other tabs as a new preset.,Pick a saved preset to apply rename or delete. Create New saves the values on the other tabs as a new preset.,Pick a saved preset to apply rename or delete. Create New saves the values on the other tabs as a new preset.,
STR_COT_WEATHER_PRESET_PREVIEW,Preset Preview,Preset Preview,Preset Preview,Preset Preview,Preset Preview,Preset Preview,Preset Preview,Preset Preview,Preset Preview,Preset Preview,Preset Preview,Preset Preview,Preset Preview,Preset Preview,
STR_COT_GENERIC_UNCHANGED,Unchanged,Unchanged,Unchanged,Unchanged,Unchanged,Unchanged,Unchanged,Unchanged,Unchanged,Unchanged,Unchanged,Unchanged,Unchanged,Unchanged,
STR_COT_WEATHER_DYNAMIC,Dynamic Weather,Dynamic Weather,Dynamic Weather,Dynamic Weather,Dynamic Weather,Dynamic Weather,Dynamic Weather,Dynamic Weather,Dynamic Weather,Dynamic Weather,Dynamic Weather,Dynamic Weather,Dynamic Weather,Dynamic Weather,
STR_COT_WEATHER_DYNAMIC_ENABLE,Enable,Enable,Enable,Enable,Enable,Enable,Enable,Enable,Enable,Enable,Enable,Enable,Enable,Enable,
STR_COT_WEATHER_DYNAMIC_ENABLE_DESC,Start from a random preset and roll from one to the next on its own timing,Start from a random preset and roll from one to the next on its own timing,Start from a random preset and roll from one to the next on its own timing,Start from a random preset and roll from one to the next on its own timing,Start from a random preset and roll from one to the next on its own timing,Start from a random preset and roll from one to the next on its own timing,Start from a random preset and roll from one to the next on its own timing,Start from a random preset and roll from one to the next on its own timing,Start from a random preset and roll from one to the next on its own timing,Start from a random preset and roll from one to the next on its own timing,Start from a random preset and roll from one to the next on its own timing,Start from a random preset and roll from one to the next on its own timing,Start from a random preset and roll from one to the next on its own timing,Start from a random preset and roll from one to the next on its own timing,
STR_COT_WEATHER_DYNAMIC_CHANCES,Chances,Chances,Chances,Chances,Chances,Chances,Chances,Chances,Chances,Chances,Chances,Chances,Chances,Chances,
STR_COT_WEATHER_DYNAMIC_CHANCES_DESC,Odds of each state being picked next from this preset. They always add up to 100.,Odds of each state being picked next from this preset. They always add up to 100.,Odds of each state being picked next from this preset. They always add up to 100.,Odds of each state being picked next from this preset. They always add up to 100.,Odds of each state being picked next from this preset. They always add up to 100.,Odds of each state being picked next from this preset. They always add up to 100.,Odds of each state being picked next from this preset. They always add up to 100.,Odds of each state being picked next from this preset. They always add up to 100.,Odds of each state being picked next from this preset. They always add up to 100.,Odds of each state being picked next from this preset. They always add up to 100.,Odds of each state being picked next from this preset. They always add up to 100.,Odds of each state being picked next from this preset. They always add up to 100.,Odds of each state being picked next from this preset. They always add up to 100.,Odds of each state being picked next from this preset. They always add up to 100.,
STR_COT_WEATHER_DYNAMIC_CHANCES_NONE,Select a preset to edit its transition chances,Select a preset to edit its transition chances,Select a preset to edit its transition chances,Select a preset to edit its transition chances,Select a preset to edit its transition chances,Select a preset to edit its transition chances,Select a preset to edit its transition chances,Select a preset to edit its transition chances,Select a preset to edit its transition chances,Select a preset to edit its transition chances,Select a preset to edit its transition chances,Select a preset to edit its transition chances,Select a preset to edit its transition chances,Select a preset to edit its transition chances,
STR_COT_WEATHER_DYNAMIC_SAVE,Save Dynamic Weather,Save Dynamic Weather,Save Dynamic Weather,Save Dynamic Weather,Save Dynamic Weather,Save Dynamic Weather,Save Dynamic Weather,Save Dynamic Weather,Save Dynamic Weather,Save Dynamic Weather,Save Dynamic Weather,Save Dynamic Weather,Save Dynamic Weather,Save Dynamic Weather,
STR_COT_WEATHER_DYNAMIC_SAVE_DESC,Writes the rotation flag the timing ranges and the chances for this preset,Writes the rotation flag the timing ranges and the chances for this preset,Writes the rotation flag the timing ranges and the chances for this preset,Writes the rotation flag the timing ranges and the chances for this preset,Writes the rotation flag the timing ranges and the chances for this preset,Writes the rotation flag the timing ranges and the chances for this preset,Writes the rotation flag the timing ranges and the chances for this preset,Writes the rotation flag the timing ranges and the chances for this preset,Writes the rotation flag the timing ranges and the chances for this preset,Writes the rotation flag the timing ranges and the chances for this preset,Writes the rotation flag the timing ranges and the chances for this preset,Writes the rotation flag the timing ranges and the chances for this preset,Writes the rotation flag the timing ranges and the chances for this preset,Writes the rotation flag the timing ranges and the chances for this preset,
STR_COT_WEATHER_DYNAMIC_TOTAL_NONE,No next state set - this preset would hold forever,No next state set - this preset would hold forever,No next state set - this preset would hold forever,No next state set - this preset would hold forever,No next state set - this preset would hold forever,No next state set - this preset would hold forever,No next state set - this preset would hold forever,No next state set - this preset would hold forever,No next state set - this preset would hold forever,No next state set - this preset would hold forever,No next state set - this preset would hold forever,No next state set - this preset would hold forever,No next state set - this preset would hold forever,No next state set - this preset would hold forever,
STR_COT_FORMAT_MINUTE,%1 min,%1 min,%1 min,%1 min,%1 min,%1 min,%1 min,%1 min,%1 min,%1 min,%1 min,%1 min,%1 min,%1 min,
STR_COT_WEATHER_DYNAMIC_DURATION,Holds For,Holds For,Holds For,Holds For,Holds For,Holds For,Holds For,Holds For,Holds For,Holds For,Holds For,Holds For,Holds For,Holds For,
STR_COT_WEATHER_DYNAMIC_DURATION_DESC,How long THIS preset holds once the chain enters it. Every entry draws a random hold from the range.,How long THIS preset holds once the chain enters it. Every entry draws a random hold from the range.,How long THIS preset holds once the chain enters it. Every entry draws a random hold from the range.,How long THIS preset holds once the chain enters it. Every entry draws a random hold from the range.,How long THIS preset holds once the chain enters it. Every entry draws a random hold from the range.,How long THIS preset holds once the chain enters it. Every entry draws a random hold from the range.,How long THIS preset holds once the chain enters it. Every entry draws a random hold from the range.,How long THIS preset holds once the chain enters it. Every entry draws a random hold from the range.,How long THIS preset holds once the chain enters it. Every entry draws a random hold from the range.,How long THIS preset holds once the chain enters it. Every entry draws a random hold from the range.,How long THIS preset holds once the chain enters it. Every entry draws a random hold from the range.,How long THIS preset holds once the chain enters it. Every entry draws a random hold from the range.,How long THIS preset holds once the chain enters it. Every entry draws a random hold from the range.,How long THIS preset holds once the chain enters it. Every entry draws a random hold from the range.,
STR_COT_WEATHER_DYNAMIC_TRANSITION,Fades Over,Fades Over,Fades Over,Fades Over,Fades Over,Fades Over,Fades Over,Fades Over,Fades Over,Fades Over,Fades Over,Fades Over,Fades Over,Fades Over,
STR_COT_WEATHER_DYNAMIC_TRANSITION_DESC,How long the weather takes to fade into THIS preset. Drawn per entry like the hold.,How long the weather takes to fade into THIS preset. Drawn per entry like the hold.,How long the weather takes to fade into THIS preset. Drawn per entry like the hold.,How long the weather takes to fade into THIS preset. Drawn per entry like the hold.,How long the weather takes to fade into THIS preset. Drawn per entry like the hold.,How long the weather takes to fade into THIS preset. Drawn per entry like the hold.,How long the weather takes to fade into THIS preset. Drawn per entry like the hold.,How long the weather takes to fade into THIS preset. Drawn per entry like the hold.,How long the weather takes to fade into THIS preset. Drawn per entry like the hold.,How long the weather takes to fade into THIS preset. Drawn per entry like the hold.,How long the weather takes to fade into THIS preset. Drawn per entry like the hold.,How long the weather takes to fade into THIS preset. Drawn per entry like the hold.,How long the weather takes to fade into THIS preset. Drawn per entry like the hold.,How long the weather takes to fade into THIS preset. Drawn per entry like the hold.,
STR_COT_WEATHER_DYNAMIC_ADD,Add,Add,Add,Add,Add,Add,Add,Add,Add,Add,Add,Add,Add,Add,
STR_COT_WEATHER_DYNAMIC_ADD_HINT,Add a next state...,Add a next state...,Add a next state...,Add a next state...,Add a next state...,Add a next state...,Add a next state...,Add a next state...,Add a next state...,Add a next state...,Add a next state...,Add a next state...,Add a next state...,Add a next state...,
STR_COT_WEATHER_DYNAMIC_COUNT,%1 possible next states - chances always total 100%,%1 possible next states - chances always total 100%,%1 possible next states - chances always total 100%,%1 possible next states - chances always total 100%,%1 possible next states - chances always total 100%,%1 possible next states - chances always total 100%,%1 possible next states - chances always total 100%,%1 possible next states - chances always total 100%,%1 possible next states - chances always total 100%,%1 possible next states - chances always total 100%,%1 possible next states - chances always total 100%,%1 possible next states - chances always total 100%,%1 possible next states - chances always total 100%,%1 possible next states - chances always total 100%,
STR_COT_WEATHER_DYNAMIC_NEXT_CARD,Next States,Next States,Next States,Next States,Next States,Next States,Next States,Next States,Next States,Next States,Next States,Next States,Next States,Next States,
STR_COT_WEATHER_DYNAMIC_SCOPE,Settings For,Settings For,Settings For,Settings For,Settings For,Settings For,Settings For,Settings For,Settings For,Settings For,Settings For,Settings For,Settings For,Settings For,
STR_COT_WEATHER_DYNAMIC_ROTATION,In Rotation,In Rotation,In Rotation,In Rotation,In Rotation,In Rotation,In Rotation,In Rotation,In Rotation,In Rotation,In Rotation,In Rotation,In Rotation,In Rotation,
STR_COT_WEATHER_DYNAMIC_ROTATION_DESC,Allow the random pick at server start to land on this preset. Other presets can still transition into it either way.,Allow the random pick at server start to land on this preset. Other presets can still transition into it either way.,Allow the random pick at server start to land on this preset. Other presets can still transition into it either way.,Allow the random pick at server start to land on this preset. Other presets can still transition into it either way.,Allow the random pick at server start to land on this preset. Other presets can still transition into it either way.,Allow the random pick at server start to land on this preset. Other presets can still transition into it either way.,Allow the random pick at server start to land on this preset. Other presets can still transition into it either way.,Allow the random pick at server start to land on this preset. Other presets can still transition into it either way.,Allow the random pick at server start to land on this preset. Other presets can still transition into it either way.,Allow the random pick at server start to land on this preset. Other presets can still transition into it either way.,Allow the random pick at server start to land on this preset. Other presets can still transition into it either way.,Allow the random pick at server start to land on this preset. Other presets can still transition into it either way.,Allow the random pick at server start to land on this preset. Other presets can still transition into it either way.,Allow the random pick at server start to land on this preset. Other presets can still transition into it either way.,
STR_COT_WEATHER_MODE_LIVE,LIVE WORLD - changes apply to the whole server,LIVE WORLD - changes apply to the whole server,LIVE WORLD - changes apply to the whole server,LIVE WORLD - changes apply to the whole server,LIVE WORLD - changes apply to the whole server,LIVE WORLD - changes apply to the whole server,LIVE WORLD - changes apply to the whole server,LIVE WORLD - changes apply to the whole server,LIVE WORLD - changes apply to the whole server,LIVE WORLD - changes apply to the whole server,LIVE WORLD - changes apply to the whole server,LIVE WORLD - changes apply to the whole server,LIVE WORLD - changes apply to the whole server,LIVE WORLD - changes apply to the whole server,
STR_COT_WEATHER_MODE_PRESET,EDITING PRESET: %1 - Apply previews on your client only,EDITING PRESET: %1 - Apply previews on your client only,EDITING PRESET: %1 - Apply previews on your client only,EDITING PRESET: %1 - Apply previews on your client only,EDITING PRESET: %1 - Apply previews on your client only,EDITING PRESET: %1 - Apply previews on your client only,EDITING PRESET: %1 - Apply previews on your client only,EDITING PRESET: %1 - Apply previews on your client only,EDITING PRESET: %1 - Apply previews on your client only,EDITING PRESET: %1 - Apply previews on your client only,EDITING PRESET: %1 - Apply previews on your client only,EDITING PRESET: %1 - Apply previews on your client only,EDITING PRESET: %1 - Apply previews on your client only,EDITING PRESET: %1 - Apply previews on your client only,
STR_COT_WEATHER_MODE_NEW,NEW PRESET - Apply previews on your client only,NEW PRESET - Apply previews on your client only,NEW PRESET - Apply previews on your client only,NEW PRESET - Apply previews on your client only,NEW PRESET - Apply previews on your client only,NEW PRESET - Apply previews on your client only,NEW PRESET - Apply previews on your client only,NEW PRESET - Apply previews on your client only,NEW PRESET - Apply previews on your client only,NEW PRESET - Apply previews on your client only,NEW PRESET - Apply previews on your client only,NEW PRESET - Apply previews on your client only,NEW PRESET - Apply previews on your client only,NEW PRESET - Apply previews on your client only,
STR_COT_WEATHER_PRESET_LIVE,< Live World >,< Live World >,< Live World >,< Live World >,< Live World >,< Live World >,< Live World >,< Live World >,< Live World >,< Live World >,< Live World >,< Live World >,< Live World >,< Live World >,
STR_COT_OBJECT_MODULE_PREVIEW,Preview,Preview,Preview,Preview,Preview,Preview,Preview,Preview,Preview,Preview,Preview,Preview,Preview,Preview,
STR_COT_OBJECT_MODULE_PROPERTIES,Properties,Properties,Properties,Properties,Properties,Properties,Properties,Properties,Properties,Properties,Properties,Properties,Properties,Properties,
STR_COT_OBJECT_MODULE_SPAWN,Spawn,Spawn,Spawn,Spawn,Spawn,Spawn,Spawn,Spawn,Spawn,Spawn,Spawn,Spawn,Spawn,Spawn,
STR_COT_OBJECT_MODULE_NO_PROPERTIES,Nothing to set for this class,Nothing to set for this class,Nothing to set for this class,Nothing to set for this class,Nothing to set for this class,Nothing to set for this class,Nothing to set for this class,Nothing to set for this class,Nothing to set for this class,Nothing to set for this class,Nothing to set for this class,Nothing to set for this class,Nothing to set for this class,Nothing to set for this class,
STR_COT_OBJECT_MODULE_CATEGORY_DESC,Filter the list to one category,Filter the list to one category,Filter the list to one category,Filter the list to one category,Filter the list to one category,Filter the list to one category,Filter the list to one category,Filter the list to one category,Filter the list to one category,Filter the list to one category,Filter the list to one category,Filter the list to one category,Filter the list to one category,Filter the list to one category,
STR_COT_OBJECT_MODULE_SPAWN_DISPLAYNAME_DESC,Match the search against in-game display names instead of class names,Match the search against in-game display names instead of class names,Match the search against in-game display names instead of class names,Match the search against in-game display names instead of class names,Match the search against in-game display names instead of class names,Match the search against in-game display names instead of class names,Match the search against in-game display names instead of class names,Match the search against in-game display names instead of class names,Match the search against in-game display names instead of class names,Match the search against in-game display names instead of class names,Match the search against in-game display names instead of class names,Match the search against in-game display names instead of class names,Match the search against in-game display names instead of class names,Match the search against in-game display names instead of class names,
STR_COT_OBJECT_MODULE_SHOWUNSAFE_DESC,Show classes the spawner normally hides - proxies and sources among them,Show classes the spawner normally hides - proxies and sources among them,Show classes the spawner normally hides - proxies and sources among them,Show classes the spawner normally hides - proxies and sources among them,Show classes the spawner normally hides - proxies and sources among them,Show classes the spawner normally hides - proxies and sources among them,Show classes the spawner normally hides - proxies and sources among them,Show classes the spawner normally hides - proxies and sources among them,Show classes the spawner normally hides - proxies and sources among them,Show classes the spawner normally hides - proxies and sources among them,Show classes the spawner normally hides - proxies and sources among them,Show classes the spawner normally hides - proxies and sources among them,Show classes the spawner normally hides - proxies and sources among them,Show classes the spawner normally hides - proxies and sources among them,
STR_COT_OBJECT_MODULE_MODE_DESC,Where the spawn goes - or which list format is copied to the clipboard,Where the spawn goes - or which list format is copied to the clipboard,Where the spawn goes - or which list format is copied to the clipboard,Where the spawn goes - or which list format is copied to the clipboard,Where the spawn goes - or which list format is copied to the clipboard,Where the spawn goes - or which list format is copied to the clipboard,Where the spawn goes - or which list format is copied to the clipboard,Where the spawn goes - or which list format is copied to the clipboard,Where the spawn goes - or which list format is copied to the clipboard,Where the spawn goes - or which list format is copied to the clipboard,Where the spawn goes - or which list format is copied to the clipboard,Where the spawn goes - or which list format is copied to the clipboard,Where the spawn goes - or which list format is copied to the clipboard,Where the spawn goes - or which list format is copied to the clipboard,
STR_COT_OBJECT_MODULE_SETUP_DESC,Which attachments the spawn is set up with,Which attachments the spawn is set up with,Which attachments the spawn is set up with,Which attachments the spawn is set up with,Which attachments the spawn is set up with,Which attachments the spawn is set up with,Which attachments the spawn is set up with,Which attachments the spawn is set up with,Which attachments the spawn is set up with,Which attachments the spawn is set up with,Which attachments the spawn is set up with,Which attachments the spawn is set up with,Which attachments the spawn is set up with,Which attachments the spawn is set up with,
STR_COT_OBJECT_MODULE_SPAWN_DESC,Spawn the selected class using the chosen mode,Spawn the selected class using the chosen mode,Spawn the selected class using the chosen mode,Spawn the selected class using the chosen mode,Spawn the selected class using the chosen mode,Spawn the selected class using the chosen mode,Spawn the selected class using the chosen mode,Spawn the selected class using the chosen mode,Spawn the selected class using the chosen mode,Spawn the selected class using the chosen mode,Spawn the selected class using the chosen mode,Spawn the selected class using the chosen mode,Spawn the selected class using the chosen mode,Spawn the selected class using the chosen mode,
STR_COT_OBJECT_MODULE_DELETE_DESC,Delete the object under the cursor,Delete the object under the cursor,Delete the object under the cursor,Delete the object under the cursor,Delete the object under the cursor,Delete the object under the cursor,Delete the object under the cursor,Delete the object under the cursor,Delete the object under the cursor,Delete the object under the cursor,Delete the object under the cursor,Delete the object under the cursor,Delete the object under the cursor,Delete the object under the cursor,
STR_COT_OBJECT_CATEGORY_GROUP_GEAR,Clothing & Gear,Clothing & Gear,Clothing & Gear,Clothing & Gear,Clothing & Gear,Clothing & Gear,Clothing & Gear,Clothing & Gear,Clothing & Gear,Clothing & Gear,Clothing & Gear,Clothing & Gear,Clothing & Gear,Clothing & Gear,
STR_COT_OBJECT_CATEGORY_GROUP_WEAPONS,Weapons,Weapons,Weapons,Weapons,Weapons,Weapons,Weapons,Weapons,Weapons,Weapons,Weapons,Weapons,Weapons,Weapons,
STR_COT_OBJECT_CATEGORY_GROUP_SURVIVAL,Survival,Survival,Survival,Survival,Survival,Survival,Survival,Survival,Survival,Survival,Survival,Survival,Survival,Survival,
STR_COT_OBJECT_CATEGORY_GROUP_WORLD,World,World,World,World,World,World,World,World,World,World,World,World,World,World,
STR_COT_OBJECT_CATEGORY_ALL,All,All,All,All,All,All,All,All,All,All,All,All,All,All,
STR_COT_OBJECT_CATEGORY_FOOD,Food,Food,Food,Food,Food,Food,Food,Food,Food,Food,Food,Food,Food,Food,
STR_COT_OBJECT_CATEGORY_DRINKS,Drinks,Drinks,Drinks,Drinks,Drinks,Drinks,Drinks,Drinks,Drinks,Drinks,Drinks,Drinks,Drinks,Drinks,
STR_COT_OBJECT_CATEGORY_VEHICLES,Vehicles,Vehicles,Vehicles,Vehicles,Vehicles,Vehicles,Vehicles,Vehicles,Vehicles,Vehicles,Vehicles,Vehicles,Vehicles,Vehicles,
STR_COT_OBJECT_CATEGORY_FIREARMS,Firearms,Firearms,Firearms,Firearms,Firearms,Firearms,Firearms,Firearms,Firearms,Firearms,Firearms,Firearms,Firearms,Firearms,
STR_COT_OBJECT_CATEGORY_MELEE,Melee,Melee,Melee,Melee,Melee,Melee,Melee,Melee,Melee,Melee,Melee,Melee,Melee,Melee,
STR_COT_OBJECT_CATEGORY_AMMO,Ammo / Magazines,Ammo / Magazines,Ammo / Magazines,Ammo / Magazines,Ammo / Magazines,Ammo / Magazines,Ammo / Magazines,Ammo / Magazines,Ammo / Magazines,Ammo / Magazines,Ammo / Magazines,Ammo / Magazines,Ammo / Magazines,Ammo / Magazines,
STR_COT_OBJECT_CATEGORY_CLOTHING,Clothing,Clothing,Clothing,Clothing,Clothing,Clothing,Clothing,Clothing,Clothing,Clothing,Clothing,Clothing,Clothing,Clothing,
STR_COT_OBJECT_CATEGORY_HEADGEAR,Headgear,Headgear,Headgear,Headgear,Headgear,Headgear,Headgear,Headgear,Headgear,Headgear,Headgear,Headgear,Headgear,Headgear,
STR_COT_OBJECT_CATEGORY_MASKS,Masks,Masks,Masks,Masks,Masks,Masks,Masks,Masks,Masks,Masks,Masks,Masks,Masks,Masks,
STR_COT_OBJECT_CATEGORY_GLASSES,Glasses,Glasses,Glasses,Glasses,Glasses,Glasses,Glasses,Glasses,Glasses,Glasses,Glasses,Glasses,Glasses,Glasses,
STR_COT_OBJECT_CATEGORY_TOPS,Tops,Tops,Tops,Tops,Tops,Tops,Tops,Tops,Tops,Tops,Tops,Tops,Tops,Tops,
STR_COT_OBJECT_CATEGORY_PANTS,Pants,Pants,Pants,Pants,Pants,Pants,Pants,Pants,Pants,Pants,Pants,Pants,Pants,Pants,
STR_COT_OBJECT_CATEGORY_VESTS,Vests,Vests,Vests,Vests,Vests,Vests,Vests,Vests,Vests,Vests,Vests,Vests,Vests,Vests,
STR_COT_OBJECT_CATEGORY_GLOVES,Gloves,Gloves,Gloves,Gloves,Gloves,Gloves,Gloves,Gloves,Gloves,Gloves,Gloves,Gloves,Gloves,Gloves,
STR_COT_OBJECT_CATEGORY_SHOES,Shoes,Shoes,Shoes,Shoes,Shoes,Shoes,Shoes,Shoes,Shoes,Shoes,Shoes,Shoes,Shoes,Shoes,
STR_COT_OBJECT_CATEGORY_BACKPACKS,Backpacks,Backpacks,Backpacks,Backpacks,Backpacks,Backpacks,Backpacks,Backpacks,Backpacks,Backpacks,Backpacks,Backpacks,Backpacks,Backpacks,
STR_COT_OBJECT_CATEGORY_CONTAINERS,Containers,Containers,Containers,Containers,Containers,Containers,Containers,Containers,Containers,Containers,Containers,Containers,Containers,Containers,
STR_COT_OBJECT_CATEGORY_ITEMS,Items,Items,Items,Items,Items,Items,Items,Items,Items,Items,Items,Items,Items,Items,
STR_COT_OBJECT_CATEGORY_MEDICAL,Medical,Medical,Medical,Medical,Medical,Medical,Medical,Medical,Medical,Medical,Medical,Medical,Medical,Medical,
STR_COT_OBJECT_CATEGORY_TOOLS,Tools,Tools,Tools,Tools,Tools,Tools,Tools,Tools,Tools,Tools,Tools,Tools,Tools,Tools,
STR_COT_OBJECT_CATEGORY_TRAPS,Traps,Traps,Traps,Traps,Traps,Traps,Traps,Traps,Traps,Traps,Traps,Traps,Traps,Traps,
STR_COT_OBJECT_CATEGORY_ELECTRONICS,Electronics,Electronics,Electronics,Electronics,Electronics,Electronics,Electronics,Electronics,Electronics,Electronics,Electronics,Electronics,Electronics,Electronics,
STR_COT_OBJECT_CATEGORY_TENTS,Tents,Tents,Tents,Tents,Tents,Tents,Tents,Tents,Tents,Tents,Tents,Tents,Tents,Tents,
STR_COT_OBJECT_CATEGORY_EXPLOSIVES,Explosives,Explosives,Explosives,Explosives,Explosives,Explosives,Explosives,Explosives,Explosives,Explosives,Explosives,Explosives,Explosives,Explosives,
STR_COT_OBJECT_CATEGORY_BUILDINGS,Buildings,Buildings,Buildings,Buildings,Buildings,Buildings,Buildings,Buildings,Buildings,Buildings,Buildings,Buildings,Buildings,Buildings,
STR_COT_OBJECT_CATEGORY_AI,AI,AI,AI,AI,AI,AI,AI,AI,AI,AI,AI,AI,AI,AI,
STR_COT_OBJECT_MODULE_NAMEMODE_CLASS,Class Names,Class Names,Class Names,Class Names,Class Names,Class Names,Class Names,Class Names,Class Names,Class Names,Class Names,Class Names,Class Names,Class Names,
STR_COT_OBJECT_MODULE_NAMEMODE_DISPLAY,Display Names,Display Names,Display Names,Display Names,Display Names,Display Names,Display Names,Display Names,Display Names,Display Names,Display Names,Display Names,Display Names,Display Names,
STR_COT_OBJECT_MODULE_UNSAFE_HIDE,Safe Classes,Safe Classes,Safe Classes,Safe Classes,Safe Classes,Safe Classes,Safe Classes,Safe Classes,Safe Classes,Safe Classes,Safe Classes,Safe Classes,Safe Classes,Safe Classes,
STR_COT_OBJECT_MODULE_UNSAFE_SHOW,All Classes,All Classes,All Classes,All Classes,All Classes,All Classes,All Classes,All Classes,All Classes,All Classes,All Classes,All Classes,All Classes,All Classes,
STR_COT_OBJECT_MODULE_DELETE_CURSOR,Delete at Crosshair,Delete at Crosshair,Delete at Crosshair,Delete at Crosshair,Delete at Crosshair,Delete at Crosshair,Delete at Crosshair,Delete at Crosshair,Delete at Crosshair,Delete at Crosshair,Delete at Crosshair,Delete at Crosshair,Delete at Crosshair,Delete at Crosshair,
STR_COT_OBJECT_MODULE_FOODSTAGE,Food State,Food State,Food State,Food State,Food State,Food State,Food State,Food State,Food State,Food State,Food State,Food State,Food State,Food State,
STR_COT_OBJECT_FOODSTAGE_RAW,Raw,Raw,Raw,Raw,Raw,Raw,Raw,Raw,Raw,Raw,Raw,Raw,Raw,Raw,
STR_COT_OBJECT_FOODSTAGE_BAKED,Baked,Baked,Baked,Baked,Baked,Baked,Baked,Baked,Baked,Baked,Baked,Baked,Baked,Baked,
STR_COT_OBJECT_FOODSTAGE_BOILED,Boiled,Boiled,Boiled,Boiled,Boiled,Boiled,Boiled,Boiled,Boiled,Boiled,Boiled,Boiled,Boiled,Boiled,
STR_COT_OBJECT_FOODSTAGE_DRIED,Dried,Dried,Dried,Dried,Dried,Dried,Dried,Dried,Dried,Dried,Dried,Dried,Dried,Dried,
STR_COT_OBJECT_FOODSTAGE_BURNED,Burned,Burned,Burned,Burned,Burned,Burned,Burned,Burned,Burned,Burned,Burned,Burned,Burned,Burned,
STR_COT_OBJECT_FOODSTAGE_ROTTEN,Rotten,Rotten,Rotten,Rotten,Rotten,Rotten,Rotten,Rotten,Rotten,Rotten,Rotten,Rotten,Rotten,Rotten,
STR_COT_OBJECT_MODULE_NO_RESULTS,No classes match this search,No classes match this search,No classes match this search,No classes match this search,No classes match this search,No classes match this search,No classes match this search,No classes match this search,No classes match this search,No classes match this search,No classes match this search,No classes match this search,No classes match this search,No classes match this search,
STR_COT_OBJECT_MODULE_NO_SELECTION,"No class selected. Use the search bar to find a class, then select it from the list.","No class selected. Use the search bar to find a class, then select it from the list.","No class selected. Use the search bar to find a class, then select it from the list.","No class selected. Use the search bar to find a class, then select it from the list.","No class selected. Use the search bar to find a class, then select it from the list.","No class selected. Use the search bar to find a class, then select it from the list.","No class selected. Use the search bar to find a class, then select it from the list.","No class selected. Use the search bar to find a class, then select it from the list.","No class selected. Use the search bar to find a class, then select it from the list.","No class selected. Use the search bar to find a class, then select it from the list.","No class selected. Use the search bar to find a class, then select it from the list.","No class selected. Use the search bar to find a class, then select it from the list.","No class selected. Use the search bar to find a class, then select it from the list.","No class selected. Use the search bar to find a class, then select it from the list.",
STR_COT_OBJECT_MODULE_EXPORT,Export Current List,Export Current List,Export Current List,Export Current List,Export Current List,Export Current List,Export Current List,Export Current List,Export Current List,Export Current List,Export Current List,Export Current List,Export Current List,Export Current List,
STR_COT_OBJECT_MODULE_EXPORT_DESC,Which format the current list is copied in,Which format the current list is copied in,Which format the current list is copied in,Which format the current list is copied in,Which format the current list is copied in,Which format the current list is copied in,Which format the current list is copied in,Which format the current list is copied in,Which format the current list is copied in,Which format the current list is copied in,Which format the current list is copied in,Which format the current list is copied in,Which format the current list is copied in,Which format the current list is copied in,
STR_COT_OBJECT_MODULE_EXPORT_COPY_DESC,Copy every class currently listed to the clipboard,Copy every class currently listed to the clipboard,Copy every class currently listed to the clipboard,Copy every class currently listed to the clipboard,Copy every class currently listed to the clipboard,Copy every class currently listed to the clipboard,Copy every class currently listed to the clipboard,Copy every class currently listed to the clipboard,Copy every class currently listed to the clipboard,Copy every class currently listed to the clipboard,Copy every class currently listed to the clipboard,Copy every class currently listed to the clipboard,Copy every class currently listed to the clipboard,Copy every class currently listed to the clipboard,
STR_COT_OBJECT_MODULE_EXPORT_EMPTY,Nothing to copy - the list is empty.,Nothing to copy - the list is empty.,Nothing to copy - the list is empty.,Nothing to copy - the list is empty.,Nothing to copy - the list is empty.,Nothing to copy - the list is empty.,Nothing to copy - the list is empty.,Nothing to copy - the list is empty.,Nothing to copy - the list is empty.,Nothing to copy - the list is empty.,Nothing to copy - the list is empty.,Nothing to copy - the list is empty.,Nothing to copy - the list is empty.,Nothing to copy - the list is empty.,
STR_COT_OBJECT_MODULE_SPAWN_AT_CROSSHAIR,Spawn at Crosshair,Spawn at Crosshair,Spawn at Crosshair,Spawn at Crosshair,Spawn at Crosshair,Spawn at Crosshair,Spawn at Crosshair,Spawn at Crosshair,Spawn at Crosshair,Spawn at Crosshair,Spawn at Crosshair,Spawn at Crosshair,Spawn at Crosshair,Spawn at Crosshair,
STR_COT_OBJECT_MODULE_SPAWN_AT_PLAYER,Spawn at Player,Spawn at Player,Spawn at Player,Spawn at Player,Spawn at Player,Spawn at Player,Spawn at Player,Spawn at Player,Spawn at Player,Spawn at Player,Spawn at Player,Spawn at Player,Spawn at Player,Spawn at Player,
STR_COT_OBJECT_MODULE_SPAWN_AT_TARGET,Spawn at Target,Spawn at Target,Spawn at Target,Spawn at Target,Spawn at Target,Spawn at Target,Spawn at Target,Spawn at Target,Spawn at Target,Spawn at Target,Spawn at Target,Spawn at Target,Spawn at Target,Spawn at Target,
STR_COT_OBJECT_MODULE_SPAWN_IN_PLAYERS,Spawn in Selected Player(s),Spawn in Selected Player(s),Spawn in Selected Player(s),Spawn in Selected Player(s),Spawn in Selected Player(s),Spawn in Selected Player(s),Spawn in Selected Player(s),Spawn in Selected Player(s),Spawn in Selected Player(s),Spawn in Selected Player(s),Spawn in Selected Player(s),Spawn in Selected Player(s),Spawn in Selected Player(s),Spawn in Selected Player(s),
STR_COT_OBJECT_MODULE_SPAWN_IN_OWN,Spawn in Own Inventory,Spawn in Own Inventory,Spawn in Own Inventory,Spawn in Own Inventory,Spawn in Own Inventory,Spawn in Own Inventory,Spawn in Own Inventory,Spawn in Own Inventory,Spawn in Own Inventory,Spawn in Own Inventory,Spawn in Own Inventory,Spawn in Own Inventory,Spawn in Own Inventory,Spawn in Own Inventory,
STR_COT_OBJECT_MODULE_SPAWN_IN_OBJECTS,Spawn in Selected Object(s),Spawn in Selected Object(s),Spawn in Selected Object(s),Spawn in Selected Object(s),Spawn in Selected Object(s),Spawn in Selected Object(s),Spawn in Selected Object(s),Spawn in Selected Object(s),Spawn in Selected Object(s),Spawn in Selected Object(s),Spawn in Selected Object(s),Spawn in Selected Object(s),Spawn in Selected Object(s),Spawn in Selected Object(s),
STR_COT_OBJECT_MODULE_FOODSTAGE_DESC,Cooking state the food spawns in,Cooking state the food spawns in,Cooking state the food spawns in,Cooking state the food spawns in,Cooking state the food spawns in,Cooking state the food spawns in,Cooking state the food spawns in,Cooking state the food spawns in,Cooking state the food spawns in,Cooking state the food spawns in,Cooking state the food spawns in,Cooking state the food spawns in,Cooking state the food spawns in,Cooking state the food spawns in,
STR_COT_OBJECT_MODULE_DISINFECTED,Disinfected,Disinfected,Disinfected,Disinfected,Disinfected,Disinfected,Disinfected,Disinfected,Disinfected,Disinfected,Disinfected,Disinfected,Disinfected,Disinfected,
STR_COT_OBJECT_MODULE_DISINFECTED_DESC,Spawn the item already disinfected,Spawn the item already disinfected,Spawn the item already disinfected,Spawn the item already disinfected,Spawn the item already disinfected,Spawn the item already disinfected,Spawn the item already disinfected,Spawn the item already disinfected,Spawn the item already disinfected,Spawn the item already disinfected,Spawn the item already disinfected,Spawn the item already disinfected,Spawn the item already disinfected,Spawn the item already disinfected,
STR_COT_OBJECT_MODULE_LIQUID,Liquid,Liquid,Liquid,Liquid,Liquid,Liquid,Liquid,Liquid,Liquid,Liquid,Liquid,Liquid,Liquid,Liquid,
STR_COT_OBJECT_MODULE_LIQUID_DESC,What the container is filled with,What the container is filled with,What the container is filled with,What the container is filled with,What the container is filled with,What the container is filled with,What the container is filled with,What the container is filled with,What the container is filled with,What the container is filled with,What the container is filled with,What the container is filled with,What the container is filled with,What the container is filled with,
STR_COT_OBJECT_MODULE_AMMOTYPE,Ammo,Ammo,Ammo,Ammo,Ammo,Ammo,Ammo,Ammo,Ammo,Ammo,Ammo,Ammo,Ammo,Ammo,
STR_COT_OBJECT_MODULE_AMMOTYPE_DESC,Which cartridge the magazine is loaded with,Which cartridge the magazine is loaded with,Which cartridge the magazine is loaded with,Which cartridge the magazine is loaded with,Which cartridge the magazine is loaded with,Which cartridge the magazine is loaded with,Which cartridge the magazine is loaded with,Which cartridge the magazine is loaded with,Which cartridge the magazine is loaded with,Which cartridge the magazine is loaded with,Which cartridge the magazine is loaded with,Which cartridge the magazine is loaded with,Which cartridge the magazine is loaded with,Which cartridge the magazine is loaded with,
STR_COT_OBJECT_LIQUID_DEFAULT,As Configured,As Configured,As Configured,As Configured,As Configured,As Configured,As Configured,As Configured,As Configured,As Configured,As Configured,As Configured,As Configured,As Configured,
STR_COT_OBJECT_AMMO_DEFAULT,As Configured,As Configured,As Configured,As Configured,As Configured,As Configured,As Configured,As Configured,As Configured,As Configured,As Configured,As Configured,As Configured,As Configured,
STR_COT_OBJECT_LIQUID_WATER,Water,Water,Water,Water,Water,Water,Water,Water,Water,Water,Water,Water,Water,Water,
STR_COT_OBJECT_LIQUID_CLEANWATER,Clean Water,Clean Water,Clean Water,Clean Water,Clean Water,Clean Water,Clean Water,Clean Water,Clean Water,Clean Water,Clean Water,Clean Water,Clean Water,Clean Water,
STR_COT_OBJECT_LIQUID_FRESHWATER,Fresh Water,Fresh Water,Fresh Water,Fresh Water,Fresh Water,Fresh Water,Fresh Water,Fresh Water,Fresh Water,Fresh Water,Fresh Water,Fresh Water,Fresh Water,Fresh Water,
STR_COT_OBJECT_LIQUID_RIVERWATER,River Water,River Water,River Water,River Water,River Water,River Water,River Water,River Water,River Water,River Water,River Water,River Water,River Water,River Water,
STR_COT_OBJECT_LIQUID_STILLWATER,Still Water,Still Water,Still Water,Still Water,Still Water,Still Water,Still Water,Still Water,Still Water,Still Water,Still Water,Still Water,Still Water,Still Water,
STR_COT_OBJECT_LIQUID_HOTWATER,Hot Water,Hot Water,Hot Water,Hot Water,Hot Water,Hot Water,Hot Water,Hot Water,Hot Water,Hot Water,Hot Water,Hot Water,Hot Water,Hot Water,
STR_COT_OBJECT_LIQUID_SALTWATER,Salt Water,Salt Water,Salt Water,Salt Water,Salt Water,Salt Water,Salt Water,Salt Water,Salt Water,Salt Water,Salt Water,Salt Water,Salt Water,Salt Water,
STR_COT_OBJECT_LIQUID_SNOW,Snow,Snow,Snow,Snow,Snow,Snow,Snow,Snow,Snow,Snow,Snow,Snow,Snow,Snow,
STR_COT_OBJECT_LIQUID_VODKA,Vodka,Vodka,Vodka,Vodka,Vodka,Vodka,Vodka,Vodka,Vodka,Vodka,Vodka,Vodka,Vodka,Vodka,
STR_COT_OBJECT_LIQUID_BEER,Beer,Beer,Beer,Beer,Beer,Beer,Beer,Beer,Beer,Beer,Beer,Beer,Beer,Beer,
STR_COT_OBJECT_LIQUID_GASOLINE,Gasoline,Gasoline,Gasoline,Gasoline,Gasoline,Gasoline,Gasoline,Gasoline,Gasoline,Gasoline,Gasoline,Gasoline,Gasoline,Gasoline,
STR_COT_OBJECT_LIQUID_DIESEL,Diesel,Diesel,Diesel,Diesel,Diesel,Diesel,Diesel,Diesel,Diesel,Diesel,Diesel,Diesel,Diesel,Diesel,
STR_COT_OBJECT_LIQUID_DISINFECTANT,Disinfectant,Disinfectant,Disinfectant,Disinfectant,Disinfectant,Disinfectant,Disinfectant,Disinfectant,Disinfectant,Disinfectant,Disinfectant,Disinfectant,Disinfectant,Disinfectant,
STR_COT_OBJECT_LIQUID_SOLUTION,Solution,Solution,Solution,Solution,Solution,Solution,Solution,Solution,Solution,Solution,Solution,Solution,Solution,Solution,
STR_COT_OBJECT_LIQUID_SALINE,Saline,Saline,Saline,Saline,Saline,Saline,Saline,Saline,Saline,Saline,Saline,Saline,Saline,Saline,
STR_COT_OBJECT_LIQUID_BLOOD_0_P,Blood 0+,Blood 0+,Blood 0+,Blood 0+,Blood 0+,Blood 0+,Blood 0+,Blood 0+,Blood 0+,Blood 0+,Blood 0+,Blood 0+,Blood 0+,Blood 0+,
STR_COT_OBJECT_LIQUID_BLOOD_0_N,Blood 0-,Blood 0-,Blood 0-,Blood 0-,Blood 0-,Blood 0-,Blood 0-,Blood 0-,Blood 0-,Blood 0-,Blood 0-,Blood 0-,Blood 0-,Blood 0-,
STR_COT_OBJECT_LIQUID_BLOOD_A_P,Blood A+,Blood A+,Blood A+,Blood A+,Blood A+,Blood A+,Blood A+,Blood A+,Blood A+,Blood A+,Blood A+,Blood A+,Blood A+,Blood A+,
STR_COT_OBJECT_LIQUID_BLOOD_A_N,Blood A-,Blood A-,Blood A-,Blood A-,Blood A-,Blood A-,Blood A-,Blood A-,Blood A-,Blood A-,Blood A-,Blood A-,Blood A-,Blood A-,
STR_COT_OBJECT_LIQUID_BLOOD_B_P,Blood B+,Blood B+,Blood B+,Blood B+,Blood B+,Blood B+,Blood B+,Blood B+,Blood B+,Blood B+,Blood B+,Blood B+,Blood B+,Blood B+,
STR_COT_OBJECT_LIQUID_BLOOD_B_N,Blood B-,Blood B-,Blood B-,Blood B-,Blood B-,Blood B-,Blood B-,Blood B-,Blood B-,Blood B-,Blood B-,Blood B-,Blood B-,Blood B-,
STR_COT_OBJECT_LIQUID_BLOOD_AB_P,Blood AB+,Blood AB+,Blood AB+,Blood AB+,Blood AB+,Blood AB+,Blood AB+,Blood AB+,Blood AB+,Blood AB+,Blood AB+,Blood AB+,Blood AB+,Blood AB+,
STR_COT_OBJECT_LIQUID_BLOOD_AB_N,Blood AB-,Blood AB-,Blood AB-,Blood AB-,Blood AB-,Blood AB-,Blood AB-,Blood AB-,Blood AB-,Blood AB-,Blood AB-,Blood AB-,Blood AB-,Blood AB-,
STR_COT_OBJECT_DEFAULT_FORMAT,%1 (default),%1 (default),%1 (default),%1 (default),%1 (default),%1 (default),%1 (default),%1 (default),%1 (default),%1 (default),%1 (default),%1 (default),%1 (default),%1 (default),
STR_COT_OBJECT_LIQUID_NONE,Empty,Empty,Empty,Empty,Empty,Empty,Empty,Empty,Empty,Empty,Empty,Empty,Empty,Empty,
STR_COT_OBJECT_AMMO_NONE,None,None,None,None,None,None,None,None,None,None,None,None,None,None,
STR_COT_FORMAT_NUMBER,%1,%1,%1,%1,%1,%1,%1,%1,%1,%1,%1,%1,%1,%1,
STR_COT_ESP_TAB_SETTINGS,Settings,Settings,Settings,Settings,Settings,Settings,Settings,Settings,Settings,Settings,Settings,Settings,Settings,Settings,
STR_COT_ESP_MODULE_CATEGORY_FILTER,Find category:,Find category:,Find category:,Find category:,Find category:,Find category:,Find category:,Find category:,Find category:,Find category:,Find category:,Find category:,Find category:,Find category:,
STR_COT_ESP_MODULE_CATEGORY_COLOUR,Category colour:,Category colour:,Category colour:,Category colour:,Category colour:,Category colour:,Category colour:,Category colour:,Category colour:,Category colour:,Category colour:,Category colour:,Category colour:,Category colour:,
STR_COT_ESP_MODULE_OBJECT_FILTER,Find object:,Find object:,Find object:,Find object:,Find object:,Find object:,Find object:,Find object:,Find object:,Find object:,Find object:,Find object:,Find object:,Find object:,
STR_COT_ESP_MODULE_OBJECTS_TRACKED,Tracked:,Tracked:,Tracked:,Tracked:,Tracked:,Tracked:,Tracked:,Tracked:,Tracked:,Tracked:,Tracked:,Tracked:,Tracked:,Tracked:,
STR_COT_ESP_MODULE_OBJECTS_EMPTY,No objects tracked,No objects tracked,No objects tracked,No objects tracked,No objects tracked,No objects tracked,No objects tracked,No objects tracked,No objects tracked,No objects tracked,No objects tracked,No objects tracked,No objects tracked,No objects tracked,
STR_COT_ESP_MODULE_SELECTION_HEADER,Selection,Selection,Selection,Selection,Selection,Selection,Selection,Selection,Selection,Selection,Selection,Selection,Selection,Selection,
STR_COT_ESP_MODULE_SECTION_DISPLAY,Display,Display,Display,Display,Display,Display,Display,Display,Display,Display,Display,Display,Display,Display,
STR_COT_ESP_MODULE_SECTION_SCANNING,Scanning,Scanning,Scanning,Scanning,Scanning,Scanning,Scanning,Scanning,Scanning,Scanning,Scanning,Scanning,Scanning,Scanning,
STR_COT_ESP_MODULE_SECTION_COLOURS,Colours,Colours,Colours,Colours,Colours,Colours,Colours,Colours,Colours,Colours,Colours,Colours,Colours,Colours,
STR_COT_ESP_MODULE_ACTION_RESET_COLOURS,Reset Colours,Reset Colours,Reset Colours,Reset Colours,Reset Colours,Reset Colours,Reset Colours,Reset Colours,Reset Colours,Reset Colours,Reset Colours,Reset Colours,Reset Colours,Reset Colours,
STR_COT_ESP_MODULE_ACTION_MOVE_TO_CURSOR,Move To Cursor,Move To Cursor,Move To Cursor,Move To Cursor,Move To Cursor,Move To Cursor,Move To Cursor,Move To Cursor,Move To Cursor,Move To Cursor,Move To Cursor,Move To Cursor,Move To Cursor,Move To Cursor,
STR_COT_ESP_MODULE_REFRESH_RATE,Refresh rate:,Refresh rate:,Refresh rate:,Refresh rate:,Refresh rate:,Refresh rate:,Refresh rate:,Refresh rate:,Refresh rate:,Refresh rate:,Refresh rate:,Refresh rate:,Refresh rate:,Refresh rate:,
STR_COT_ESP_MODULE_MENU_SELECT,Select,Select,Select,Select,Select,Select,Select,Select,Select,Select,Select,Select,Select,Select,
STR_COT_ESP_MODULE_MENU_DESELECT,Deselect,Deselect,Deselect,Deselect,Deselect,Deselect,Deselect,Deselect,Deselect,Deselect,Deselect,Deselect,Deselect,Deselect,
STR_COT_ESP_MODULE_MENU_COPY,Copy Classname,Copy Classname,Copy Classname,Copy Classname,Copy Classname,Copy Classname,Copy Classname,Copy Classname,Copy Classname,Copy Classname,Copy Classname,Copy Classname,Copy Classname,Copy Classname,
STR_COT_ESP_MODULE_MENU_COPY_RAW,Raw,Raw,Raw,Raw,Raw,Raw,Raw,Raw,Raw,Raw,Raw,Raw,Raw,Raw,
STR_COT_ESP_MODULE_MENU_COPY_XML,Types XML,Types XML,Types XML,Types XML,Types XML,Types XML,Types XML,Types XML,Types XML,Types XML,Types XML,Types XML,Types XML,Types XML,
STR_COT_ESP_MODULE_MENU_COPY_SPAWNABLE,Spawnable Types XML,Spawnable Types XML,Spawnable Types XML,Spawnable Types XML,Spawnable Types XML,Spawnable Types XML,Spawnable Types XML,Spawnable Types XML,Spawnable Types XML,Spawnable Types XML,Spawnable Types XML,Spawnable Types XML,Spawnable Types XML,Spawnable Types XML,
STR_COT_ESP_MODULE_MENU_COPY_EXPANSION,Expansion,Expansion,Expansion,Expansion,Expansion,Expansion,Expansion,Expansion,Expansion,Expansion,Expansion,Expansion,Expansion,Expansion,
STR_COT_ESP_MODULE_MENU_COPY_LOADOUT,Copy Loadout,Copy Loadout,Copy Loadout,Copy Loadout,Copy Loadout,Copy Loadout,Copy Loadout,Copy Loadout,Copy Loadout,Copy Loadout,Copy Loadout,Copy Loadout,Copy Loadout,Copy Loadout,
STR_COT_ESP_GROUP_LIVING,Living,Living,Living,Living,Living,Living,Living,Living,Living,Living,Living,Living,Living,Living,
STR_COT_ESP_GROUP_VEHICLES,Vehicles,Vehicles,Vehicles,Vehicles,Vehicles,Vehicles,Vehicles,Vehicles,Vehicles,Vehicles,Vehicles,Vehicles,Vehicles,Vehicles,
STR_COT_ESP_GROUP_WEAPONS,Weapons,Weapons,Weapons,Weapons,Weapons,Weapons,Weapons,Weapons,Weapons,Weapons,Weapons,Weapons,Weapons,Weapons,
STR_COT_ESP_GROUP_ITEMS,Items,Items,Items,Items,Items,Items,Items,Items,Items,Items,Items,Items,Items,Items,
STR_COT_ESP_GROUP_IMMOVABLE,World,World,World,World,World,World,World,World,World,World,World,World,World,World,
STR_COT_ESP_GROUP_OTHER,Other,Other,Other,Other,Other,Other,Other,Other,Other,Other,Other,Other,Other,Other,
STR_COT_GENERIC_ORIENTATION,Orientation:,Orientation:,Orientation:,Orientation:,Orientation:,Orientation:,Orientation:,Orientation:,Orientation:,Orientation:,Orientation:,Orientation:,Orientation:,Orientation:,
STR_COT_ESP_MODULE_MENU_ONLY_THIS,Only This Category,Only This Category,Only This Category,Only This Category,Only This Category,Only This Category,Only This Category,Only This Category,Only This Category,Only This Category,Only This Category,Only This Category,Only This Category,Only This Category,
STR_COT_ESP_MODULE_MENU_GROUP_ON,Enable Whole Group,Enable Whole Group,Enable Whole Group,Enable Whole Group,Enable Whole Group,Enable Whole Group,Enable Whole Group,Enable Whole Group,Enable Whole Group,Enable Whole Group,Enable Whole Group,Enable Whole Group,Enable Whole Group,Enable Whole Group,
STR_COT_ESP_MODULE_MENU_GROUP_OFF,Disable Whole Group,Disable Whole Group,Disable Whole Group,Disable Whole Group,Disable Whole Group,Disable Whole Group,Disable Whole Group,Disable Whole Group,Disable Whole Group,Disable Whole Group,Disable Whole Group,Disable Whole Group,Disable Whole Group,Disable Whole Group,
STR_COT_ESP_MODULE_MENU_RESET_ONE,Reset Colour,Reset Colour,Reset Colour,Reset Colour,Reset Colour,Reset Colour,Reset Colour,Reset Colour,Reset Colour,Reset Colour,Reset Colour,Reset Colour,Reset Colour,Reset Colour,
STR_COT_ESP_MODULE_MENU_COPY_PERM,Copy Permission,Copy Permission,Copy Permission,Copy Permission,Copy Permission,Copy Permission,Copy Permission,Copy Permission,Copy Permission,Copy Permission,Copy Permission,Copy Permission,Copy Permission,Copy Permission,
STR_COT_FORMAT_PIXEL,%1 px,%1 px,%1 px,%1 px,%1 px,%1 px,%1 px,%1 px,%1 px,%1 px,%1 px,%1 px,%1 px,%1 px,
STR_COT_ESP_MODULE_SKELETONS_NONE,No skeletons,No skeletons,No skeletons,No skeletons,No skeletons,No skeletons,No skeletons,No skeletons,No skeletons,No skeletons,No skeletons,No skeletons,No skeletons,No skeletons,
STR_COT_ESP_MODULE_SKELETONS_OTHERS,Other players,Other players,Other players,Other players,Other players,Other players,Other players,Other players,Other players,Other players,Other players,Other players,Other players,Other players,
STR_COT_ESP_MODULE_SKELETONS_ALL,Everyone incl. you,Everyone incl. you,Everyone incl. you,Everyone incl. you,Everyone incl. you,Everyone incl. you,Everyone incl. you,Everyone incl. you,Everyone incl. you,Everyone incl. you,Everyone incl. you,Everyone incl. you,Everyone incl. you,Everyone incl. you,
STR_COT_ESP_MODULE_LABEL_MODE,Overlay tags:,Overlay tags:,Overlay tags:,Overlay tags:,Overlay tags:,Overlay tags:,Overlay tags:,Overlay tags:,Overlay tags:,Overlay tags:,Overlay tags:,Overlay tags:,Overlay tags:,Overlay tags:,
STR_COT_ESP_MODULE_LABEL_DISPLAY,Display Name,Display Name,Display Name,Display Name,Display Name,Display Name,Display Name,Display Name,Display Name,Display Name,Display Name,Display Name,Display Name,Display Name,
STR_COT_ESP_MODULE_LABEL_CLASS,Class Name,Class Name,Class Name,Class Name,Class Name,Class Name,Class Name,Class Name,Class Name,Class Name,Class Name,Class Name,Class Name,Class Name,
STR_COT_ESP_MODULE_LIMIT_MODE,Result limit:,Result limit:,Result limit:,Result limit:,Result limit:,Result limit:,Result limit:,Result limit:,Result limit:,Result limit:,Result limit:,Result limit:,Result limit:,Result limit:,
STR_COT_ESP_MODULE_LIMIT_SAFE,Safety Limit,Safety Limit,Safety Limit,Safety Limit,Safety Limit,Safety Limit,Safety Limit,Safety Limit,Safety Limit,Safety Limit,Safety Limit,Safety Limit,Safety Limit,Safety Limit,
STR_COT_ESP_MODULE_LIMIT_ALL,All Objects,All Objects,All Objects,All Objects,All Objects,All Objects,All Objects,All Objects,All Objects,All Objects,All Objects,All Objects,All Objects,All Objects,
STR_COT_ESP_MODULE_OBJECTS_CARD,Tracked Objects,Tracked Objects,Tracked Objects,Tracked Objects,Tracked Objects,Tracked Objects,Tracked Objects,Tracked Objects,Tracked Objects,Tracked Objects,Tracked Objects,Tracked Objects,Tracked Objects,Tracked Objects,
STR_COT_ESP_MODULE_STATE_ON,ESP is on,ESP is on,ESP is on,ESP is on,ESP is on,ESP is on,ESP is on,ESP is on,ESP is on,ESP is on,ESP is on,ESP is on,ESP is on,ESP is on,
STR_COT_ESP_MODULE_STATE_OFF,ESP is off,ESP is off,ESP is off,ESP is off,ESP is off,ESP is off,ESP is off,ESP is off,ESP is off,ESP is off,ESP is off,ESP is off,ESP is off,ESP is off,
STR_COT_ESP_MODULE_TT_STATE_ON,ESP is drawing - click to hide it,ESP is drawing - click to hide it,ESP is drawing - click to hide it,ESP is drawing - click to hide it,ESP is drawing - click to hide it,ESP is drawing - click to hide it,ESP is drawing - click to hide it,ESP is drawing - click to hide it,ESP is drawing - click to hide it,ESP is drawing - click to hide it,ESP is drawing - click to hide it,ESP is drawing - click to hide it,ESP is drawing - click to hide it,ESP is drawing - click to hide it,
STR_COT_ESP_MODULE_TT_STATE_OFF,ESP is not drawing - click to show it,ESP is not drawing - click to show it,ESP is not drawing - click to show it,ESP is not drawing - click to show it,ESP is not drawing - click to show it,ESP is not drawing - click to show it,ESP is not drawing - click to show it,ESP is not drawing - click to show it,ESP is not drawing - click to show it,ESP is not drawing - click to show it,ESP is not drawing - click to show it,ESP is not drawing - click to show it,ESP is not drawing - click to show it,ESP is not drawing - click to show it,
STR_COT_SELECTED,Selected!,Selected!,Selected!,Selected!,Selected!,Selected!,Selected!,Selected!,Selected!,Selected!,Selected!,Selected!,Selected!,Selected!,
STR_COT_CLEARED,Cleared!,Cleared!,Cleared!,Cleared!,Cleared!,Cleared!,Cleared!,Cleared!,Cleared!,Cleared!,Cleared!,Cleared!,Cleared!,Cleared!,
STR_COT_ESP_MODULE_MENU_ACTIONS,Toggle Actions,Toggle Actions,Toggle Actions,Toggle Actions,Toggle Actions,Toggle Actions,Toggle Actions,Toggle Actions,Toggle Actions,Toggle Actions,Toggle Actions,Toggle Actions,Toggle Actions,Toggle Actions,
STR_COT_ESP_MODULE_MENU_COPY_POS,Copy Position,Copy Position,Copy Position,Copy Position,Copy Position,Copy Position,Copy Position,Copy Position,Copy Position,Copy Position,Copy Position,Copy Position,Copy Position,Copy Position,
STR_COT_ESP_MODULE_MENU_COPY_ORI,Copy Orientation,Copy Orientation,Copy Orientation,Copy Orientation,Copy Orientation,Copy Orientation,Copy Orientation,Copy Orientation,Copy Orientation,Copy Orientation,Copy Orientation,Copy Orientation,Copy Orientation,Copy Orientation,
STR_COT_ESP_MODULE_MENU_REFUEL,Refuel,Refuel,Refuel,Refuel,Refuel,Refuel,Refuel,Refuel,Refuel,Refuel,Refuel,Refuel,Refuel,Refuel,
STR_COT_ESP_MODULE_MENU_REFILL_COOLANT,Refill Coolant,Refill Coolant,Refill Coolant,Refill Coolant,Refill Coolant,Refill Coolant,Refill Coolant,Refill Coolant,Refill Coolant,Refill Coolant,Refill Coolant,Refill Coolant,Refill Coolant,Refill Coolant,
STR_COT_ESP_MODULE_MENU_LOCK_WHEELS,Lock Wheels,Lock Wheels,Lock Wheels,Lock Wheels,Lock Wheels,Lock Wheels,Lock Wheels,Lock Wheels,Lock Wheels,Lock Wheels,Lock Wheels,Lock Wheels,Lock Wheels,Lock Wheels,
STR_COT_ESP_MODULE_MENU_UNLOCK_WHEELS,Unlock Wheels,Unlock Wheels,Unlock Wheels,Unlock Wheels,Unlock Wheels,Unlock Wheels,Unlock Wheels,Unlock Wheels,Unlock Wheels,Unlock Wheels,Unlock Wheels,Unlock Wheels,Unlock Wheels,Unlock Wheels,
STR_COT_ESP_MODULE_MENU_REPAIR_FILL,Repair & Fill Slots,Repair & Fill Slots,Repair & Fill Slots,Repair & Fill Slots,Repair & Fill Slots,Repair & Fill Slots,Repair & Fill Slots,Repair & Fill Slots,Repair & Fill Slots,Repair & Fill Slots,Repair & Fill Slots,Repair & Fill Slots,Repair & Fill Slots,Repair & Fill Slots,
STR_COT_ESP_MODULE_MENU_PIN_GRENADE,Pin Grenade,Pin Grenade,Pin Grenade,Pin Grenade,Pin Grenade,Pin Grenade,Pin Grenade,Pin Grenade,Pin Grenade,Pin Grenade,Pin Grenade,Pin Grenade,Pin Grenade,Pin Grenade,
STR_COT_ESP_MODULE_MENU_UNPIN_GRENADE,Unpin Grenade,Unpin Grenade,Unpin Grenade,Unpin Grenade,Unpin Grenade,Unpin Grenade,Unpin Grenade,Unpin Grenade,Unpin Grenade,Unpin Grenade,Unpin Grenade,Unpin Grenade,Unpin Grenade,Unpin Grenade,
STR_COT_ESP_MODULE_MENU_TRIGGER_TRAP,Trigger Trap,Trigger Trap,Trigger Trap,Trigger Trap,Trigger Trap,Trigger Trap,Trigger Trap,Trigger Trap,Trigger Trap,Trigger Trap,Trigger Trap,Trigger Trap,Trigger Trap,Trigger Trap,
STR_COT_ESP_MODULE_MENU_OPEN_FENCE,Open Fence Gate,Open Fence Gate,Open Fence Gate,Open Fence Gate,Open Fence Gate,Open Fence Gate,Open Fence Gate,Open Fence Gate,Open Fence Gate,Open Fence Gate,Open Fence Gate,Open Fence Gate,Open Fence Gate,Open Fence Gate,
STR_COT_ESP_MODULE_MENU_CLOSE_FENCE,Close Fence Gate,Close Fence Gate,Close Fence Gate,Close Fence Gate,Close Fence Gate,Close Fence Gate,Close Fence Gate,Close Fence Gate,Close Fence Gate,Close Fence Gate,Close Fence Gate,Close Fence Gate,Close Fence Gate,Close Fence Gate,
STR_COT_ESP_MODULE_MENU_OPEN_DOOR,Open Door,Open Door,Open Door,Open Door,Open Door,Open Door,Open Door,Open Door,Open Door,Open Door,Open Door,Open Door,Open Door,Open Door,
STR_COT_ESP_MODULE_MENU_CLOSE_DOOR,Close Door,Close Door,Close Door,Close Door,Close Door,Close Door,Close Door,Close Door,Close Door,Close Door,Close Door,Close Door,Close Door,Close Door,
STR_COT_ESP_MODULE_MENU_LOCK_DOOR,Lock Door,Lock Door,Lock Door,Lock Door,Lock Door,Lock Door,Lock Door,Lock Door,Lock Door,Lock Door,Lock Door,Lock Door,Lock Door,Lock Door,
STR_COT_ESP_MODULE_MENU_UNLOCK_DOOR,Unlock Door,Unlock Door,Unlock Door,Unlock Door,Unlock Door,Unlock Door,Unlock Door,Unlock Door,Unlock Door,Unlock Door,Unlock Door,Unlock Door,Unlock Door,Unlock Door,
STR_COT_ESP_MODULE_MENU_OPEN_TENT,Open Tent Openings,Open Tent Openings,Open Tent Openings,Open Tent Openings,Open Tent Openings,Open Tent Openings,Open Tent Openings,Open Tent Openings,Open Tent Openings,Open Tent Openings,Open Tent Openings,Open Tent Openings,Open Tent Openings,Open Tent Openings,
STR_COT_ESP_MODULE_MENU_CLOSE_TENT,Close Tent Openings,Close Tent Openings,Close Tent Openings,Close Tent Openings,Close Tent Openings,Close Tent Openings,Close Tent Openings,Close Tent Openings,Close Tent Openings,Close Tent Openings,Close Tent Openings,Close Tent Openings,Close Tent Openings,Close Tent Openings,
STR_COT_ESP_MODULE_MENU_OPEN_CAR_DOORS,Open Car Doors,Open Car Doors,Open Car Doors,Open Car Doors,Open Car Doors,Open Car Doors,Open Car Doors,Open Car Doors,Open Car Doors,Open Car Doors,Open Car Doors,Open Car Doors,Open Car Doors,Open Car Doors,
STR_COT_ESP_MODULE_MENU_CLOSE_CAR_DOORS,Close Car Doors,Close Car Doors,Close Car Doors,Close Car Doors,Close Car Doors,Close Car Doors,Close Car Doors,Close Car Doors,Close Car Doors,Close Car Doors,Close Car Doors,Close Car Doors,Close Car Doors,Close Car Doors,
STR_COT_ESP_MODULE_MENU_UNSTUCK,Unstuck,Unstuck,Unstuck,Unstuck,Unstuck,Unstuck,Unstuck,Unstuck,Unstuck,Unstuck,Unstuck,Unstuck,Unstuck,Unstuck,
STR_COT_ESP_MODULE_MENU_UNPAIR,UnPair Keys,UnPair Keys,UnPair Keys,UnPair Keys,UnPair Keys,UnPair Keys,UnPair Keys,UnPair Keys,UnPair Keys,UnPair Keys,UnPair Keys,UnPair Keys,UnPair Keys,UnPair Keys,
STR_COT_ESP_MODULE_SHOW_DISTANCE,Show Distance,Show Distance,Show Distance,Show Distance,Show Distance,Show Distance,Show Distance,Show Distance,Show Distance,Show Distance,Show Distance,Show Distance,Show Distance,Show Distance,
STR_COT_ESP_MODULE_ACTION_QUANTITY,Quantity:,Quantity:,Quantity:,Quantity:,Quantity:,Quantity:,Quantity:,Quantity:,Quantity:,Quantity:,Quantity:,Quantity:,Quantity:,Quantity:,
STR_COT_ESP_MODULE_ACTION_LIQUID,Liquid:,Liquid:,Liquid:,Liquid:,Liquid:,Liquid:,Liquid:,Liquid:,Liquid:,Liquid:,Liquid:,Liquid:,Liquid:,Liquid:,
STR_COT_ESP_MODULE_ACTION_DISINFECTED,Disinfected,Disinfected,Disinfected,Disinfected,Disinfected,Disinfected,Disinfected,Disinfected,Disinfected,Disinfected,Disinfected,Disinfected,Disinfected,Disinfected,
STR_COT_ESP_MODULE_ACTION_FOOD_STAGE,Food Stage:,Food Stage:,Food Stage:,Food Stage:,Food Stage:,Food Stage:,Food Stage:,Food Stage:,Food Stage:,Food Stage:,Food Stage:,Food Stage:,Food Stage:,Food Stage:,
STR_COT_ESP_MODULE_ACTION_CLOSED,Closed,Closed,Closed,Closed,Closed,Closed,Closed,Closed,Closed,Closed,Closed,Closed,Closed,Closed,
STR_COT_ESP_MODULE_ACTION_CLOSE,Close,Close,Close,Close,Close,Close,Close,Close,Close,Close,Close,Close,Close,Close,
STR_COT_ESP_MODULE_ACTION_OPEN,Open,Open,Open,Open,Open,Open,Open,Open,Open,Open,Open,Open,Open,Open,
STR_COT_ESP_MODULE_ACTION_LOCKED,Locked,Locked,Locked,Locked,Locked,Locked,Locked,Locked,Locked,Locked,Locked,Locked,Locked,Locked,
STR_COT_ESP_MODULE_ACTION_CODE,Code:,Code:,Code:,Code:,Code:,Code:,Code:,Code:,Code:,Code:,Code:,Code:,Code:,Code:,
STR_COT_ESP_MODULE_ACTION_GET_CODE,Copy Lock Code,Copy Lock Code,Copy Lock Code,Copy Lock Code,Copy Lock Code,Copy Lock Code,Copy Lock Code,Copy Lock Code,Copy Lock Code,Copy Lock Code,Copy Lock Code,Copy Lock Code,Copy Lock Code,Copy Lock Code,
STR_COT_ESP_MODULE_ACTION_UNCONSCIOUS,Unconscious,Unconscious,Unconscious,Unconscious,Unconscious,Unconscious,Unconscious,Unconscious,Unconscious,Unconscious,Unconscious,Unconscious,Unconscious,Unconscious,
STR_COT_ESP_MODULE_ACTION_FREEZE,Freeze,Freeze,Freeze,Freeze,Freeze,Freeze,Freeze,Freeze,Freeze,Freeze,Freeze,Freeze,Freeze,Freeze,
STR_COT_ESP_MODULE_ACTION_BROKEN_LEGS,Broken Legs,Broken Legs,Broken Legs,Broken Legs,Broken Legs,Broken Legs,Broken Legs,Broken Legs,Broken Legs,Broken Legs,Broken Legs,Broken Legs,Broken Legs,Broken Legs,
STR_COT_ESP_MODULE_NOTIFY_CODE_COPIED,Lock code %1 copied to clipboard,Lock code %1 copied to clipboard,Lock code %1 copied to clipboard,Lock code %1 copied to clipboard,Lock code %1 copied to clipboard,Lock code %1 copied to clipboard,Lock code %1 copied to clipboard,Lock code %1 copied to clipboard,Lock code %1 copied to clipboard,Lock code %1 copied to clipboard,Lock code %1 copied to clipboard,Lock code %1 copied to clipboard,Lock code %1 copied to clipboard,Lock code %1 copied to clipboard,
STR_COT_ESP_MODULE_MENU_BACK,Back,Back,Back,Back,Back,Back,Back,Back,Back,Back,Back,Back,Back,Back,
STR_COT_ESP_MODULE_PAGE_TRANSFORM,Transform,Transform,Transform,Transform,Transform,Transform,Transform,Transform,Transform,Transform,Transform,Transform,Transform,Transform,
STR_COT_ESP_MODULE_PAGE_HEALTH,Health,Health,Health,Health,Health,Health,Health,Health,Health,Health,Health,Health,Health,Health,
STR_COT_ESP_MODULE_PAGE_QUANTITY,Quantity,Quantity,Quantity,Quantity,Quantity,Quantity,Quantity,Quantity,Quantity,Quantity,Quantity,Quantity,Quantity,Quantity,
STR_COT_ESP_MODULE_PAGE_LIQUID,Liquid,Liquid,Liquid,Liquid,Liquid,Liquid,Liquid,Liquid,Liquid,Liquid,Liquid,Liquid,Liquid,Liquid,
STR_COT_ESP_MODULE_PAGE_FOOD,Food Stage,Food Stage,Food Stage,Food Stage,Food Stage,Food Stage,Food Stage,Food Stage,Food Stage,Food Stage,Food Stage,Food Stage,Food Stage,Food Stage,
STR_COT_ESP_MODULE_PAGE_LOCK,Lock,Lock,Lock,Lock,Lock,Lock,Lock,Lock,Lock,Lock,Lock,Lock,Lock,Lock,
STR_COT_ESP_MODULE_PAGE_BUILD,Base Building,Base Building,Base Building,Base Building,Base Building,Base Building,Base Building,Base Building,Base Building,Base Building,Base Building,Base Building,Base Building,Base Building,
STR_COT_ESP_MODULE_PAGE_VEHICLE,Vehicle,Vehicle,Vehicle,Vehicle,Vehicle,Vehicle,Vehicle,Vehicle,Vehicle,Vehicle,Vehicle,Vehicle,Vehicle,Vehicle,
STR_COT_ESP_MODULE_PAGE_COLOR,Change Color,Change Color,Change Color,Change Color,Change Color,Change Color,Change Color,Change Color,Change Color,Change Color,Change Color,Change Color,Change Color,Change Color,
STR_COT_ESP_MODULE_MENU_NO_COLOR_VARIANTS,No color variants available,No color variants available,No color variants available,No color variants available,No color variants available,No color variants available,No color variants available,No color variants available,No color variants available,No color variants available,No color variants available,No color variants available,No color variants available,No color variants available,
STR_COT_ESP_MODULE_PAGE_PLAYER,Player,Player,Player,Player,Player,Player,Player,Player,Player,Player,Player,Player,Player,Player,
STR_COT_ESP_MODULE_MENU_PASTE_POS,Paste Position,Paste Position,Paste Position,Paste Position,Paste Position,Paste Position,Paste Position,Paste Position,Paste Position,Paste Position,Paste Position,Paste Position,Paste Position,Paste Position,
STR_COT_ESP_MODULE_MENU_PASTE_ORI,Paste Orientation,Paste Orientation,Paste Orientation,Paste Orientation,Paste Orientation,Paste Orientation,Paste Orientation,Paste Orientation,Paste Orientation,Paste Orientation,Paste Orientation,Paste Orientation,Paste Orientation,Paste Orientation,
STR_COT_ESP_MODULE_MENU_SNAP_GROUND,Snap To Ground,Snap To Ground,Snap To Ground,Snap To Ground,Snap To Ground,Snap To Ground,Snap To Ground,Snap To Ground,Snap To Ground,Snap To Ground,Snap To Ground,Snap To Ground,Snap To Ground,Snap To Ground,
STR_COT_ESP_MODULE_MENU_FACE_CAMERA,Face Camera,Face Camera,Face Camera,Face Camera,Face Camera,Face Camera,Face Camera,Face Camera,Face Camera,Face Camera,Face Camera,Face Camera,Face Camera,Face Camera,
STR_COT_ESP_MODULE_MENU_FULL,Full,Full,Full,Full,Full,Full,Full,Full,Full,Full,Full,Full,Full,Full,
STR_COT_ESP_MODULE_MENU_EMPTY,Empty,Empty,Empty,Empty,Empty,Empty,Empty,Empty,Empty,Empty,Empty,Empty,Empty,Empty,
STR_COT_ESP_MODULE_MENU_RUIN,Ruin,Ruin,Ruin,Ruin,Ruin,Ruin,Ruin,Ruin,Ruin,Ruin,Ruin,Ruin,Ruin,Ruin,
STR_COT_ESP_MODULE_MENU_LOCK,Lock,Lock,Lock,Lock,Lock,Lock,Lock,Lock,Lock,Lock,Lock,Lock,Lock,Lock,
STR_COT_ESP_MODULE_MENU_UNLOCK,Unlock,Unlock,Unlock,Unlock,Unlock,Unlock,Unlock,Unlock,Unlock,Unlock,Unlock,Unlock,Unlock,Unlock,
STR_COT_ESP_MODULE_MENU_PASTE_CODE,Set Code From Clipboard,Set Code From Clipboard,Set Code From Clipboard,Set Code From Clipboard,Set Code From Clipboard,Set Code From Clipboard,Set Code From Clipboard,Set Code From Clipboard,Set Code From Clipboard,Set Code From Clipboard,Set Code From Clipboard,Set Code From Clipboard,Set Code From Clipboard,Set Code From Clipboard,
STR_COT_ESP_MODULE_MENU_BUILD,Build,Build,Build,Build,Build,Build,Build,Build,Build,Build,Build,Build,Build,Build,
STR_COT_ESP_MODULE_MENU_DISMANTLE,Dismantle,Dismantle,Dismantle,Dismantle,Dismantle,Dismantle,Dismantle,Dismantle,Dismantle,Dismantle,Dismantle,Dismantle,Dismantle,Dismantle,
STR_COT_ESP_MODULE_MENU_REPAIR,Repair,Repair,Repair,Repair,Repair,Repair,Repair,Repair,Repair,Repair,Repair,Repair,Repair,Repair,
STR_COT_ESP_MODULE_LIST_LOCK,Hold the list still while you work in it,Hold the list still while you work in it,Hold the list still while you work in it,Hold the list still while you work in it,Hold the list still while you work in it,Hold the list still while you work in it,Hold the list still while you work in it,Hold the list still while you work in it,Hold the list still while you work in it,Hold the list still while you work in it,Hold the list still while you work in it,Hold the list still while you work in it,Hold the list still while you work in it,Hold the list still while you work in it,
STR_COT_ESP_MODULE_LIST_HELD,paused,paused,paused,paused,paused,paused,paused,paused,paused,paused,paused,paused,paused,paused,
STR_COT_OBJECT_MODULE_USE_RANGE_OFF,One exact value - click to randomise between a low and a high bound,One exact value - click to randomise between a low and a high bound,One exact value - click to randomise between a low and a high bound,One exact value - click to randomise between a low and a high bound,One exact value - click to randomise between a low and a high bound,One exact value - click to randomise between a low and a high bound,One exact value - click to randomise between a low and a high bound,One exact value - click to randomise between a low and a high bound,One exact value - click to randomise between a low and a high bound,One exact value - click to randomise between a low and a high bound,One exact value - click to randomise between a low and a high bound,One exact value - click to randomise between a low and a high bound,One exact value - click to randomise between a low and a high bound,One exact value - click to randomise between a low and a high bound,
STR_COT_OBJECT_MODULE_USE_RANGE_ON,Rolling each spawn between two bounds - click for one exact value,Rolling each spawn between two bounds - click for one exact value,Rolling each spawn between two bounds - click for one exact value,Rolling each spawn between two bounds - click for one exact value,Rolling each spawn between two bounds - click for one exact value,Rolling each spawn between two bounds - click for one exact value,Rolling each spawn between two bounds - click for one exact value,Rolling each spawn between two bounds - click for one exact value,Rolling each spawn between two bounds - click for one exact value,Rolling each spawn between two bounds - click for one exact value,Rolling each spawn between two bounds - click for one exact value,Rolling each spawn between two bounds - click for one exact value,Rolling each spawn between two bounds - click for one exact value,Rolling each spawn between two bounds - click for one exact value,
STR_COT_TELEPORT_UNDO,Undo Teleport,Undo Teleport,Undo Teleport,Undo Teleport,Undo Teleport,Undo Teleport,Undo Teleport,Undo Teleport,Undo Teleport,Undo Teleport,Undo Teleport,Undo Teleport,Undo Teleport,Undo Teleport,
STR_COT_PLAYER_MODULE_SECTION_TELEPORT_HISTORY,Teleport History,Teleport History,Teleport History,Teleport History,Teleport History,Teleport History,Teleport History,Teleport History,Teleport History,Teleport History,Teleport History,Teleport History,Teleport History,Teleport History,
STR_COT_TELEPORT_HISTORY_EMPTY,Nothing teleported this session,Nothing teleported this session,Nothing teleported this session,Nothing teleported this session,Nothing teleported this session,Nothing teleported this session,Nothing teleported this session,Nothing teleported this session,Nothing teleported this session,Nothing teleported this session,Nothing teleported this session,Nothing teleported this session,Nothing teleported this session,Nothing teleported this session,
STR_COT_TELEPORT_HISTORY_CLEAR,Forget every recorded position,Forget every recorded position,Forget every recorded position,Forget every recorded position,Forget every recorded position,Forget every recorded position,Forget every recorded position,Forget every recorded position,Forget every recorded position,Forget every recorded position,Forget every recorded position,Forget every recorded position,Forget every recorded position,Forget every recorded position,
STR_COT_TELEPORT_HISTORY_ROW_DESC,Send them back here and discard every step above it,Send them back here and discard every step above it,Send them back here and discard every step above it,Send them back here and discard every step above it,Send them back here and discard every step above it,Send them back here and discard every step above it,Send them back here and discard every step above it,Send them back here and discard every step above it,Send them back here and discard every step above it,Send them back here and discard every step above it,Send them back here and discard every step above it,Send them back here and discard every step above it,Send them back here and discard every step above it,Send them back here and discard every step above it,
STR_COT_TELEPORT_HISTORY_COPY,Copy this position to the clipboard,Copy this position to the clipboard,Copy this position to the clipboard,Copy this position to the clipboard,Copy this position to the clipboard,Copy this position to the clipboard,Copy this position to the clipboard,Copy this position to the clipboard,Copy this position to the clipboard,Copy this position to the clipboard,Copy this position to the clipboard,Copy this position to the clipboard,Copy this position to the clipboard,Copy this position to the clipboard,
STR_COT_TELEPORT_HISTORY_FOCUS,Show this position on the map above,Show this position on the map above,Show this position on the map above,Show this position on the map above,Show this position on the map above,Show this position on the map above,Show this position on the map above,Show this position on the map above,Show this position on the map above,Show this position on the map above,Show this position on the map above,Show this position on the map above,Show this position on the map above,Show this position on the map above,
STR_COT_TELEPORT_REDO,Redo Teleport,Redo Teleport,Redo Teleport,Redo Teleport,Redo Teleport,Redo Teleport,Redo Teleport,Redo Teleport,Redo Teleport,Redo Teleport,Redo Teleport,Redo Teleport,Redo Teleport,Redo Teleport,
STR_COT_ESP_MODULE_PAGE_WEAPON,Weapon,Weapon,Weapon,Weapon,Weapon,Weapon,Weapon,Weapon,Weapon,Weapon,Weapon,Weapon,Weapon,Weapon,
STR_COT_ESP_MODULE_PAGE_ATTACHMENTS,Attachments,Attachments,Attachments,Attachments,Attachments,Attachments,Attachments,Attachments,Attachments,Attachments,Attachments,Attachments,Attachments,Attachments,
STR_COT_ESP_MODULE_ATTACH_EMPTY,Empty,Empty,Empty,Empty,Empty,Empty,Empty,Empty,Empty,Empty,Empty,Empty,Empty,Empty,
STR_COT_ESP_MODULE_MENU_REMOVE,Remove,Remove,Remove,Remove,Remove,Remove,Remove,Remove,Remove,Remove,Remove,Remove,Remove,Remove,
STR_COT_ESP_MODULE_PAGE_FIRE,Fireplace,Fireplace,Fireplace,Fireplace,Fireplace,Fireplace,Fireplace,Fireplace,Fireplace,Fireplace,Fireplace,Fireplace,Fireplace,Fireplace,
STR_COT_ESP_MODULE_PAGE_SCALE,Scale,Scale,Scale,Scale,Scale,Scale,Scale,Scale,Scale,Scale,Scale,Scale,Scale,Scale,
STR_COT_ESP_MODULE_PAGE_PART_HEALTH,Set Health,Set Health,Set Health,Set Health,Set Health,Set Health,Set Health,Set Health,Set Health,Set Health,Set Health,Set Health,Set Health,Set Health,
STR_COT_ESP_MODULE_ACTION_JAMMED,Jammed,Jammed,Jammed,Jammed,Jammed,Jammed,Jammed,Jammed,Jammed,Jammed,Jammed,Jammed,Jammed,Jammed,
STR_COT_ESP_MODULE_MENU_CHAMBER,Chamber A Round,Chamber A Round,Chamber A Round,Chamber A Round,Chamber A Round,Chamber A Round,Chamber A Round,Chamber A Round,Chamber A Round,Chamber A Round,Chamber A Round,Chamber A Round,Chamber A Round,Chamber A Round,
STR_COT_ESP_MODULE_MENU_UNCHAMBER,Eject Chambered Round,Eject Chambered Round,Eject Chambered Round,Eject Chambered Round,Eject Chambered Round,Eject Chambered Round,Eject Chambered Round,Eject Chambered Round,Eject Chambered Round,Eject Chambered Round,Eject Chambered Round,Eject Chambered Round,Eject Chambered Round,Eject Chambered Round,
STR_COT_ESP_MODULE_MENU_LOAD_MAG,Attach Full Magazine,Attach Full Magazine,Attach Full Magazine,Attach Full Magazine,Attach Full Magazine,Attach Full Magazine,Attach Full Magazine,Attach Full Magazine,Attach Full Magazine,Attach Full Magazine,Attach Full Magazine,Attach Full Magazine,Attach Full Magazine,Attach Full Magazine,
STR_COT_ESP_MODULE_MENU_REFILL_MAG,Refill Magazine,Refill Magazine,Refill Magazine,Refill Magazine,Refill Magazine,Refill Magazine,Refill Magazine,Refill Magazine,Refill Magazine,Refill Magazine,Refill Magazine,Refill Magazine,Refill Magazine,Refill Magazine,
STR_COT_ESP_MODULE_MENU_IGNITE,Ignite,Ignite,Ignite,Ignite,Ignite,Ignite,Ignite,Ignite,Ignite,Ignite,Ignite,Ignite,Ignite,Ignite,
STR_COT_ESP_MODULE_MENU_EXTINGUISH,Extinguish,Extinguish,Extinguish,Extinguish,Extinguish,Extinguish,Extinguish,Extinguish,Extinguish,Extinguish,Extinguish,Extinguish,Extinguish,Extinguish,
STR_COT_ESP_MODULE_MENU_ADD_FUEL,Add Firewood,Add Firewood,Add Firewood,Add Firewood,Add Firewood,Add Firewood,Add Firewood,Add Firewood,Add Firewood,Add Firewood,Add Firewood,Add Firewood,Add Firewood,Add Firewood,
STR_COT_ESP_MODULE_MENU_COOK_ALL,Cook Everything,Cook Everything,Cook Everything,Cook Everything,Cook Everything,Cook Everything,Cook Everything,Cook Everything,Cook Everything,Cook Everything,Cook Everything,Cook Everything,Cook Everything,Cook Everything,
STR_COT_ESP_MODULE_ACTION_STONE_CIRCLE,Stone Circle,Stone Circle,Stone Circle,Stone Circle,Stone Circle,Stone Circle,Stone Circle,Stone Circle,Stone Circle,Stone Circle,Stone Circle,Stone Circle,Stone Circle,Stone Circle,
STR_COT_ESP_MODULE_ACTION_OVEN,Oven,Oven,Oven,Oven,Oven,Oven,Oven,Oven,Oven,Oven,Oven,Oven,Oven,Oven,
STR_COT_ESP_MODULE_MENU_LOCK_ALL,Lock Every Nearby Lock,Lock Every Nearby Lock,Lock Every Nearby Lock,Lock Every Nearby Lock,Lock Every Nearby Lock,Lock Every Nearby Lock,Lock Every Nearby Lock,Lock Every Nearby Lock,Lock Every Nearby Lock,Lock Every Nearby Lock,Lock Every Nearby Lock,Lock Every Nearby Lock,Lock Every Nearby Lock,Lock Every Nearby Lock,
STR_COT_ESP_MODULE_MENU_UNLOCK_ALL,Unlock Every Nearby Lock,Unlock Every Nearby Lock,Unlock Every Nearby Lock,Unlock Every Nearby Lock,Unlock Every Nearby Lock,Unlock Every Nearby Lock,Unlock Every Nearby Lock,Unlock Every Nearby Lock,Unlock Every Nearby Lock,Unlock Every Nearby Lock,Unlock Every Nearby Lock,Unlock Every Nearby Lock,Unlock Every Nearby Lock,Unlock Every Nearby Lock,
STR_COT_ESP_MODULE_MENU_MESSAGE,Message (from clipboard),Message (from clipboard),Message (from clipboard),Message (from clipboard),Message (from clipboard),Message (from clipboard),Message (from clipboard),Message (from clipboard),Message (from clipboard),Message (from clipboard),Message (from clipboard),Message (from clipboard),Message (from clipboard),Message (from clipboard),
STR_COT_ESP_MODULE_MENU_COPY_NAME,Copy Name,Copy Name,Copy Name,Copy Name,Copy Name,Copy Name,Copy Name,Copy Name,Copy Name,Copy Name,Copy Name,Copy Name,Copy Name,Copy Name,
STR_COT_ESP_MODULE_MENU_COPY_GUID,Copy GUID,Copy GUID,Copy GUID,Copy GUID,Copy GUID,Copy GUID,Copy GUID,Copy GUID,Copy GUID,Copy GUID,Copy GUID,Copy GUID,Copy GUID,Copy GUID,
STR_COT_ESP_MODULE_MENU_COPY_STEAM,Copy Steam64 ID,Copy Steam64 ID,Copy Steam64 ID,Copy Steam64 ID,Copy Steam64 ID,Copy Steam64 ID,Copy Steam64 ID,Copy Steam64 ID,Copy Steam64 ID,Copy Steam64 ID,Copy Steam64 ID,Copy Steam64 ID,Copy Steam64 ID,Copy Steam64 ID,
STR_COT_ESP_MODULE_NOTIFY_NO_MESSAGE,Clipboard is empty - copy the message first,Clipboard is empty - copy the message first,Clipboard is empty - copy the message first,Clipboard is empty - copy the message first,Clipboard is empty - copy the message first,Clipboard is empty - copy the message first,Clipboard is empty - copy the message first,Clipboard is empty - copy the message first,Clipboard is empty - copy the message first,Clipboard is empty - copy the message first,Clipboard is empty - copy the message first,Clipboard is empty - copy the message first,Clipboard is empty - copy the message first,Clipboard is empty - copy the message first,
STR_COT_PLAYER_MODULE_ACTION_CLEAR_CARGO,Clear Cargo,Clear Cargo,Clear Cargo,Clear Cargo,Clear Cargo,Clear Cargo,Clear Cargo,Clear Cargo,Clear Cargo,Clear Cargo,Clear Cargo,Clear Cargo,Clear Cargo,Clear Cargo,
STR_COT_ESP_MODULE_PAGE_FUEL,Fuel,Fuel,Fuel,Fuel,Fuel,Fuel,Fuel,Fuel,Fuel,Fuel,Fuel,Fuel,Fuel,Fuel,
STR_COT_ESP_MODULE_PAGE_COOLANT,Coolant,Coolant,Coolant,Coolant,Coolant,Coolant,Coolant,Coolant,Coolant,Coolant,Coolant,Coolant,Coolant,Coolant,
STR_COT_ESP_MODULE_PAGE_FLAG,Flag,Flag,Flag,Flag,Flag,Flag,Flag,Flag,Flag,Flag,Flag,Flag,Flag,Flag,
STR_COT_ESP_MODULE_MENU_REFUEL_ALL,Fill Every Fluid,Fill Every Fluid,Fill Every Fluid,Fill Every Fluid,Fill Every Fluid,Fill Every Fluid,Fill Every Fluid,Fill Every Fluid,Fill Every Fluid,Fill Every Fluid,Fill Every Fluid,Fill Every Fluid,Fill Every Fluid,Fill Every Fluid,
STR_COT_ESP_MODULE_MENU_FLAG_RAISED,Raised,Raised,Raised,Raised,Raised,Raised,Raised,Raised,Raised,Raised,Raised,Raised,Raised,Raised,
STR_COT_ESP_MODULE_MENU_FLAG_LOWERED,Lowered,Lowered,Lowered,Lowered,Lowered,Lowered,Lowered,Lowered,Lowered,Lowered,Lowered,Lowered,Lowered,Lowered,
STR_COT_ESP_MODULE_MENU_FILL_INTERNAL,Fill Internal Magazine,Fill Internal Magazine,Fill Internal Magazine,Fill Internal Magazine,Fill Internal Magazine,Fill Internal Magazine,Fill Internal Magazine,Fill Internal Magazine,Fill Internal Magazine,Fill Internal Magazine,Fill Internal Magazine,Fill Internal Magazine,Fill Internal Magazine,Fill Internal Magazine,
STR_COT_ESP_MODULE_MENU_BUILD_ALL,Build All Parts,Build All Parts,Build All Parts,Build All Parts,Build All Parts,Build All Parts,Build All Parts,Build All Parts,Build All Parts,Build All Parts,Build All Parts,Build All Parts,Build All Parts,Build All Parts,
STR_COT_ESP_MODULE_MENU_DISMANTLE_ALL,Dismantle All Parts,Dismantle All Parts,Dismantle All Parts,Dismantle All Parts,Dismantle All Parts,Dismantle All Parts,Dismantle All Parts,Dismantle All Parts,Dismantle All Parts,Dismantle All Parts,Dismantle All Parts,Dismantle All Parts,Dismantle All Parts,Dismantle All Parts,
STR_COT_ESP_MODULE_MENU_REPAIR_ALL,Repair All Parts,Repair All Parts,Repair All Parts,Repair All Parts,Repair All Parts,Repair All Parts,Repair All Parts,Repair All Parts,Repair All Parts,Repair All Parts,Repair All Parts,Repair All Parts,Repair All Parts,Repair All Parts,
STR_COT_ESP_MODULE_MENU_ARM_TRAP,Arm Trap,Arm Trap,Arm Trap,Arm Trap,Arm Trap,Arm Trap,Arm Trap,Arm Trap,Arm Trap,Arm Trap,Arm Trap,Arm Trap,Arm Trap,Arm Trap,
STR_COT_ESP_MODULE_MENU_DISARM_TRAP,Disarm Trap,Disarm Trap,Disarm Trap,Disarm Trap,Disarm Trap,Disarm Trap,Disarm Trap,Disarm Trap,Disarm Trap,Disarm Trap,Disarm Trap,Disarm Trap,Disarm Trap,Disarm Trap,
STR_COT_ESP_MODULE_ACTION_IMMOBILIZED,Immobilized,Immobilized,Immobilized,Immobilized,Immobilized,Immobilized,Immobilized,Immobilized,Immobilized,Immobilized,Immobilized,Immobilized,Immobilized,Immobilized,
STR_COT_ESP_MODULE_TT_TOGGLE_ESP,Toggle the ESP overlay on/off,Toggle the ESP overlay on/off,Zapnout/vypnout překryvnou vrstvu ESP,ESP-Overlay ein-/ausschalten,Включить/выключить оверлей ESP,Włącz/wyłącz nakładkę ESP,ESP overlay be- és kikapcsolása,Attiva/disattiva l'overlay ESP,Activar/desactivar la superposición ESP,Activer/désactiver la surcouche ESP,切換 ESP 疊加層開/關,ESPオーバーレイのオン/オフを切り替え,Ativar/desativar a sobreposição ESP,切换 ESP 叠加层开/关,
STR_COT_ESP_MODULE_TT_CLASS_FILTER,Only track objects whose classname contains this,Only track objects whose classname contains this,"Sledovat pouze objekty, jejichž název třídy toto obsahuje","Nur Objekte verfolgen, deren Klassenname dies enthält","Отслеживать только объекты, чьё имя класса содержит это","Śledź tylko obiekty, których nazwa klasy zawiera to","Csak azok az objektumok kövessék, amelyek osztálynevében ez szerepel",Traccia solo gli oggetti il cui nome classe contiene questo,Rastrear solo objetos cuyo nombre de clase contenga esto,Ne suivre que les objets dont le nom de classe contient ceci,僅追蹤類別名稱包含此內容的物件,このクラス名を含むオブジェクトのみ追跡します,Rastrear apenas objetos cujo nome de classe contenha isto,仅追踪类别名称包含此内容的对象,
STR_COT_ESP_MODULE_TT_CATEGORY_FILTER,Filter the category list below,Filter the category list below,Filtrovat seznam kategorií níže,Die Kategorieliste unten filtern,Отфильтровать список категорий ниже,Filtruj listę kategorii poniżej,Az alábbi kategórialista szűrése,Filtra l'elenco delle categorie sottostante,Filtrar la lista de categorías de abajo,Filtrer la liste des catégories ci-dessous,篩選下方的分類清單,下のカテゴリリストを絞り込みます,Filtrar a lista de categorias abaixo,筛选下方的分类列表,
STR_COT_ESP_MODULE_TT_ESP_SELECT_ALL,Enable every visible ESP category,Enable every visible ESP category,Povolit všechny viditelné kategorie ESP,Alle sichtbaren ESP-Kategorien aktivieren,Включить все видимые категории ESP,Włącz wszystkie widoczne kategorie ESP,Az összes látható ESP kategória bekapcsolása,Attiva tutte le categorie ESP visibili,Activar todas las categorías ESP visibles,Activer toutes les catégories ESP visibles,啟用所有可見的 ESP 分類,表示されているすべてのESPカテゴリを有効にします,Ativar todas as categorias ESP visíveis,启用所有可见的 ESP 分类,
STR_COT_ESP_MODULE_TT_ESP_DESELECT_ALL,Disable every visible ESP category,Disable every visible ESP category,Zakázat všechny viditelné kategorie ESP,Alle sichtbaren ESP-Kategorien deaktivieren,Отключить все видимые категории ESP,Wyłącz wszystkie widoczne kategorie ESP,Az összes látható ESP kategória kikapcsolása,Disattiva tutte le categorie ESP visibili,Desactivar todas las categorías ESP visibles,Désactiver toutes les catégories ESP visibles,停用所有可見的 ESP 分類,表示されているすべてのESPカテゴリを無効にします,Desativar todas as categorias ESP visíveis,停用所有可见的 ESP 分类,
STR_COT_ESP_MODULE_TT_OBJECT_SELECT_ALL,Select every visible object in the list,Select every visible object in the list,Vybrat všechny viditelné objekty v seznamu,Alle sichtbaren Objekte in der Liste auswählen,Выбрать все видимые объекты в списке,Zaznacz wszystkie widoczne obiekty na liście,A listában lévő összes látható objektum kijelölése,Seleziona tutti gli oggetti visibili nell'elenco,Seleccionar todos los objetos visibles de la lista,Sélectionner tous les objets visibles de la liste,選取清單中所有可見的物件,リスト内の表示されているすべてのオブジェクトを選択します,Selecionar todos os objetos visíveis na lista,选择列表中所有可见的对象,
STR_COT_ESP_MODULE_TT_OBJECT_DESELECT_ALL,Clear the current selection,Clear the current selection,Zrušit aktuální výběr,Aktuelle Auswahl aufheben,Очистить текущий выбор,Wyczyść bieżące zaznaczenie,Az aktuális kijelölés törlése,Cancella la selezione corrente,Borrar la selección actual,Effacer la sélection actuelle,清除目前選取項目,現在の選択をクリアします,Limpar a seleção atual,清除当前选择,
STR_COT_ESP_MODULE_TT_MOVE_TO_CURSOR,Move every selected object to your cursor position,Move every selected object to your cursor position,Přesunout všechny vybrané objekty na pozici kurzoru,Alle ausgewählten Objekte an die Cursorposition verschieben,Переместить все выбранные объекты в позицию курсора,Przenieś wszystkie zaznaczone obiekty do pozycji kursora,Az összes kijelölt objektum áthelyezése a kurzor pozíciójára,Sposta tutti gli oggetti selezionati sulla posizione del cursore,Mover todos los objetos seleccionados a la posición del cursor,Déplacer tous les objets sélectionnés à la position du curseur,將所有選取的物件移動到游標位置,選択したすべてのオブジェクトをカーソル位置に移動します,Mover todos os objetos selecionados para a posição do cursor,将所有选中的对象移动到光标位置,
STR_COT_ESP_MODULE_TT_DELETE_SELECTED,Delete every selected object from the world,Delete every selected object from the world,Odstranit všechny vybrané objekty ze světa,Alle ausgewählten Objekte aus der Welt löschen,Удалить все выбранные объекты из мира,Usuń wszystkie zaznaczone obiekty ze świata,Az összes kijelölt objektum törlése a világból,Elimina dal mondo tutti gli oggetti selezionati,Eliminar del mundo todos los objetos seleccionados,Supprimer du monde tous les objets sélectionnés,從世界中刪除所有選取的物件,選択したすべてのオブジェクトをワールドから削除します,Excluir do mundo todos os objetos selecionados,从世界中删除所有选中的对象,
STR_COT_ESP_MODULE_TT_EXPORT_SELECTED,Copy the selected objects to the clipboard in the chosen format,Copy the selected objects to the clipboard in the chosen format,Zkopírovat vybrané objekty do schránky ve zvoleném formátu,Ausgewählte Objekte im gewählten Format in die Zwischenablage kopieren,Скопировать выбранные объекты в буфер обмена в выбранном формате,Skopiuj zaznaczone obiekty do schowka w wybranym formacie,A kijelölt objektumok másolása a vágólapra a kiválasztott formátumban,Copia gli oggetti selezionati negli appunti nel formato scelto,Copiar los objetos seleccionados al portapapeles en el formato elegido,Copier les objets sélectionnés dans le presse-papiers au format choisi,以所選格式將選取的物件複製到剪貼簿,選択したオブジェクトを選んだ形式でクリップボードにコピーします,Copiar os objetos selecionados para a área de transferência no formato escolhido,以所选格式将选中的对象复制到剪贴板,
STR_COT_ESP_MODULE_TT_OBJECT_FILTER,Filter the tracked object list by name or classname,Filter the tracked object list by name or classname,Filtrovat seznam sledovaných objektů podle názvu nebo třídy,Die Liste der verfolgten Objekte nach Name oder Klassenname filtern,Отфильтровать список отслеживаемых объектов по имени или классу,Filtruj listę śledzonych obiektów według nazwy lub klasy,A követett objektumok listájának szűrése név vagy osztálynév alapján,Filtra l'elenco degli oggetti tracciati per nome o nome classe,Filtrar la lista de objetos rastreados por nombre o clase,Filtrer la liste des objets suivis par nom ou nom de classe,依名稱或類別名稱篩選追蹤物件清單,追跡対象オブジェクトのリストを名前またはクラス名で絞り込みます,Filtrar a lista de objetos rastreados por nome ou classe,按名称或类别名称筛选追踪对象列表,
STR_COT_ESP_MODULE_TT_USE_CLASSNAME,What each overlay tag is named after,What each overlay tag is named after,Podle čeho je pojmenován každý štítek překryvu,Wonach jede Overlay-Beschriftung benannt wird,По чему называется каждая метка оверлея,Według czego nazywana jest każda etykieta nakładki,Mi alapján legyen elnevezve az egyes overlay címkék,In base a cosa viene nominata ciascuna etichetta dell'overlay,Según qué se nombra cada etiqueta de la superposición,Ce d'après quoi chaque étiquette de surcouche est nommée,每個疊加標籤的命名依據,各オーバーレイタグの名前の元になるもの,O que nomeia cada etiqueta da sobreposição,每个叠加标签的命名依据,
STR_COT_ESP_MODULE_TT_AUTO_REFRESH,Keep rescanning at the interval beside this,Keep rescanning at the interval beside this,Neustále znovu skenovat v intervalu vedle tohoto,Ständig im daneben angegebenen Intervall neu scannen,"Постоянно пересканировать с интервалом, указанным рядом",Skanuj ponownie w interwale podanym obok,Folyamatos újraszkennelés az itt megadott időközönként,Continua a ripetere la scansione all'intervallo indicato accanto,Seguir reescaneando en el intervalo indicado al lado,Continuer à réanalyser à l'intervalle indiqué à côté,以旁邊設定的間隔持續重新掃描,隣で指定した間隔で再スキャンし続けます,Continuar reescaneando no intervalo indicado ao lado,以旁边设定的间隔持续重新扫描,
STR_COT_ESP_MODULE_TT_DISABLE_SAFETY,Bypass the 'too many results' safety limit on filters,Bypass the 'too many results' safety limit on filters,Obejít bezpečnostní limit filtrů 'příliš mnoho výsledků',Die Sicherheitsgrenze 'zu viele Ergebnisse' bei Filtern umgehen,Обойти лимит безопасности фильтров «слишком много результатов»,Omiń limit bezpieczeństwa filtrów 'zbyt wiele wyników',A szűrők 'túl sok találat' biztonsági korlátjának megkerülése,Ignora il limite di sicurezza 'troppi risultati' dei filtri,Omitir el límite de seguridad 'demasiados resultados' de los filtros,Contourner la limite de sécurité 'trop de résultats' des filtres,略過篩選器「結果過多」的安全限制,フィルターの「結果が多すぎます」安全制限を無視します,Ignorar o limite de segurança 'muitos resultados' dos filtros,跳过筛选器“结果过多”的安全限制,
STR_COT_ESP_MODULE_TT_RESET_COLOURS,Put every category back to its default overlay colour,Put every category back to its default overlay colour,Vrátit všem kategoriím výchozí barvu překryvu,Jede Kategorie auf ihre Standard-Overlay-Farbe zurücksetzen,Вернуть всем категориям исходный цвет оверлея,Przywróć wszystkim kategoriom domyślny kolor nakładki,Minden kategória visszaállítása az alapértelmezett overlay színre,Ripristina il colore predefinito dell'overlay per ogni categoria,Restablecer el color de superposición predeterminado de cada categoría,Réinitialiser chaque catégorie à sa couleur de surcouche par défaut,將所有分類還原為預設疊加顏色,すべてのカテゴリを既定のオーバーレイ色に戻します,Restaurar a cor de sobreposição padrão de cada categoria,将所有分类还原为默认叠加颜色,
STR_COT_ESP_MODULE_EXPORT_RAW,Raw,Raw,Surová data,Roh,Необработанный,Surowe,Nyers,Grezzo,Sin procesar,Brut,原始,生データ,Bruto,原始,
STR_COT_ESP_MODULE_EXPORT_SPAWNABLETYPES,SpawnableTypes,SpawnableTypes,SpawnableTypes,SpawnableTypes,SpawnableTypes,SpawnableTypes,SpawnableTypes,SpawnableTypes,SpawnableTypes,SpawnableTypes,SpawnableTypes,SpawnableTypes,SpawnableTypes,SpawnableTypes,
STR_COT_ESP_MODULE_EXPORT_EXP_MARKET,Exp Market,Exp Market,Exp Market,Exp Market,Exp Market (Рынок),Exp Market,Exp Market,Exp Market,Exp Market,Exp Market,Exp Market,Exp Market,Exp Market,Exp Market,
STR_COT_ESP_MODULE_EXPORT_EXP_LOADOUT,Exp Loadout,Exp Loadout,Exp Loadout,Exp Loadout,Exp Loadout (Экипировка),Exp Loadout,Exp Loadout,Exp Loadout,Exp Loadout,Exp Loadout,Exp Loadout,Exp Loadout,Exp Loadout,Exp Loadout,
STR_COT_ESP_MODULE_MESSAGE_PROMPT,Enter message for,Enter message for,Zadejte zprávu pro,Nachricht eingeben für,Введите сообщение для,Wpisz wiadomość dla,Adja meg az üzenetet ehhez:,Inserisci il messaggio per,Introduce el mensaje para,Saisissez le message pour,輸入訊息給,メッセージを入力してください：,Digite a mensagem para,输入消息给,
STR_COT_ESP_MODULE_MENU_LIQUID_NONE,None,None,Žádná,Keine,Нет,Brak,Nincs,Nessuno,Ninguno,Aucun,無,なし,Nenhum,无,
STR_COT_ESP_MODULE_VIEW_TYPE_Infected,Infected,Infected,Nakažení,Infizierte,Зомби,Zainfekowani,Fertőzöttek,Infetti,Infectados,Infectés,感染者,感染者,Infectados,感染者,
STR_COT_ESP_MODULE_VIEW_TYPE_Animal,Animal,Animal,Zvíře,Tier,Животное,Zwierzę,Állat,Animale,Animal,Animal,動物,動物,Animal,动物,
STR_COT_ESP_MODULE_VIEW_TYPE_Car,Car,Car,Auto,Auto,Автомобиль,Samochód,Autó,Auto,Coche,Voiture,汽車,車,Carro,汽车,
STR_COT_ESP_MODULE_VIEW_TYPE_Boat,Boat,Boat,Loď,Boot,Лодка,Łódź,Csónak,Barca,Barco,Bateau,船,ボート,Barco,船,
STR_COT_ESP_MODULE_VIEW_TYPE_Weapons,Weapons,Weapons,Zbraně,Waffen,Оружие,Broń,Fegyverek,Armi,Armas,Armes,武器,武器,Armas,武器,
STR_COT_ESP_MODULE_VIEW_TYPE_Archery,Archery,Archery,Lukostřelba,Bogenwaffen,Лучное оружие,Łucznictwo,Íjászat,Tiro con l'arco,Tiro con arco,Archerie,弓箭,アーチェリー,Arco e flecha,弓箭,
STR_COT_ESP_MODULE_VIEW_TYPE_Bolt_Rifles,Bolt Rifles,Bolt Rifles,Opakovací pušky,Repetiergewehre,Винтовки с затвором,Karabiny powtarzalne,Ismétlőpuskák,Fucili a otturatore,Rifles de cerrojo,Fusils à verrou,栓動步槍,ボルトライフル,Rifles de ferrolho,栓动步枪,
STR_COT_ESP_MODULE_VIEW_TYPE_Bolt_Action_Rifles,Bolt Action Rifles,Bolt Action Rifles,Kulovnice,Repetierbüchsen,Магазинные винтовки,Karabiny snajperskie,Golyós puskák,Fucili a otturatore girevole,Rifles de cerrojo giratorio,Fusils à verrou rotatif,旋轉槍機步槍,ボルトアクションライフル,Rifles de ferrolho giratório,旋转枪机步枪,
STR_COT_ESP_MODULE_VIEW_TYPE_Rifles,Rifles,Rifles,Pušky,Gewehre,Винтовки,Karabinki,Puskák,Fucili,Rifles,Fusils,步槍,ライフル,Rifles,步枪,
STR_COT_ESP_MODULE_VIEW_TYPE_Pistols,Pistols,Pistols,Pistole,Pistolen,Пистолеты,Pistolety,Pisztolyok,Pistole,Pistolas,Pistolets,手槍,ピストル,Pistolas,手枪,
STR_COT_ESP_MODULE_VIEW_TYPE_Launchers,Launchers,Launchers,Odpalovací zařízení,Werfer,Гранатомёты,Wyrzutnie,Indítók,Lanciarazzi,Lanzadores,Lance-roquettes,發射器,ランチャー,Lançadores,发射器,
STR_COT_ESP_MODULE_VIEW_TYPE_Items,Items,Items,Předměty,Gegenstände,Предметы,Przedmioty,Tárgyak,Oggetti,Objetos,Objets,物品,アイテム,Itens,物品,
STR_COT_ESP_MODULE_VIEW_TYPE_Unknown_Items,Unknown Items,Unknown Items,Neznámé předměty,Unbekannte Gegenstände,Неизвестные предметы,Nieznane przedmioty,Ismeretlen tárgyak,Oggetti sconosciuti,Objetos desconocidos,Objets inconnus,未知物品,不明なアイテム,Itens desconhecidos,未知物品,
STR_COT_ESP_MODULE_VIEW_TYPE_Tents,Tents,Tents,Stany,Zelte,Палатки,Namioty,Sátrak,Tende,Tiendas,Tentes,帳篷,テント,Tendas,帐篷,
STR_COT_ESP_MODULE_VIEW_TYPE_Base_Building,Base Building,Base Building,Stavba základny,Basisbau,Строительство базы,Budowa bazy,Bázisépítés,Costruzione base,Construcción de base,Construction de base,基地建築,拠点建築,Construção de base,基地建筑,
STR_COT_ESP_MODULE_VIEW_TYPE_Food,Food,Food,Jídlo,Essen,Еда,Jedzenie,Élelem,Cibo,Comida,Nourriture,食物,食料,Comida,食物,
STR_COT_ESP_MODULE_VIEW_TYPE_Explosives,Explosives,Explosives,Výbušniny,Sprengstoffe,Взрывчатка,Materiały wybuchowe,Robbanóanyagok,Esplosivi,Explosivos,Explosifs,爆裂物,爆発物,Explosivos,爆炸物,
STR_COT_ESP_MODULE_VIEW_TYPE_Books,Books,Books,Knihy,Bücher,Книги,Książki,Könyvek,Libri,Libros,Livres,書籍,本,Livros,书籍,
STR_COT_ESP_MODULE_VIEW_TYPE_Containers,Containers,Containers,Kontejnery,Behälter,Контейнеры,Kontenery,Tárolók,Contenitori,Contenedores,Conteneurs,容器,コンテナ,Recipientes,容器,
STR_COT_ESP_MODULE_VIEW_TYPE_Transmitters,Transmitters,Transmitters,Vysílačky,Sender,Передатчики,Nadajniki,Adók,Trasmettitori,Transmisores,Émetteurs,發報器,送信機,Transmissores,发报器,
STR_COT_ESP_MODULE_VIEW_TYPE_Clothing,Clothing,Clothing,Oblečení,Kleidung,Одежда,Odzież,Ruházat,Abbigliamento,Ropa,Vêtements,服裝,衣類,Roupas,服装,
STR_COT_ESP_MODULE_VIEW_TYPE_Magazines,Magazines,Magazines,Zásobníky,Magazine,Магазины,Magazynki,Tárak,Caricatori,Cargadores,Chargeurs,彈匣,マガジン,Carregadores,弹匣,
STR_COT_ESP_MODULE_VIEW_TYPE_Ammo,Ammo,Ammo,Munice,Munition,Патроны,Amunicja,Lőszer,Munizioni,Munición,Munitions,彈藥,弾薬,Munição,弹药,
STR_COT_ESP_MODULE_VIEW_TYPE_Wood_Sources,Wood Sources,Wood Sources,Zdroje dřeva,Holzquellen,Источники древесины,Źródła drewna,Fa források,Fonti di legno,Fuentes de madera,Sources de bois,木材來源,木材の供給源,Fontes de madeira,木材来源,
STR_COT_OBJECT_MODULE_REJECT_SCOPE,exists but has scope < 2 (private/modder-only). Enable 'Show Unsafe' to reveal it.,exists but has scope < 2 (private/modder-only). Enable 'Show Unsafe' to reveal it.,"existuje, ale má scope < 2 (soukromý/pouze pro moddery). Zapněte 'Zobrazit nebezpečné' pro odhalení.","existiert, hat aber Scope < 2 (privat/nur für Modder). Aktiviere 'Unsichere anzeigen', um es sichtbar zu machen.","существует, но имеет scope < 2 (приватный/только для моддеров). Включите 'Показать небезопасные', чтобы увидеть его.","istnieje, ale ma scope < 2 (prywatny/tylko dla modderów). Włącz 'Pokaż niebezpieczne', aby go ujawnić.","létezik, de a scope < 2 (privát/csak moddereknek). Kapcsold be a 'Nem biztonságosak megjelenítése' opciót a felfedéséhez.",esiste ma ha scope < 2 (privato/solo per modder). Attiva 'Mostra non sicuri' per rivelarlo.,existe pero tiene scope < 2 (privado/solo para modders). Activa 'Mostrar no seguros' para revelarlo.,existe mais a un scope < 2 (privé/réservé aux moddeurs). Activez 'Afficher les non sûrs' pour le révéler.,存在但範圍 (scope) < 2（私有/僅限模組作者）。啟用「顯示不安全項目」以顯示它。,存在しますが scope < 2（プライベート/モッダー専用）です。「安全でない項目を表示」を有効にすると表示されます。,existe mas tem scope < 2 (privado/apenas para modders). Ative 'Mostrar inseguros' para revelá-lo.,存在但范围 (scope) < 2（私有/仅限模组作者）。启用“显示不安全项目”以显示它。,
STR_COT_OBJECT_MODULE_REJECT_NO_MODEL,exists but has no valid model and cannot be spawned.,exists but has no valid model and cannot be spawned.,"existuje, ale nemá platný model a nelze jej vytvořit.","existiert, hat aber kein gültiges Modell und kann nicht gespawnt werden.","существует, но не имеет корректной модели и не может быть заспавнен.","istnieje, ale nie ma poprawnego modelu i nie może zostać zespawnowany.","létezik, de nincs érvényes modellje, ezért nem spawnolható.",esiste ma non ha un modello valido e non può essere generato.,existe pero no tiene un modelo válido y no se puede generar.,existe mais n'a pas de modèle valide et ne peut pas être généré.,存在但沒有有效模型，無法生成。,存在しますが有効なモデルがなく、スポーンできません。,existe mas não tem um modelo válido e não pode ser gerado.,存在但没有有效模型，无法生成。,
STR_COT_OBJECT_MODULE_REJECT_BLACKLISTED,is on the spawner blacklist. Enable 'Show Unsafe' to bypass it.,is on the spawner blacklist. Enable 'Show Unsafe' to bypass it.,je na černé listině spawneru. Zapněte 'Zobrazit nebezpečné' pro obejití.,"steht auf der Spawner-Blacklist. Aktiviere 'Unsichere anzeigen', um sie zu umgehen.","находится в чёрном списке спавнера. Включите 'Показать небезопасные', чтобы обойти его.","znajduje się na czarnej liście spawnera. Włącz 'Pokaż niebezpieczne', aby to ominąć.",szerepel a spawner feketelistáján. Kapcsold be a 'Nem biztonságosak megjelenítése' opciót a megkerüléséhez.,è nella blacklist dello spawner. Attiva 'Mostra non sicuri' per aggirarla.,está en la lista negra del generador. Activa 'Mostrar no seguros' para omitirla.,figure sur la liste noire du spawner. Activez 'Afficher les non sûrs' pour la contourner.,在生成器黑名單中。啟用「顯示不安全項目」以繞過此限制。,スポナーのブラックリストに登録されています。「安全でない項目を表示」を有効にすると回避できます。,está na lista negra do gerador. Ative 'Mostrar inseguros' para contorná-la.,在生成器黑名单中。启用“显示不安全项目”以绕过此限制。,
STR_COT_PLAYER_MODULE_TT_ADVANCED_FILTERS,Advanced filters,Advanced filters,Pokročilé filtry,Erweiterte Filter,Расширенные фильтры,Filtry zaawansowane,Speciális szűrők,Filtri avanzati,Filtros avanzados,Filtres avancés,進階篩選,詳細フィルター,Filtros avançados,高级筛选,
STR_COT_PLAYER_MODULE_BLEED_PART_ALL,All,All,Vše,Alle,Все,Wszystkie,Mind,Tutte,Todo,Tout,全部,すべて,Todos,全部,
STR_COT_PLAYER_MODULE_BLEED_PART_HEAD,Head,Head,Hlava,Kopf,Голова,Głowa,Fej,Testa,Cabeza,Tête,頭部,頭,Cabeça,头部,
STR_COT_PLAYER_MODULE_BLEED_PART_TORSO,Torso,Torso,Trup,Rumpf,Торс,Tułów,Törzs,Torso,Torso,Torse,軀幹,胴体,Torso,躯干,
STR_COT_PLAYER_MODULE_BLEED_PART_LEFT_ARM,Left Arm,Left Arm,Levá paže,Linker Arm,Левая рука,Lewa ręka,Bal kar,Braccio sinistro,Brazo izquierdo,Bras gauche,左臂,左腕,Braço esquerdo,左臂,
STR_COT_PLAYER_MODULE_BLEED_PART_RIGHT_ARM,Right Arm,Right Arm,Pravá paže,Rechter Arm,Правая рука,Prawa ręka,Jobb kar,Braccio destro,Brazo derecho,Bras droit,右臂,右腕,Braço direito,右臂,
STR_COT_PLAYER_MODULE_BLEED_PART_LEFT_LEG,Left Leg,Left Leg,Levá noha,Linkes Bein,Левая нога,Lewa noga,Bal láb,Gamba sinistra,Pierna izquierda,Jambe gauche,左腿,左脚,Perna esquerda,左腿,
STR_COT_PLAYER_MODULE_BLEED_PART_RIGHT_LEG,Right Leg,Right Leg,Pravá noha,Rechtes Bein,Правая нога,Prawa noga,Jobb láb,Gamba destra,Pierna derecha,Jambe droite,右腿,右脚,Perna direita,右腿,
STR_COT_PLAYER_MODULE_BLEED_PART_LEFT_FOOT,Left Foot,Left Foot,Levé chodidlo,Linker Fuß,Левая ступня,Lewa stopa,Bal láb (talp),Piede sinistro,Pie izquierdo,Pied gauche,左腳,左足,Pé esquerdo,左脚,
STR_COT_PLAYER_MODULE_BLEED_PART_RIGHT_FOOT,Right Foot,Right Foot,Pravé chodidlo,Rechter Fuß,Правая ступня,Prawa stopa,Jobb láb (talp),Piede destro,Pie derecho,Pied droit,右腳,右足,Pé direito,右脚,
STR_COT_PLAYER_MODULE_FILTER_SHOW_DEAD,Show dead,Show dead,Zobrazit mrtvé,Tote anzeigen,Показать мёртвых,Pokaż martwych,Halottak megjelenítése,Mostra morti,Mostrar muertos,Afficher les morts,顯示死亡玩家,死亡プレイヤーを表示,Mostrar mortos,显示死亡玩家,
STR_COT_PLAYER_MODULE_FILTER_SHOW_UNCON,Show unconscious,Show unconscious,Zobrazit v bezvědomí,Bewusstlose anzeigen,Показать без сознания,Pokaż nieprzytomnych,Eszméletlenek megjelenítése,Mostra svenuti,Mostrar inconscientes,Afficher les inconscients,顯示昏迷玩家,気絶しているプレイヤーを表示,Mostrar inconscientes,显示昏迷玩家,
STR_COT_PLAYER_MODULE_FILTER_SHOW_HURT,Show hurt,Show hurt,Zobrazit zraněné,Verletzte anzeigen,Показать раненых,Pokaż rannych,Sérültek megjelenítése,Mostra feriti,Mostrar heridos,Afficher les blessés,顯示受傷玩家,負傷しているプレイヤーを表示,Mostrar feridos,显示受伤玩家,
STR_COT_PLAYER_MODULE_FILTER_SHOW_SICK,Show sick,Show sick,Zobrazit nemocné,Kranke anzeigen,Показать больных,Pokaż chorych,Betegek megjelenítése,Mostra malati,Mostrar enfermos,Afficher les malades,顯示患病玩家,病気のプレイヤーを表示,Mostrar doentes,显示患病玩家,
STR_COT_PLAYER_MODULE_FILTER_SHOW_ADMINS,Show admins,Show admins,Zobrazit administrátory,Admins anzeigen,Показать администраторов,Pokaż administratorów,Adminok megjelenítése,Mostra admin,Mostrar administradores,Afficher les admins,顯示管理員,管理者を表示,Mostrar administradores,显示管理员,
STR_COT_PLAYER_MODULE_FILTER_SHOW_CHEATERS,Show cheaters,Show cheaters,Zobrazit podvodníky,Cheater anzeigen,Показать читеров,Pokaż oszustów,Csalók megjelenítése,Mostra imbroglioni,Mostrar tramposos,Afficher les tricheurs,顯示作弊者,チーターを表示,Mostrar trapaceiros,显示作弊者,
STR_COT_PLAYER_MODULE_CANT_KICK_SELF,You can't kick yourself,You can't kick yourself,Nemůžete vykopnout sami sebe,Du kannst dich nicht selbst kicken,Вы не можете кикнуть самого себя,Nie możesz wyrzucić samego siebie,Nem rúghatod ki magad,Non puoi espellere te stesso,No puedes expulsarte a ti mismo,Vous ne pouvez pas vous exclure vous-même,您無法踢出自己,自分自身をキックすることはできません,Você não pode expulsar a si mesmo,您无法踢出自己,
STR_COT_PLAYER_MODULE_CANT_BAN_SELF,You can't ban yourself,You can't ban yourself,Nemůžete zabanovat sami sebe,Du kannst dich nicht selbst bannen,Вы не можете забанить самого себя,Nie możesz zbanować samego siebie,Nem tilthatod ki magad,Non puoi bannare te stesso,No puedes banearte a ti mismo,Vous ne pouvez pas vous bannir vous-même,您無法封鎖自己,自分自身をBANすることはできません,Você não pode banir a si mesmo,您无法封禁自己,
STR_COT_PLAYER_MODULE_CANT_BAN_ADMINS,You can't ban admins,You can't ban admins,Nemůžete zabanovat administrátory,Du kannst keine Admins bannen,Вы не можете забанить администраторов,Nie możesz zbanować administratorów,Nem tilthatod ki az adminokat,Non puoi bannare gli admin,No puedes banear a los administradores,Vous ne pouvez pas bannir des admins,您無法封鎖管理員,管理者をBANすることはできません,Você não pode banir administradores,您无法封禁管理员,
STR_COT_PLAYER_MODULE_CANT_SPECTATE_SELF,You can't spectate yourself,You can't spectate yourself,Nemůžete sledovat sami sebe,Du kannst dich nicht selbst beobachten,Вы не можете наблюдать за самим собой,Nie możesz obserwować samego siebie,Nem figyelheted meg magad,Non puoi osservare te stesso,No puedes ver la partida como espectador de ti mismo,Vous ne pouvez pas vous observer vous-même,您無法觀戰自己,自分自身を観戦することはできません,Você não pode espectar a si mesmo,您无法观战自己,
STR_COT_PLAYER_MODULE_DISEASE_NAME_CHOLERA,Cholera,Cholera,Cholera,Cholera,Холера,Cholera,Kolera,Colera,Cólera,Choléra,霍亂,コレラ,Cólera,霍乱,
STR_COT_PLAYER_MODULE_DISEASE_NAME_INFLUENZA,Influenza,Influenza,Chřipka,Grippe,Грипп,Grypa,Influenza,Influenza,Gripe,Grippe,流行性感冒,インフルエンザ,Gripe,流行性感冒,
STR_COT_PLAYER_MODULE_DISEASE_NAME_SALMONELLA,Salmonella,Salmonella,Salmonela,Salmonellen,Сальмонеллёз,Salmonella,Szalmonella,Salmonella,Salmonela,Salmonelle,沙門氏菌,サルモネラ菌,Salmonela,沙门氏菌,
STR_COT_PLAYER_MODULE_DISEASE_NAME_BRAIN_KURU,Brain (Kuru),Brain (Kuru),Mozek (Kuru),Gehirn (Kuru),Мозг (Куру),Mózg (Kuru),Agy (Kuru),Cervello (Kuru),Cerebro (Kuru),Cerveau (Kuru),腦部（庫魯病）,脳（クールー病）,Cérebro (Kuru),脑部（库鲁病）,
STR_COT_PLAYER_MODULE_DISEASE_NAME_FOOD_POISONING,Food Poisoning,Food Poisoning,Otrava jídlem,Lebensmittelvergiftung,Пищевое отравление,Zatrucie pokarmowe,Ételmérgezés,Intossicazione alimentare,Intoxicación alimentaria,Intoxication alimentaire,食物中毒,食中毒,Intoxicação alimentar,食物中毒,
STR_COT_PLAYER_MODULE_DISEASE_NAME_CHEMICAL_POISONING,Chemical Poisoning,Chemical Poisoning,Chemická otrava,Chemische Vergiftung,Химическое отравление,Zatrucie chemiczne,Vegyi mérgezés,Avvelenamento chimico,Envenenamiento químico,Empoisonnement chimique,化學中毒,化学中毒,Envenenamento químico,化学中毒,
STR_COT_PLAYER_MODULE_DISEASE_NAME_WOUND_INFECTION,Wound Infection,Wound Infection,Infekce rány,Wundinfektion,Инфекция раны,Zakażenie rany,Sebfertőzés,Infezione della ferita,Infección de herida,Infection de plaie,傷口感染,傷口感染,Infecção de ferimento,伤口感染,
STR_COT_PLAYER_MODULE_DISEASE_NAME_NERVE_AGENT,Nerve Agent,Nerve Agent,Nervový plyn,Nervengift,Нервно-паралитическое вещество,Środek paralityczno-drgawkowy,Idegméreg,Agente nervino,Agente nervioso,Agent neurotoxique,神經毒劑,神経剤,Agente nervoso,神经毒剂,
STR_COT_PLAYER_MODULE_DISEASE_NAME_HEAVY_METAL_POISONING,Heavy Metal Poisoning,Heavy Metal Poisoning,Otrava těžkými kovy,Schwermetallvergiftung,Отравление тяжёлыми металлами,Zatrucie metalami ciężkimi,Nehézfém-mérgezés,Avvelenamento da metalli pesanti,Envenenamiento por metales pesados,Empoisonnement aux métaux lourds,重金屬中毒,重金属中毒,Envenenamento por metais pesados,重金属中毒,
STR_COT_PLAYER_MODULE_SPECTATE_BLOCKED_VEHICLE,Cannot spectate while in a vehicle. Please leave the vehicle first.,Cannot spectate while in a vehicle. Please leave the vehicle first.,Během jízdy ve vozidle nelze sledovat. Nejprve prosím vystupte z vozidla.,Beobachten ist in einem Fahrzeug nicht möglich. Bitte verlasse zuerst das Fahrzeug.,"Нельзя наблюдать, находясь в транспорте. Сначала покиньте транспорт.",Nie można obserwować podczas jazdy pojazdem. Najpierw opuść pojazd.,"Járműben ülve nem lehet megfigyelni. Kérjük, először szállj ki a járműből.",Impossibile osservare mentre si è in un veicolo. Esci prima dal veicolo.,No se puede espectar mientras se está en un vehículo. Sal primero del vehículo.,Impossible d'observer en étant dans un véhicule. Veuillez d'abord sortir du véhicule.,在載具中無法觀戰，請先離開載具。,車両に乗っている間は観戦できません。先に車両から降りてください。,Não é possível espectar enquanto estiver em um veículo. Saia do veículo primeiro.,在载具中无法观战，请先离开载具。,
STR_COT_PLAYER_MODULE_SPECTATE_OFFLINE_UNAVAILABLE,Spectating a player is not possible in offline mode!,Spectating a player is not possible in offline mode!,Sledování hráče není v offline režimu možné!,Das Beobachten eines Spielers ist im Offline-Modus nicht möglich!,Наблюдение за игроком невозможно в офлайн-режиме!,Obserwowanie gracza nie jest możliwe w trybie offline!,Offline módban nem lehet megfigyelni egy játékost!,Non è possibile osservare un giocatore in modalità offline!,¡No es posible espectar a un jugador en modo sin conexión!,Impossible d'observer un joueur en mode hors ligne !,離線模式下無法觀戰玩家！,オフラインモードではプレイヤーを観戦できません！,Não é possível espectar um jogador no modo offline!,离线模式下无法观战玩家！,
STR_COT_PLAYER_MODULE_SPECTATE_STOPPING,Stopping spectating...,Stopping spectating...,Ukončování sledování...,Beobachten wird beendet...,Остановка наблюдения...,Zatrzymywanie obserwacji...,Megfigyelés leállítása...,Interruzione dell'osservazione...,Deteniendo espectación...,Arrêt de l'observation...,正在停止觀戰...,観戦を停止しています...,Parando de espectar...,正在停止观战...,
STR_COT_PLAYER_MODULE_SPECTATE_STOPPED,Stopped spectating,Stopped spectating,Sledování ukončeno,Beobachten beendet,Наблюдение остановлено,Zatrzymano obserwację,Megfigyelés leállítva,Osservazione interrotta,Espectación detenida,Observation arrêtée,已停止觀戰,観戦を停止しました,Parou de espectar,已停止观战,
STR_COT_PLAYER_MODULE_SPECTATE_STOPPED_HINT,"Stopped spectating. In case your 3rd person camera or collision is broken, use the 'Sit Crossed' emote to fix it.","Stopped spectating. In case your 3rd person camera or collision is broken, use the 'Sit Crossed' emote to fix it.","Sledování ukončeno. Pokud je vaše kamera třetí osoby nebo kolize poškozená, použijte emotu 'Sedět se zkříženýma nohama' k opravě.","Beobachten beendet. Falls deine Third-Person-Kamera oder Kollision fehlerhaft ist, benutze die 'Im Schneidersitz sitzen'-Emote, um es zu beheben.","Наблюдение остановлено. Если камера от третьего лица или коллизия сломаны, используйте эмоцию 'Сидеть скрестив ноги', чтобы исправить это.","Zatrzymano obserwację. Jeśli kamera trzecioosobowa lub kolizja są uszkodzone, użyj emotki 'Siedzenie po turecku', aby to naprawić.","Megfigyelés leállítva. Ha a harmadik személyű kamerád vagy az ütközésed elromlott, használd a 'Törökülés' emote-ot a javításhoz.","Osservazione interrotta. Se la telecamera in terza persona o le collisioni non funzionano, usa l'emote 'Seduto a gambe incrociate' per risolverlo.","Espectación detenida. Si tu cámara en tercera persona o la colisión están rotas, usa la emoción 'Sentado con las piernas cruzadas' para solucionarlo.","Observation arrêtée. Si votre caméra à la troisième personne ou vos collisions sont cassées, utilisez l'émote 'Assis en tailleur' pour corriger cela.",已停止觀戰。若第三人稱鏡頭或碰撞異常，請使用「盤腿坐」表情來修復。,観戦を停止しました。三人称視点カメラや当たり判定がおかしい場合は、「あぐらをかいて座る」エモートを使うと直ります。,"Parou de espectar. Caso sua câmera em terceira pessoa ou colisão esteja quebrada, use a emoção 'Sentado de pernas cruzadas' para corrigi-la.",已停止观战。若第三人称镜头或碰撞异常，请使用“盘腿坐”表情来修复。,
STR_COT_PLAYER_MODULE_TOGGLE_BLOODY_HANDS,Bloody Hands,Bloody Hands,Krvavé ruce,Blutige Hände,Окровавленные руки,Zakrwawione ręce,Véres kezek,Mani insanguinate,Manos ensangrentadas,Mains ensanglantées,血手,血まみれの手,Mãos ensanguentadas,血手,
STR_COT_PLAYER_MODULE_TOGGLE_GODMODE,God Mode,God Mode,Boží mód,Gott-Modus,Режим бога,Tryb boga,Isten mód,Modalità dio,Modo dios,Mode dieu,無敵模式,ゴッドモード,Modo deus,无敌模式,
STR_COT_PLAYER_MODULE_TOGGLE_FREEZE,Freeze,Freeze,Zmrazit,Einfrieren,Заморозка,Zamrożenie,Lefagyasztás,Blocca,Congelar,Geler,凍結,フリーズ,Congelar,冻结,
STR_COT_PLAYER_MODULE_TOGGLE_RAGDOLL,Ragdoll,Ragdoll,Ragdoll,Ragdoll,Ragdoll,Ragdoll,Ragdoll,Ragdoll,Ragdoll,Ragdoll,Ragdoll,Ragdoll,Ragdoll,Ragdoll,
STR_COT_PLAYER_MODULE_TOGGLE_RECEIVE_DAMAGE_DEALT,Receive Damage Dealt,Receive Damage Dealt,Přijímat způsobené poškození,Verursachten Schaden erhalten,Получать нанесённый урон,Otrzymuj zadane obrażenia,Okozott sérülés visszakapása,Ricevi il danno inflitto,Recibir el daño infligido,Recevoir les dégâts infligés,承受造成的傷害,与えたダメージを受ける,Receber o dano causado,承受造成的伤害,
STR_COT_PLAYER_MODULE_TOGGLE_IGNORED_BY_AI,Ignored By AI,Ignored By AI,Ignorováno umělou inteligencí,Von KI ignoriert,Игнорируется ИИ,Ignorowany przez AI,AI figyelmen kívül hagyja,Ignorato dall'IA,Ignorado por la IA,Ignoré par l'IA,AI 忽略,AIから無視される,Ignorado pela IA,AI 忽略,
STR_COT_PLAYER_MODULE_TOGGLE_INVISIBILITY,Invisibility,Invisibility,Neviditelnost,Unsichtbarkeit,Невидимость,Niewidzialność,Láthatatlanság,Invisibilità,Invisibilidad,Invisibilité,隱形,透明化,Invisibilidade,隐形,
STR_COT_PLAYER_MODULE_TOGGLE_REMOVE_COLLISION,Remove Collision,Remove Collision,Odstranit kolizi,Kollision entfernen,Убрать коллизию,Usuń kolizję,Ütközés eltávolítása,Rimuovi collisione,Eliminar colisión,Retirer la collision,移除碰撞,衝突判定を削除,Remover colisão,移除碰撞,
STR_COT_PLAYER_MODULE_TOGGLE_UNLIMITED_AMMO,Unlimited Ammo,Unlimited Ammo,Neomezená munice,Unbegrenzte Munition,Неограниченный боезапас,Nieograniczona amunicja,Korlátlan lőszer,Munizioni illimitate,Munición ilimitada,Munitions illimitées,無限彈藥,無限弾薬,Munição ilimitada,无限弹药,
STR_COT_PLAYER_MODULE_TOGGLE_NVG,Admin Night Vision,Admin Night Vision,Administrátorské noční vidění,Admin-Nachtsicht,Админ-прибор ночного видения,Noktowizja administratora,Admin éjjellátó,Visione notturna admin,Visión nocturna de administrador,Vision nocturne admin,管理員夜視,管理者用暗視,Visão noturna do administrador,管理员夜视,
STR_COT_PLAYER_MODULE_TOGGLE_UNLIMITED_STAMINA,Unlimited Stamina,Unlimited Stamina,Neomezená výdrž,Unbegrenzte Ausdauer,Неограниченная выносливость,Nieograniczona wytrzymałość,Korlátlan állóképesség,Stamina illimitata,Resistencia ilimitada,Endurance illimitée,無限體力,無限スタミナ,Resistência ilimitada,无限体力,
STR_COT_PLAYER_MODULE_TOGGLE_BROKEN_LEGS,Broken Legs,Broken Legs,Zlomené nohy,Gebrochene Beine,Сломанные ноги,Złamane nogi,Törött lábak,Gambe rotte,Piernas rotas,Jambes cassées,斷腿,脚の骨折,Pernas quebradas,断腿,
STR_COT_PLAYER_MODULE_TOGGLE_ENABLED_FMT,Enabled %1,Enabled %1,Povoleno %1,%1 aktiviert,Включено: %1,Włączono %1,%1 bekapcsolva,%1 attivato,%1 activado,%1 activé,已啟用 %1,%1 を有効化しました,%1 ativado,已启用 %1,
STR_COT_PLAYER_MODULE_TOGGLE_DISABLED_FMT,Disabled %1,Disabled %1,Zakázáno %1,%1 deaktiviert,Отключено: %1,Wyłączono %1,%1 kikapcsolva,%1 disattivato,%1 desactivado,%1 désactivé,已停用 %1,%1 を無効化しました,%1 desativado,已停用 %1,
STR_COT_PLAYER_MODULE_TOGGLE_FOR_N_PLAYERS_FMT,for %1 players,for %1 players,pro %1 hráčů,für %1 Spieler,для %1 игроков,dla %1 graczy,%1 játékos számára,per %1 giocatori,para %1 jugadores,pour %1 joueurs,為 %1 位玩家,%1人のプレイヤーに対して,para %1 jogadores,为 %1 位玩家,
STR_COT_PLAYER_MODULE_TOGGLE_FOR_PLAYER_FMT,for player %1,for player %1,pro hráče %1,für Spieler %1,для игрока %1,dla gracza %1,%1 játékos számára,per il giocatore %1,para el jugador %1,pour le joueur %1,為玩家 %1,プレイヤー %1 に対して,para o jogador %1,为玩家 %1,
STR_COT_PLAYER_MODULE_TOGGLE_FOR_YOURSELF,for yourself,for yourself,pro vás samotné,für dich selbst,для себя,dla siebie,saját magad számára,per te stesso,para ti mismo,pour vous-même,為您自己,自分自身に対して,para você mesmo,为您自己,
STR_COT_PLAYER_MODULE_TOGGLE_FAILED_FMT,Failed to toggle %1 - no player(s) affected,Failed to toggle %1 - no player(s) affected,Nepodařilo se přepnout %1 - žádný hráč nebyl ovlivněn,Umschalten von %1 fehlgeschlagen - kein Spieler betroffen,Не удалось переключить %1 - ни один игрок не затронут,Nie udało się przełączyć %1 - żaden gracz nie został objęty,Nem sikerült átkapcsolni: %1 - egyetlen játékost sem érintett,Impossibile attivare/disattivare %1 - nessun giocatore interessato,No se pudo alternar %1 - ningún jugador afectado,Échec du basculement de %1 - aucun joueur affecté,無法切換 %1 - 沒有玩家受到影響,%1 の切り替えに失敗しました - 対象プレイヤーがいません,Falha ao alternar %1 - nenhum jogador afetado,无法切换 %1 - 没有玩家受到影响,
STR_COT_PLAYER_MODULE_HEAL_SUCCESS,You healed,You healed,Vyléčili jste,Du hast geheilt,Вы вылечили,Uleczono,Meggyógyítottad,Hai curato,Curaste a,Vous avez soigné,您治療了,回復させました,Você curou,您治疗了,
STR_COT_PLAYER_MODULE_HEAL_FAILED,Failed to heal,Failed to heal,Léčba se nezdařila,Heilen fehlgeschlagen,Не удалось вылечить,Nie udało się uleczyć,Nem sikerült meggyógyítani,Cura fallita,No se pudo curar,Échec du soin,治療失敗,回復に失敗しました,Falha ao curar,治疗失败,
STR_COT_PLAYER_MODULE_HEAL_N_PLAYERS_FMT,%1 players,%1 players,%1 hráčů,%1 Spieler,%1 игроков,%1 graczy,%1 játékost,%1 giocatori,%1 jugadores,%1 joueurs,%1 位玩家,%1人のプレイヤー,%1 jogadores,%1 位玩家,
STR_COT_PLAYER_MODULE_HEAL_PLAYER_FMT,player %1,player %1,hráče %1,Spieler %1,игрока %1,gracza %1,%1 játékost,il giocatore %1,al jugador %1,le joueur %1,玩家 %1,プレイヤー %1,o jogador %1,玩家 %1,
STR_COT_PLAYER_MODULE_HEAL_YOURSELF,yourself,yourself,sebe sama,dich selbst,себя,siebie,saját magad,te stesso,a ti mismo,vous-même,您自己,自分自身,você mesmo,您自己,
STR_COT_PLAYER_MODULE_TT_STAT_ONLINE,"Players online now, against the server slot count","Players online now, against the server slot count",Aktuálně online hráči vůči počtu slotů serveru,Aktuell online Spieler im Verhältnis zur Serverslotanzahl,"Игроки онлайн сейчас, относительно количества слотов сервера",Liczba graczy online w stosunku do liczby slotów serwera,Jelenleg online játékosok a szerver hely-számához viszonyítva,"Giocatori online ora, rispetto al numero di slot del server","Jugadores en línea ahora, respecto al número de plazas del servidor","Joueurs en ligne actuellement, par rapport au nombre de places du serveur",目前在線玩家數，相對於伺服器人數上限,現在のオンライン人数（サーバーの最大人数に対して）,"Jogadores online agora, em relação ao número de vagas do servidor",当前在线玩家数，相对于服务器人数上限,
STR_COT_PLAYER_MODULE_TT_STAT_PEAK,Peak player count this session,Peak player count this session,Nejvyšší počet hráčů v této relaci,Höchste Spielerzahl in dieser Sitzung,Пиковое количество игроков за эту сессию,Szczytowa liczba graczy w tej sesji,A jelenlegi munkamenet legmagasabb játékosszáma,Numero massimo di giocatori in questa sessione,Número máximo de jugadores en esta sesión,Nombre maximum de joueurs pour cette session,本次連線的最高玩家人數,このセッションの最大プレイヤー数,Número máximo de jogadores nesta sessão,本次连接的最高玩家人数,
STR_COT_PLAYER_MODULE_TT_STAT_SELECTED,Players currently selected,Players currently selected,Aktuálně vybraní hráči,Aktuell ausgewählte Spieler,"Игроки, выбранные в данный момент",Aktualnie zaznaczeni gracze,Jelenleg kijelölt játékosok,Giocatori attualmente selezionati,Jugadores actualmente seleccionados,Joueurs actuellement sélectionnés,目前選取的玩家,現在選択されているプレイヤー,Jogadores atualmente selecionados,当前选中的玩家,
STR_COT_PLAYER_MODULE_SECTION_ACTIVE_STATUSES,Active Statuses,Active Statuses,Aktivní stavy,Aktive Zustände,Активные статусы,Aktywne statusy,Aktív állapotok,Stati attivi,Estados activos,États actifs,啟用中的狀態,有効なステータス,Estados ativos,启用中的状态,
STR_COT_ROLEMANAGER_MODULE_LOADING,Loading...,Loading...,Načítání...,Wird geladen...,Загрузка...,Ładowanie...,Betöltés...,Caricamento...,Cargando...,Chargement...,載入中...,読み込み中...,Carregando...,加载中...,
STR_COT_ROLEMANAGER_MODULE_TAB_ROLES,Roles,Roles,Role,Rollen,Роли,Role,Szerepek,Ruoli,Roles,Rôles,角色,ロール,Funções,角色,
STR_COT_ROLEMANAGER_MODULE_TAB_PLAYERS,Players,Players,Hráči,Spieler,Игроки,Gracze,Játékosok,Giocatori,Jugadores,Joueurs,玩家,プレイヤー,Jogadores,玩家,
STR_COT_ROLEMANAGER_MODULE_SEARCH_PLAYERS_PLACEHOLDER,Search by name...,Search by name...,Hledat podle jména...,Nach Name suchen...,Поиск по имени...,Szukaj po nazwie...,Keresés név alapján...,Cerca per nome...,Buscar por nombre...,Rechercher par nom...,依名稱搜尋...,名前で検索...,Pesquisar por nome...,按名称搜索...,
STR_COT_ROLEMANAGER_MODULE_CONFIGURED_ROLES,Configured Roles,Configured Roles,Nakonfigurované role,Konfigurierte Rollen,Настроенные роли,Skonfigurowane role,Beállított szerepek,Ruoli configurati,Roles configurados,Rôles configurés,已設定的角色,設定済みのロール,Funções configuradas,已配置的角色,
STR_COT_ROLEMANAGER_MODULE_REFRESH_ROLES_TOOLTIP,Refresh roles,Refresh roles,Obnovit role,Rollen aktualisieren,Обновить роли,Odśwież role,Szerepek frissítése,Aggiorna ruoli,Actualizar roles,Actualiser les rôles,重新整理角色,ロールを更新,Atualizar funções,刷新角色,
STR_COT_ROLEMANAGER_MODULE_NEW_ROLE_BUTTON,+ New Role,+ New Role,+ Nová role,+ Neue Rolle,+ Новая роль,+ Nowa rola,+ Új szerep,+ Nuovo ruolo,+ Nuevo rol,+ Nouveau rôle,+ 新增角色,+ 新規ロール,+ Nova função,+ 新增角色,
STR_COT_ROLEMANAGER_MODULE_NEW_ROLE_TOOLTIP,Create a new empty role,Create a new empty role,Vytvořit novou prázdnou roli,Eine neue leere Rolle erstellen,Создать новую пустую роль,Utwórz nową pustą rolę,Új üres szerep létrehozása,Crea un nuovo ruolo vuoto,Crear un nuevo rol vacío,Créer un nouveau rôle vide,建立新的空白角色,新しい空のロールを作成,Criar uma nova função vazia,创建新的空白角色,
STR_COT_ROLEMANAGER_MODULE_SELECT_ROLE_PROMPT,Select a role to edit its permissions.,Select a role to edit its permissions.,Vyberte roli pro úpravu jejích oprávnění.,"Wähle eine Rolle aus, um ihre Berechtigungen zu bearbeiten.","Выберите роль, чтобы изменить её права.","Wybierz rolę, aby edytować jej uprawnienia.",Válassz egy szerepet a jogosultságainak szerkesztéséhez.,Seleziona un ruolo per modificarne i permessi.,Selecciona un rol para editar sus permisos.,Sélectionnez un rôle pour modifier ses permissions.,選擇一個角色以編輯其權限。,権限を編集するロールを選択してください。,Selecione uma função para editar suas permissões.,选择一个角色以编辑其权限。,
STR_COT_ROLEMANAGER_MODULE_PERMISSION_CONFIG_TITLE,Permission Configuration: %1,Permission Configuration: %1,Konfigurace oprávnění: %1,Berechtigungskonfiguration: %1,Настройка прав: %1,Konfiguracja uprawnień: %1,Jogosultság-beállítás: %1,Configurazione permessi: %1,Configuración de permisos: %1,Configuration des permissions : %1,權限設定：%1,権限設定：%1,Configuração de permissões: %1,权限配置：%1,
STR_COT_ROLEMANAGER_MODULE_SAVE_PERMISSIONS_TOOLTIP,Save permissions for role: %1,Save permissions for role: %1,Uložit oprávnění pro roli: %1,Berechtigungen für Rolle speichern: %1,Сохранить права для роли: %1,Zapisz uprawnienia dla roli: %1,Jogosultságok mentése ehhez a szerephez: %1,Salva i permessi per il ruolo: %1,Guardar permisos para el rol: %1,Enregistrer les permissions pour le rôle : %1,儲存角色權限：%1,ロールの権限を保存：%1,Salvar permissões para a função: %1,保存角色权限：%1,
STR_COT_ROLEMANAGER_MODULE_DELETE_ROLE_TOOLTIP,Delete this role,Delete this role,Smazat tuto roli,Diese Rolle löschen,Удалить эту роль,Usuń tę rolę,Szerep törlése,Elimina questo ruolo,Eliminar este rol,Supprimer ce rôle,刪除此角色,このロールを削除,Excluir esta função,删除此角色,
STR_COT_ROLEMANAGER_MODULE_RENAME_ROLE_TOOLTIP,Rename role '%1',Rename role '%1',Přejmenovat roli '%1',Rolle '%1' umbenennen,Переименовать роль «%1»,Zmień nazwę roli '%1','%1' szerep átnevezése,Rinomina il ruolo '%1',Renombrar el rol '%1',Renommer le rôle '%1',重新命名角色「%1」,ロール「%1」の名前を変更,Renomear a função '%1',重命名角色「%1」,
STR_COT_ROLEMANAGER_MODULE_SEARCH_PERMISSIONS_PLACEHOLDER,Search permissions...,Search permissions...,Hledat oprávnění...,Berechtigungen suchen...,Поиск прав...,Szukaj uprawnień...,Jogosultságok keresése...,Cerca permessi...,Buscar permisos...,Rechercher des permissions...,搜尋權限...,権限を検索...,Pesquisar permissões...,搜索权限...,
STR_COT_ROLEMANAGER_MODULE_CREATE_ROLE_TITLE,Create Role,Create Role,Vytvořit roli,Rolle erstellen,Создать роль,Utwórz rolę,Szerep létrehozása,Crea ruolo,Crear rol,Créer un rôle,建立角色,ロールを作成,Criar função,创建角色,
STR_COT_ROLEMANAGER_MODULE_CREATE_ROLE_BODY,Enter new role name:,Enter new role name:,Zadejte nový název role:,Neuen Rollennamen eingeben:,Введите новое название роли:,Wpisz nazwę nowej roli:,Adja meg az új szerep nevét:,Inserisci il nome del nuovo ruolo:,Introduce el nombre del nuevo rol:,Saisissez le nom du nouveau rôle :,輸入新角色名稱：,新しいロール名を入力してください：,Digite o nome da nova função:,输入新角色名称：,
STR_COT_ROLEMANAGER_MODULE_DELETE_ROLE_CONFIRM_BODY,Delete role '%1'? Players with this role will lose its permissions.,Delete role '%1'? Players with this role will lose its permissions.,Smazat roli '%1'? Hráči s touto rolí ztratí její oprávnění.,Rolle '%1' löschen? Spieler mit dieser Rolle verlieren ihre Berechtigungen.,Удалить роль «%1»? Игроки с этой ролью потеряют её права.,Usunąć rolę '%1'? Gracze z tą rolą stracą jej uprawnienia.,Törlöd a(z) '%1' szerepet? Az ezzel a szereppel rendelkező játékosok elveszítik a hozzá tartozó jogosultságokat.,Eliminare il ruolo '%1'? I giocatori con questo ruolo perderanno i suoi permessi.,¿Eliminar el rol '%1'? Los jugadores con este rol perderán sus permisos.,Supprimer le rôle '%1' ? Les joueurs ayant ce rôle perdront ses permissions.,刪除角色「%1」？擁有此角色的玩家將失去其權限。,ロール「%1」を削除しますか？このロールを持つプレイヤーはその権限を失います。,Excluir a função '%1'? Os jogadores com esta função perderão suas permissões.,删除角色「%1」？拥有此角色的玩家将失去其权限。,
STR_COT_ROLEMANAGER_MODULE_RENAME_ROLE_TITLE,Rename Role: %1,Rename Role: %1,Přejmenovat roli: %1,Rolle umbenennen: %1,Переименовать роль: %1,Zmień nazwę roli: %1,Szerep átnevezése: %1,Rinomina ruolo: %1,Renombrar rol: %1,Renommer le rôle : %1,重新命名角色：%1,ロール名の変更：%1,Renomear função: %1,重命名角色：%1,
STR_COT_ROLEMANAGER_MODULE_RENAME_ROLE_BODY,Enter new name for role '%1':,Enter new name for role '%1':,Zadejte nový název pro roli '%1':,Neuen Namen für Rolle '%1' eingeben:,Введите новое название для роли «%1»:,Wpisz nową nazwę dla roli '%1':,Adja meg a(z) '%1' szerep új nevét:,Inserisci il nuovo nome per il ruolo '%1':,Introduce el nuevo nombre para el rol '%1':,Saisissez le nouveau nom du rôle '%1' :,輸入角色「%1」的新名稱：,ロール「%1」の新しい名前を入力してください：,Digite o novo nome para a função '%1':,输入角色「%1」的新名称：,
STR_COT_ROLEMANAGER_MODULE_SAVED_PERMISSIONS_NOTIFICATION,Saved permissions for role: %1,Saved permissions for role: %1,Uložena oprávnění pro roli: %1,Berechtigungen für Rolle gespeichert: %1,Права для роли сохранены: %1,Zapisano uprawnienia dla roli: %1,Jogosultságok elmentve ehhez a szerephez: %1,Permessi salvati per il ruolo: %1,Permisos guardados para el rol: %1,Permissions enregistrées pour le rôle : %1,已儲存角色權限：%1,ロールの権限を保存しました：%1,Permissões salvas para a função: %1,已保存角色权限：%1,
STR_COT_ROLEMANAGER_MODULE_NO_PLAYERS_ONLINE,No players online.,No players online.,Žádní hráči online.,Keine Spieler online.,Нет игроков онлайн.,Brak graczy online.,Nincs online játékos.,Nessun giocatore online.,No hay jugadores en línea.,Aucun joueur en ligne.,沒有玩家在線上。,オンラインのプレイヤーがいません。,Nenhum jogador online.,没有玩家在线。,
STR_COT_ROLEMANAGER_MODULE_NO_PLAYERS_MATCH_SEARCH,No players match the search.,No players match the search.,Žádní hráči neodpovídají hledání.,Keine Spieler entsprechen der Suche.,Ни один игрок не соответствует поиску.,Żaden gracz nie pasuje do wyszukiwania.,Nincs a keresésnek megfelelő játékos.,Nessun giocatore corrisponde alla ricerca.,Ningún jugador coincide con la búsqueda.,Aucun joueur ne correspond à la recherche.,沒有符合搜尋條件的玩家。,検索に一致するプレイヤーがいません。,Nenhum jogador corresponde à pesquisa.,没有符合搜索条件的玩家。,
STR_COT_ROLEMANAGER_MODULE_SELECT_PLAYER_PROMPT,Select a player to manage their role.,Select a player to manage their role.,Vyberte hráče pro správu jeho role.,"Wähle einen Spieler aus, um dessen Rolle zu verwalten.","Выберите игрока, чтобы управлять его ролью.","Wybierz gracza, aby zarządzać jego rolą.",Válassz egy játékost a szerepének kezeléséhez.,Seleziona un giocatore per gestire il suo ruolo.,Selecciona un jugador para gestionar su rol.,Sélectionnez un joueur pour gérer son rôle.,選擇一位玩家以管理其角色。,ロールを管理するプレイヤーを選択してください。,Selecione um jogador para gerenciar sua função.,选择一位玩家以管理其角色。,
STR_COT_ROLEMANAGER_MODULE_PLAYER_NOT_FOUND,Player not found: %1,Player not found: %1,Hráč nenalezen: %1,Spieler nicht gefunden: %1,Игрок не найден: %1,Nie znaleziono gracza: %1,A játékos nem található: %1,Giocatore non trovato: %1,Jugador no encontrado: %1,Joueur introuvable : %1,找不到玩家：%1,プレイヤーが見つかりません：%1,Jogador não encontrado: %1,找不到玩家：%1,
STR_COT_ROLEMANAGER_MODULE_PLAYER_IDENTITY_TITLE,Player Identity: %1,Player Identity: %1,Identita hráče: %1,Spieleridentität: %1,Личность игрока: %1,Tożsamość gracza: %1,Játékos azonosítója: %1,Identità giocatore: %1,Identidad del jugador: %1,Identité du joueur : %1,玩家身分：%1,プレイヤー情報：%1,Identidade do jogador: %1,玩家身份：%1,
STR_COT_ROLEMANAGER_MODULE_GUID_LABEL,GUID: %1,GUID: %1,GUID: %1,GUID: %1,GUID: %1,GUID: %1,GUID: %1,GUID: %1,GUID: %1,GUID : %1,GUID：%1,GUID：%1,GUID: %1,GUID：%1,
STR_COT_ROLEMANAGER_MODULE_COPY_GUID_TOOLTIP,Click to copy GUID to clipboard,Click to copy GUID to clipboard,Kliknutím zkopírujete GUID do schránky,"Klicken, um die GUID in die Zwischenablage zu kopieren","Нажмите, чтобы скопировать GUID в буфер обмена","Kliknij, aby skopiować GUID do schowka",Kattints a GUID vágólapra másolásához,Clicca per copiare il GUID negli appunti,Haz clic para copiar el GUID al portapapeles,Cliquez pour copier le GUID dans le presse-papiers,點擊以複製 GUID 到剪貼簿,クリックしてGUIDをクリップボードにコピー,Clique para copiar o GUID para a área de transferência,点击以复制 GUID 到剪贴板,
STR_COT_ROLEMANAGER_MODULE_STEAM64_LABEL,Steam 64 ID: %1,Steam 64 ID: %1,Steam 64 ID: %1,Steam 64 ID: %1,Steam 64 ID: %1,Steam 64 ID: %1,Steam 64 ID: %1,Steam 64 ID: %1,ID Steam 64: %1,ID Steam 64 : %1,Steam 64 ID：%1,Steam 64 ID：%1,ID Steam 64: %1,Steam 64 ID：%1,
STR_COT_ROLEMANAGER_MODULE_COPY_STEAM64_TOOLTIP,Click to copy Steam 64 ID to clipboard,Click to copy Steam 64 ID to clipboard,Kliknutím zkopírujete Steam 64 ID do schránky,"Klicken, um die Steam-64-ID in die Zwischenablage zu kopieren","Нажмите, чтобы скопировать Steam 64 ID в буфер обмена","Kliknij, aby skopiować Steam 64 ID do schowka",Kattints a Steam 64 ID vágólapra másolásához,Clicca per copiare lo Steam 64 ID negli appunti,Haz clic para copiar el ID Steam 64 al portapapeles,Cliquez pour copier l'ID Steam 64 dans le presse-papiers,點擊以複製 Steam 64 ID 到剪貼簿,クリックしてSteam 64 IDをクリップボードにコピー,Clique para copiar o ID Steam 64 para a área de transferência,点击以复制 Steam 64 ID 到剪贴板,
STR_COT_ROLEMANAGER_MODULE_ASSIGNED_ROLE_TITLE,Assigned Role & Conditions,Assigned Role & Conditions,Přiřazená role a podmínky,Zugewiesene Rolle & Bedingungen,Назначенная роль и условия,Przypisana rola i warunki,Hozzárendelt szerep és feltételek,Ruolo assegnato e condizioni,Rol asignado y condiciones,Rôle attribué et conditions,已指派角色與條件,割り当てられたロールと条件,Função atribuída e condições,已分配角色与条件,
STR_COT_ROLEMANAGER_MODULE_SAVE_ROLE_ASSIGNMENT_TOOLTIP,Save role assignment,Save role assignment,Uložit přiřazení role,Rollenzuweisung speichern,Сохранить назначение роли,Zapisz przypisanie roli,Szereptörzsítés mentése,Salva assegnazione ruolo,Guardar asignación de rol,Enregistrer l'attribution du rôle,儲存角色指派,ロールの割り当てを保存,Salvar atribuição de função,保存角色分配,
STR_COT_ROLEMANAGER_MODULE_SET_NAME_RESTRICTION_TOOLTIP,Set name restriction for role '%1',Set name restriction for role '%1',Nastavit omezení jména pro roli '%1',Namensbeschränkung für Rolle '%1' festlegen,Установить ограничение по имени для роли «%1»,Ustaw ograniczenie nazwy dla roli '%1',Névkorlátozás beállítása a(z) '%1' szerephez,Imposta la restrizione del nome per il ruolo '%1',Establecer restricción de nombre para el rol '%1',Définir la restriction de nom pour le rôle '%1',為角色「%1」設定名稱限制,ロール「%1」の名前制限を設定,Definir restrição de nome para a função '%1',为角色「%1」设置名称限制,
STR_COT_ROLEMANAGER_MODULE_NAME_RESTRICTION_LABEL,Name restriction: %1,Name restriction: %1,Omezení jména: %1,Namensbeschränkung: %1,Ограничение по имени: %1,Ograniczenie nazwy: %1,Névkorlátozás: %1,Restrizione del nome: %1,Restricción de nombre: %1,Restriction de nom : %1,名稱限制：%1,名前制限：%1,Restrição de nome: %1,名称限制：%1,
STR_COT_ROLEMANAGER_MODULE_NAME_RESTRICTION_TITLE,Name Restriction,Name Restriction,Omezení jména,Namensbeschränkung,Ограничение по имени,Ograniczenie nazwy,Névkorlátozás,Restrizione del nome,Restricción de nombre,Restriction de nom,名稱限制,名前制限,Restrição de nome,名称限制,
STR_COT_ROLEMANAGER_MODULE_NAME_RESTRICTION_BODY,Enter required player name for role '%1' (leave empty for none):,Enter required player name for role '%1' (leave empty for none):,Zadejte požadované jméno hráče pro roli '%1' (ponechte prázdné pro žádné):,Erforderlichen Spielernamen für Rolle '%1' eingeben (leer lassen für keine):,"Введите требуемое имя игрока для роли «%1» (оставьте пустым, если не требуется):","Wpisz wymaganą nazwę gracza dla roli '%1' (pozostaw puste, aby brak):","Adja meg a szükséges játékosnevet a(z) '%1' szerephez (hagyja üresen, ha nincs):",Inserisci il nome giocatore richiesto per il ruolo '%1' (lascia vuoto per nessuno):,Introduce el nombre de jugador requerido para el rol '%1' (deja vacío para ninguno):,Saisissez le nom de joueur requis pour le rôle '%1' (laissez vide pour aucun) :,輸入角色「%1」所需的玩家名稱（留空表示無限制）：,ロール「%1」に必要なプレイヤー名を入力してください（不要な場合は空白のまま）：,Digite o nome de jogador necessário para a função '%1' (deixe em branco para nenhum):,输入角色「%1」所需的玩家名称（留空表示无限制）：,
STR_COT_ROLEMANAGER_MODULE_SAVED_ROLE_NOTIFICATION,Saved role for player: %1,Saved role for player: %1,Uložena role pro hráče: %1,Rolle für Spieler gespeichert: %1,Роль для игрока сохранена: %1,Zapisano rolę dla gracza: %1,Szerep elmentve a játékoshoz: %1,Ruolo salvato per il giocatore: %1,Rol guardado para el jugador: %1,Rôle enregistré pour le joueur : %1,已儲存玩家角色：%1,プレイヤーのロールを保存しました：%1,Função salva para o jogador: %1,已保存玩家角色：%1,
STR_COT_ROLEMANAGER_MODULE_SELECTION_REQUIRED_TITLE,Selection Required,Selection Required,Vyžadován výběr,Auswahl erforderlich,Требуется выбор,Wymagane zaznaczenie,Kijelölés szükséges,Selezione richiesta,Selección requerida,Sélection requise,需要選取項目,選択が必要です,Seleção necessária,需要选择项目,
STR_COT_ROLEMANAGER_MODULE_NAME,Role Manager,Role Manager,Správce rolí,Rollenverwaltung,Менеджер ролей,Menedżer ról,Szerepkezelő,Gestione ruoli,Gestor de roles,Gestionnaire de rôles,角色管理員,ロールマネージャー,Gerenciador de funções,角色管理器,
STR_COT_ROLEMANAGER_MODULE_ROLE_ALREADY_EXISTS_NOTIFICATION,Role already exists: %1,Role already exists: %1,Role již existuje: %1,Rolle existiert bereits: %1,Роль уже существует: %1,Rola już istnieje: %1,A szerep már létezik: %1,Il ruolo esiste già: %1,El rol ya existe: %1,Le rôle existe déjà : %1,角色已存在：%1,ロールは既に存在します：%1,A função já existe: %1,角色已存在：%1,
STR_COT_ROLEMANAGER_MODULE_CANNOT_DELETE_EVERYONE_NOTIFICATION,Cannot delete the 'everyone' role.,Cannot delete the 'everyone' role.,Roli 'everyone' nelze smazat.,Die Rolle 'everyone' kann nicht gelöscht werden.,Невозможно удалить роль «everyone».,Nie można usunąć roli 'everyone'.,A 'everyone' szerep nem törölhető.,Impossibile eliminare il ruolo 'everyone'.,No se puede eliminar el rol 'everyone'.,Impossible de supprimer le rôle 'everyone'.,無法刪除「everyone」角色。,「everyone」ロールは削除できません。,Não é possível excluir a função 'everyone'.,无法删除「everyone」角色。,
STR_COT_ROLEMANAGER_MODULE_ROLE_NOT_FOUND_NOTIFICATION,Role not found: %1,Role not found: %1,Role nenalezena: %1,Rolle nicht gefunden: %1,Роль не найдена: %1,Nie znaleziono roli: %1,A szerep nem található: %1,Ruolo non trovato: %1,Rol no encontrado: %1,Rôle introuvable : %1,找不到角色：%1,ロールが見つかりません：%1,Função não encontrada: %1,找不到角色：%1,
STR_COT_TELEPORT_MODULE_ADDED_LOCATION_PREFIX,Added location ,Added location ,Přidáno místo ,Ort hinzugefügt: ,Добавлено местоположение ,Dodano lokalizację ,Hozzáadott hely: ,Posizione aggiunta ,Ubicación añadida ,Emplacement ajouté ,已新增地點 ,追加した地点：,Local adicionado ,已添加地点 ,
STR_COT_TELEPORT_MODULE_TO_CATEGORY_PREFIX, to category , to category , do kategorie , zu Kategorie , в категорию , do kategorii , ehhez a kategóriához: , alla categoria , a la categoría , à la catégorie , 到分類 ,（カテゴリー：, para a categoria , 到分类 ,
STR_COT_TELEPORT_MODULE_CENTER_ON_ME_TOOLTIP,Center map on my position,Center map on my position,Vycentrovat mapu na mou pozici,Karte auf meine Position zentrieren,Центрировать карту на моей позиции,Wyśrodkuj mapę na mojej pozycji,Térkép középre igazítása a saját pozíciómra,Centra la mappa sulla mia posizione,Centrar el mapa en mi posición,Centrer la carte sur ma position,將地圖置中於我的位置,地図を自分の位置に中央揃え,Centralizar o mapa na minha posição,将地图居中于我的位置,
STR_COT_TELEPORT_MODULE_COORDINATES_CARD_TITLE,Coordinates,Coordinates,Souřadnice,Koordinaten,Координаты,Współrzędne,Koordináták,Coordinate,Coordenadas,Coordonnées,座標,座標,Coordenadas,坐标,
STR_COT_TELEPORT_MODULE_COPY_COORDS_TOOLTIP,Copy coordinates to clipboard,Copy coordinates to clipboard,Zkopírovat souřadnice do schránky,Koordinaten in die Zwischenablage kopieren,Скопировать координаты в буфер обмена,Skopiuj współrzędne do schowka,Koordináták másolása a vágólapra,Copia le coordinate negli appunti,Copiar coordenadas al portapapeles,Copier les coordonnées dans le presse-papiers,複製座標到剪貼簿,座標をクリップボードにコピー,Copiar coordenadas para a área de transferência,复制坐标到剪贴板,
STR_COT_TELEPORT_MODULE_DELETE_LOCATION_CONFIRM_PREFIX,Delete location ',Delete location ',Smazat místo ',Ort löschen ',Удалить местоположение «,Usunąć lokalizację ',Törlöd a helyet: ',Eliminare la posizione ',Eliminar la ubicación ',Supprimer l'emplacement ',刪除地點「,地点「,Excluir o local ',删除地点「,
STR_COT_TELEPORT_MODULE_DELETE_LOCATION_CONFIRM_SUFFIX,'?,'?,'?,' ?,»?,'?,'?,'?,'?,' ?,」？,」を削除しますか？,'?,」？,
STR_COT_TELEPORT_MODULE_EDITED_LOCATION_PREFIX,Edited location ,Edited location ,Upraveno místo ,Ort bearbeitet: ,Изменено местоположение ,Edytowano lokalizację ,Szerkesztett hely: ,Posizione modificata ,Ubicación editada ,Emplacement modifié ,已編輯地點 ,編集した地点：,Local editado ,已编辑地点 ,
STR_COT_TELEPORT_MODULE_EDIT_LOCATION_PREFIX,Edit Location: ,Edit Location: ,Upravit místo: ,Ort bearbeiten: ,Изменить местоположение: ,Edytuj lokalizację: ,Hely szerkesztése: ,Modifica posizione: ,Editar ubicación: ,Modifier l'emplacement : ,編輯地點：,地点を編集：,Editar local: ,编辑地点：,
STR_COT_TELEPORT_MODULE_EXPAND_MAP_TOOLTIP,Expand map,Expand map,Rozbalit mapu,Karte erweitern,Развернуть карту,Rozwiń mapę,Térkép kibontása,Espandi mappa,Expandir mapa,Agrandir la carte,展開地圖,地図を拡大,Expandir mapa,展开地图,
STR_COT_TELEPORT_MODULE_FILTERS_HIDDEN_PREFIX,Filters (,Filters (,Filtry (,Filter (,Фильтры (,Filtry (,Szűrők (,Filtri (,Filtros (,Filtres (,篩選（,フィルター（,Filtros (,筛选（,
STR_COT_TELEPORT_MODULE_FILTERS_HIDDEN_SUFFIX, hidden), hidden), skryto), ausgeblendet), скрыто), ukrytych), elrejtve), nascosti), ocultos), masqués),個已隱藏）,件非表示）, ocultos),个已隐藏）,
STR_COT_TELEPORT_MODULE_FILTERS_TOOLTIP,Filter categories,Filter categories,Filtrovat kategorie,Kategorien filtern,Фильтровать категории,Filtruj kategorie,Kategóriák szűrése,Filtra categorie,Filtrar categorías,Filtrer les catégories,篩選分類,カテゴリを絞り込む,Filtrar categorias,筛选分类,
STR_COT_TELEPORT_MODULE_FILTER_BY_CATEGORY_TOOLTIP,Filter by category,Filter by category,Filtrovat podle kategorie,Nach Kategorie filtern,Фильтровать по категории,Filtruj według kategorii,Szűrés kategória szerint,Filtra per categoria,Filtrar por categoría,Filtrer par catégorie,依分類篩選,カテゴリで絞り込む,Filtrar por categoria,按分类筛选,
STR_COT_TELEPORT_MODULE_GO,Go,Go,Přejít,Los,Перейти,Idź,Ugrás,Vai,Ir,Aller,前往,移動,Ir,前往,
STR_COT_TELEPORT_MODULE_GO_COORDS_TOOLTIP,Teleport to these coordinates,Teleport to these coordinates,Teleportovat na tyto souřadnice,Zu diesen Koordinaten teleportieren,Телепортироваться в эти координаты,Teleportuj do tych współrzędnych,Teleportálás ezekre a koordinátákra,Teleportati a queste coordinate,Teletransportar a estas coordenadas,Se téléporter à ces coordonnées,傳送至這些座標,この座標にテレポート,Teletransportar para estas coordenadas,传送至这些坐标,
STR_COT_TELEPORT_MODULE_ROW_PLAYER,Player,Player,Player,Player,Player,Player,Player,Player,Player,Player,Player,Player,Player,Player,
STR_COT_TELEPORT_MODULE_ROW_VEHICLE,Vehicle,Vehicle,Vehicle,Vehicle,Vehicle,Vehicle,Vehicle,Vehicle,Vehicle,Vehicle,Vehicle,Vehicle,Vehicle,Vehicle,
STR_COT_TELEPORT_MODULE_ROW_MAP_MARKER,Map Marker,Map Marker,Map Marker,Map Marker,Map Marker,Map Marker,Map Marker,Map Marker,Map Marker,Map Marker,Map Marker,Map Marker,Map Marker,Map Marker,
STR_COT_TELEPORT_MODULE_HELI_CRASH_MARKER,Heli Crash,Heli Crash,Vrak vrtulníku,Heli-Absturz,Крушение вертолёта,Rozbity helikopter,Helikopter-roncs,Elicottero schiantato,Helicóptero estrellado,Crash d'hélico,直升機殘骸,ヘリ墜落現場,Queda de helicóptero,直升机残骸,
STR_COT_TELEPORT_MODULE_INPUT_COORDS_TOOLTIP,Enter coordinates,Enter coordinates,Zadejte souřadnice,Koordinaten eingeben,Введите координаты,Wpisz współrzędne,Adja meg a koordinátákat,Inserisci le coordinate,Introduce las coordenadas,Saisissez les coordonnées,輸入座標,座標を入力してください,Digite as coordenadas,输入坐标,
STR_COT_TELEPORT_MODULE_LOADING,Loading...,Loading...,Načítání...,Wird geladen...,Загрузка...,Ładowanie...,Betöltés...,Caricamento...,Cargando...,Chargement...,載入中...,読み込み中...,Carregando...,加载中...,
STR_COT_TELEPORT_MODULE_MAP_CARD_TITLE,Map,Map,Mapa,Karte,Карта,Mapa,Térkép,Mappa,Mapa,Carte,地圖,地図,Mapa,地图,
STR_COT_TELEPORT_MODULE_MARKER_DEFAULT_NAME,Unnamed Marker,Unnamed Marker,Nepojmenovaný značka,Unbenannte Markierung,Безымянная метка,Znacznik bez nazwy,Névtelen jelölő,Marcatore senza nome,Marcador sin nombre,Marqueur sans nom,未命名標記,名前のないマーカー,Marcador sem nome,未命名标记,
STR_COT_TELEPORT_MODULE_MENU_HELI_CRASHES,Heli Crashes,Heli Crashes,Vraky vrtulníků,Heli-Abstürze,Крушения вертолётов,Rozbite helikoptery,Helikopter-roncsok,Elicotteri schiantati,Helicópteros estrellados,Crashs d'hélicos,直升機殘骸,ヘリ墜落現場,Quedas de helicóptero,直升机残骸,
STR_COT_TELEPORT_MODULE_MENU_LOCATIONS,Locations,Locations,Místa,Orte,Локации,Lokalizacje,Helyek,Posizioni,Ubicaciones,Emplacements,地點,地点一覧,Locais,地点,
STR_COT_TELEPORT_MODULE_MENU_MAP_MARKERS,Map Markers,Map Markers,Značky na mapě,Kartenmarkierungen,Метки на карте,Znaczniki mapy,Térkép jelölők,Indicatori mappa,Marcadores del mapa,Marqueurs de carte,地圖標記,地図マーカー,Marcadores do mapa,地图标记,
STR_COT_TELEPORT_MODULE_MENU_PLAYERS,Players,Players,Hráči,Spieler,Игроки,Gracze,Játékosok,Giocatori,Jugadores,Joueurs,玩家,プレイヤー,Jogadores,玩家,
STR_COT_TELEPORT_MODULE_MENU_SAVE_AS_LOCATION,Save As Location,Save As Location,Uložit jako místo,Als Ort speichern,Сохранить как местоположение,Zapisz jako lokalizację,Mentés helyként,Salva come posizione,Guardar como ubicación,Enregistrer comme emplacement,另存為地點,地点として保存,Salvar como local,另存为地点,
STR_COT_TELEPORT_MODULE_MENU_SHOW_ON_MAP,Show On Map,Show On Map,Zobrazit na mapě,Auf der Karte anzeigen,Показать на карте,Pokaż na mapie,Megjelenítés a térképen,Mostra sulla mappa,Mostrar en el mapa,Afficher sur la carte,在地圖上顯示,地図上に表示,Mostrar no mapa,在地图上显示,
STR_COT_TELEPORT_MODULE_MENU_TELEPORT_HERE,Teleport Here,Teleport Here,Teleportovat sem,Hierher teleportieren,Телепортироваться сюда,Teleportuj tutaj,Teleportálás ide,Teleportati qui,Teletransportar aquí,Se téléporter ici,傳送到這裡,ここにテレポート,Teletransportar para cá,传送到这里,
STR_COT_TELEPORT_MODULE_MENU_TELEPORT_TO,Teleport To,Teleport To,Teleportovat na,Teleportieren zu,Телепортироваться к,Teleportuj do,Teleportálás ide:,Teleportati a,Teletransportar a,Se téléporter vers,傳送至,テレポート先,Teletransportar para,传送至,
STR_COT_TELEPORT_MODULE_MENU_TOXIC_ZONES,Toxic Zones,Toxic Zones,Toxické zóny,Giftzonen,Токсичные зоны,Strefy toksyczne,Mérgező zónák,Zone tossiche,Zonas tóxicas,Zones toxiques,毒霧區域,毒ガスゾーン,Zonas tóxicas,毒雾区域,
STR_COT_TELEPORT_MODULE_MENU_VEHICLES,Vehicles,Vehicles,Vozidla,Fahrzeuge,Транспорт,Pojazdy,Járművek,Veicoli,Vehículos,Véhicules,載具,乗り物,Veículos,载具,
STR_COT_TELEPORT_MODULE_NEW_CATEGORY_NAME_TOOLTIP,Enter new category name,Enter new category name,Zadejte název nové kategorie,Neuen Kategorienamen eingeben,Введите название новой категории,Wpisz nazwę nowej kategorii,Adja meg az új kategória nevét,Inserisci il nome della nuova categoria,Introduce el nombre de la nueva categoría,Saisissez le nom de la nouvelle catégorie,輸入新分類名稱,新しいカテゴリー名を入力してください,Digite o nome da nova categoria,输入新分类名称,
STR_COT_TELEPORT_MODULE_NEW_CATEGORY_ROW,+ New Category,+ New Category,+ Nová kategorie,+ Neue Kategorie,+ Новая категория,+ Nowa kategoria,+ Új kategória,+ Nuova categoria,+ Nueva categoría,+ Nouvelle catégorie,+ 新增分類,+ 新規カテゴリー,+ Nova categoria,+ 新增分类,
STR_COT_TELEPORT_MODULE_NO_LOCATIONS_MATCH,No locations match the search.,No locations match the search.,Žádná místa neodpovídají hledání.,Keine Orte entsprechen der Suche.,Ни одно местоположение не соответствует поиску.,Żadna lokalizacja nie pasuje do wyszukiwania.,Nincs a keresésnek megfelelő hely.,Nessuna posizione corrisponde alla ricerca.,Ninguna ubicación coincide con la búsqueda.,Aucun emplacement ne correspond à la recherche.,沒有符合搜尋條件的地點。,検索に一致する地点がありません。,Nenhum local corresponde à pesquisa.,没有符合搜索条件的地点。,
STR_COT_TELEPORT_MODULE_NO_VIEW_PERMISSION,You do not have permission to view locations.,You do not have permission to view locations.,Nemáte oprávnění zobrazit místa.,"Du hast keine Berechtigung, Orte anzuzeigen.",У вас нет прав для просмотра местоположений.,Nie masz uprawnień do przeglądania lokalizacji.,Nincs jogosultságod a helyek megtekintéséhez.,Non hai il permesso di visualizzare le posizioni.,No tienes permiso para ver ubicaciones.,Vous n'avez pas la permission de voir les emplacements.,您沒有檢視地點的權限。,地点を表示する権限がありません。,Você não tem permissão para ver locais.,您没有查看地点的权限。,
STR_COT_TELEPORT_MODULE_PASTE_COORDS_TOOLTIP,Paste coordinates from clipboard,Paste coordinates from clipboard,Vložit souřadnice ze schránky,Koordinaten aus der Zwischenablage einfügen,Вставить координаты из буфера обмена,Wklej współrzędne ze schowka,Koordináták beillesztése a vágólapról,Incolla le coordinate dagli appunti,Pegar coordenadas del portapapeles,Coller les coordonnées depuis le presse-papiers,從剪貼簿貼上座標,クリップボードから座標を貼り付け,Colar coordenadas da área de transferência,从剪贴板粘贴坐标,
STR_COT_TELEPORT_MODULE_PICK_EXISTING_CATEGORY_TOOLTIP,Pick an existing category,Pick an existing category,Vybrat existující kategorii,Eine bestehende Kategorie auswählen,Выбрать существующую категорию,Wybierz istniejącą kategorię,Válassz egy meglévő kategóriát,Scegli una categoria esistente,Elegir una categoría existente,Choisir une catégorie existante,選擇現有分類,既存のカテゴリーを選択,Escolher uma categoria existente,选择现有分类,
STR_COT_TELEPORT_MODULE_PICK_OR_NAME_CATEGORY,Pick or name a category,Pick or name a category,Vyberte nebo pojmenujte kategorii,Wähle eine Kategorie oder benenne eine neue,Выберите или назовите категорию,Wybierz lub nazwij kategorię,Válassz vagy nevezz el egy kategóriát,Scegli o assegna un nome a una categoria,Elige o nombra una categoría,Choisissez ou nommez une catégorie,選擇或命名分類,カテゴリーを選択するか、名前を付けてください,Escolha ou nomeie uma categoria,选择或命名分类,
STR_COT_TELEPORT_MODULE_PLAYERS_SUFFIX, Player(s), Player(s), hráč(ů), Spieler, игрок(ов), gracz(y), játékos, giocatore/i, jugador(es), joueur(s), 位玩家,人のプレイヤー, jogador(es), 位玩家,
STR_COT_TELEPORT_MODULE_REMOVED_LOCATION_PREFIX,Removed ,Removed ,Odstraněno ,Entfernt: ,Удалено ,Usunięto ,Eltávolítva: ,Rimosso ,Eliminado ,Supprimé ,已移除 ,削除した：,Removido ,已移除 ,
STR_COT_TELEPORT_MODULE_SAVE_HERE_TOOLTIP,Save current position as a location,Save current position as a location,Uložit aktuální pozici jako místo,Aktuelle Position als Ort speichern,Сохранить текущую позицию как местоположение,Zapisz bieżącą pozycję jako lokalizację,Az aktuális pozíció mentése helyként,Salva la posizione attuale come posizione,Guardar la posición actual como ubicación,Enregistrer la position actuelle comme emplacement,將目前位置儲存為地點,現在の位置を地点として保存,Salvar a posição atual como local,将当前位置保存为地点,
STR_COT_TELEPORT_MODULE_SAVE_LOCATION,Save Location,Save Location,Uložit místo,Ort speichern,Сохранить местоположение,Zapisz lokalizację,Hely mentése,Salva posizione,Guardar ubicación,Enregistrer l'emplacement,儲存地點,地点を保存,Salvar local,保存地点,
STR_COT_TELEPORT_MODULE_SHRINK_MAP_TOOLTIP,Shrink map,Shrink map,Zmenšit mapu,Karte verkleinern,Свернуть карту,Zmniejsz mapę,Térkép kicsinyítése,Riduci mappa,Reducir mapa,Réduire la carte,縮小地圖,地図を縮小,Reduzir mapa,缩小地图,
STR_COT_TELEPORT_MODULE_TELEPORTED_PREFIX,Teleported ,Teleported ,Teleportováno ,Teleportiert: ,Телепортировано ,Teleportowano ,Teleportálva: ,Teletrasportati ,Teletransportado(s) ,Téléporté(s) ,已傳送 ,テレポートしました：,Teletransportado(s) ,已传送 ,
STR_COT_TELEPORT_MODULE_TOGGLE_ALL,Toggle All,Toggle All,Přepnout vše,Alle umschalten,Переключить всё,Przełącz wszystko,Összes átkapcsolása,Attiva/disattiva tutto,Alternar todo,Tout basculer,全部切換,すべて切り替え,Alternar tudo,全部切换,
STR_COT_TELEPORT_MODULE_TOXIC_ZONE_MARKER,Toxic Zone,Toxic Zone,Toxická zóna,Giftzone,Токсичная зона,Strefa toksyczna,Mérgező zóna,Zona tossica,Zona tóxica,Zone toxique,毒霧區域,毒ガスゾーン,Zona tóxica,毒雾区域,
STR_COT_TELEPORT_MODULE_USE_MY_POSITION_TOOLTIP,Fill in my current position,Fill in my current position,Vyplnit mou aktuální pozici,Meine aktuelle Position eintragen,Заполнить моей текущей позицией,Wypełnij moją bieżącą pozycją,Az aktuális pozícióm kitöltése,Inserisci la mia posizione attuale,Rellenar con mi posición actual,Renseigner ma position actuelle,填入我目前的位置,自分の現在位置を入力,Preencher com minha posição atual,填入我当前的位置,
STR_COT_TELEPORT_MODULE_VEH_BIKES,Motorbikes,Motorbikes,Motorky,Motorräder,Мотоциклы,Motocykle,Motorok,Moto,Motos,Motos,機車,バイク,Motos,摩托车,
STR_COT_TELEPORT_MODULE_VEH_BOATS,Boats,Boats,Lodě,Boote,Лодки,Łodzie,Csónakok,Barche,Barcos,Bateaux,船隻,ボート,Barcos,船只,
STR_COT_TELEPORT_MODULE_VEH_CARS,Cars,Cars,Auta,Autos,Автомобили,Samochody,Autók,Auto,Coches,Voitures,汽車,車,Carros,汽车,
STR_COT_TELEPORT_MODULE_VEH_HELICOPTERS,Helicopters,Helicopters,Vrtulníky,Hubschrauber,Вертолёты,Helikoptery,Helikopterek,Elicotteri,Helicópteros,Hélicoptères,直升機,ヘリコプター,Helicópteros,直升机,
STR_COT_TELEPORT_MODULE_VEH_PLANES,Planes,Planes,Letadla,Flugzeuge,Самолёты,Samoloty,Repülőgépek,Aerei,Aviones,Avions,飛機,飛行機,Aviões,飞机,
STR_COT_TELEPORT_MODULE_YOUR_POSITION_IS,Your position is: ,Your position is: ,Vaše pozice je: ,Deine Position ist: ,Ваша позиция: ,Twoja pozycja to: ,A pozíciód: ,La tua posizione è: ,Tu posición es: ,Votre position est : ,您的位置是：,現在位置：,Sua posição é: ,您的位置是：,
